3884643
5451031
3234647
5653798
3005336
4672968
1975610
1772364
5396760
2477792
4108477
4198218
2667137
4367666
3341481
5209986
2595240
2030901
1850303
2088280
4505450
3533568
1212421
4709844
2736529
1951102
4123626
3838841
4389496
5356311
5541099
1735951
1200077
3426876
5224881
5905433
3218783
2843873
3116613
4710232
5609901
1403297
1384993
4665759
2687712
3265386
1192460
5719152
4619632
3022075
4161094
1264370
5759084
4433253
1011323
5639482
5971246
1419652
2002469
2544192
3230634
4618411
4372859
3423823
4841976
4515562
5807527
5027968
5973462
2275070
3133115
4981342
3857266
4088838
5182756
2007769
2298480
4577368
5457814
5932125
3040596
3569066
5239273
5014964
2165252
2166244
2362735
2392934
2505979
3001447
3523080
3574204
3889530
4590557
5480732
1078514
1149879
1403707
1702684
1706352
1758665
2119220
2349180
2461660
2621967
2727326
2981400
3464006
3484822
3597724
3674091
3820634
4516638
4585821
4622416
4738652
5047885
5258103
5466184
5644195
3007173
5583841
1088114
1115494
1175136
1178942
1221979
1226882
1328191
1369266
1433454
1459184
1513841
1550079
1608885
1624547
1976339
1983640
2069164
2082529
2098661
2133982
2141798
2200206
2370628
2453844
2508337
2638315
2658664
2700748
3023849
3094838
3193433
3272101
3322084
3503100
3656454
3716002
3798396
3850910
3859919
3890473
3912240
3937458
3945616
3951568
3955545
3971909
4080138
4110295
4115382
4121464
4125500
4226692
4226871
4422579
4484228
4537437
4569942
4600652
4684153
4709595
4856899
4915955
4918608
4945136
5024257
5071194
5085903
5211415
5290307
5382038
5408811
5419161
5487127
5539027
5557254
5609764
5667197
5834984
6004382
1249606
2507882
4538049
3070227
1814236
1008976
1012651
1018737
1040045
1045952
1049914
1051661
1065134
1076170
1087946
1105904
1106377
1200264
1207665
1223236
1235356
1246149
1255994
1257461
1273414
1286670
1286922
1290930
1324924
1337690
1350039
1352441
1367109
1377395
1391045
1406631
1432880
1460118
1471753
1476385
1478052
1486420
1492246
1493407
1498844
1501639
1520104
1543448
1546725
1558427
1558776
1563096
1620189
1624093
1632402
1639391
1650592
1656355
1672254
1682267
1698973
1716653
1735097
1738222
1740471
1762782
1773345
1778321
1810064
1841367
1902400
1903496
1903628
1917791
1919104
1954240
1962360
1975761
1977868
1990311
2003318
2013848
2029827
2030536
2069661
2074505
2107784
2152061
2161467
2165691
2184199
2187890
2202276
2236483
2266964
2339675
2362570
2374563
2392873
2396390
2397034
2408174
2410748
2425398
2434010
2475127
2477191
2501493
2510154
2559956
2572180
2573553
2581914
2590080
2594095
2604458
2687694
2694415
2731771
2759957
2780932
2827683
2936120
2938379
2975421
3001962
3005739
3015016
3025632
3030499
3041745
3063887
3104626
3132597
3204918
3221331
3222346
3234082
3254450
3284065
3328174
3330097
3352421
3360463
3366551
3369721
3386804
3419767
3439851
3452167
3490237
3556123
3568943
3579106
3580887
3606068
3663406
3673016
3702174
3804362
3809053
3824972
3864357
3869989
3874205
3891551
3911278
3920309
3970264
4008639
4031015
4039135
4065620
4090413
4158734
4177305
4193162
4211066
4218985
4238708
4253762
4282286
4283246
4303419
4311452
4319268
4328497
4341277
4357794
4423612
4423997
4445303
4462567
4497606
4518450
4530269
4577732
4584546
4594475
4616818
4631053
4632063
4633991
4655292
4709752
4733084
4737174
4758935
4763306
4778449
4778728
4783391
4800513
4803901
4811085
4820543
4823353
4834538
4842781
4844767
4851266
4862217
4985291
4996114
4997336
5044304
5045889
5053727
5090663
5099506
5101081
5102107
5104064
5118374
5135147
5198365
5210680
5215221
5225832
5294471
5323086
5332722
5390085
5413802
5438554
5452412
5457555
5482409
5536632
5548446
5568766
5686706
5718533
5748433
5763657
5781752
5783883
5792399
5833777
5856671
5872852
5911896
5952644
6008763
4223184
4810578
2369980
5013948
3099650
2100556
3303695
5981150
1295723
3903450
3243310
4103296
5010843
4584692
2087563
3061964
2087997
5780114
4874326
5091312
4760473
1552477
3593256
3717744
3182040
5448024
2488471
4980990
4063860
4903752
3478601
1774209
3005372
1002991
1010120
1014169
1016620
1017330
1020336
1021300
1023460
1023762
1031673
1033802
1034157
1058152
1059275
1067951
1087526
1088055
1090491
1092592
1097119
1105067
1108431
1110567
1115054
1115752
1120949
1123603
1126606
1127767
1129709
1129968
1131017
1139141
1140326
1147322
1149445
1151111
1155477
1156897
1159223
1160665
1163567
1163978
1170977
1171551
1176051
1183210
1187248
1189252
1190758
1193242
1196816
1207180
1208131
1212153
1212874
1214498
1216769
1218255
1218408
1220219
1222049
1224113
1231141
1231701
1234383
1239048
1241253
1248225
1256164
1259065
1259910
1262423
1263692
1270089
1271423
1272233
1273323
1275167
1275665
1288853
1293394
1293654
1295367
1296409
1309391
1313695
1314512
1322641
1335218
1346011
1346658
1356028
1366166
1371899
1378705
1385303
1385425
1385555
1392839
1393365
1394525
1394882
1395136
1401652
1405548
1410431
1411054
1415094
1416643
1424973
1432763
1434611
1437092
1439352
1441465
1449930
1450810
1451320
1451791
1451845
1455002
1457832
1459521
1463852
1465218
1470221
1472789
1474339
1474690
1478874
1483175
1483993
1485129
1490606
1493356
1503020
1505881
1519961
1523495
1525336
1528399
1528862
1529198
1530495
1532684
1540990
1542626
1544297
1544875
1547528
1548127
1551888
1552732
1559870
1560879
1562061
1567307
1567677
1576750
1581368
1582096
1582999
1587756
1588352
1590652
1606183
1610437
1614332
1617826
1618020
1627694
1629816
1631599
1637403
1638995
1642657
1654101
1654898
1659959
1660734
1660801
1668677
1670704
1684479
1687282
1700667
1702005
1702296
1707672
1707817
1709388
1723243
1727782
1729974
1730174
1735915
1736105
1736198
1740405
1748884
1752257
1753108
1756955
1758643
1767408
1772613
1777605
1781176
1783879
1787309
1788502
1789410
1795362
1797460
1798179
1803088
1803526
1804962
1807928
1810426
1822901
1829011
1837069
1838623
1853731
1856093
1864979
1867096
1869434
1869935
1875426
1876039
1884641
1886390
1890281
1893939
1898641
1899530
1904475
1905428
1924447
1926402
1931326
1934048
1935147
1937144
1944534
1949811
1953217
1953644
1954850
1955397
1960484
1985060
1985274
1985881
1992703
1993606
1995861
1998201
2000351
2003523
2007114
2012919
2018400
2023279
2026549
2028883
2036388
2038106
2048363
2052434
2053162
2053439
2057482
2068647
2070936
2072669
2075703
2083961
2092019
2097360
2098867
2102915
2109037
2140307
2144044
2153555
2184614
2186788
2197308
2206734
2208104
2212719
2220129
2221622
2239485
2248232
2266889
2270962
2271711
2272768
2275284
2276413
2276432
2280164
2292300
2300618
2306672
2316431
2319534
2324812
2341808
2342304
2352622
2357085
2363409
2368916
2372419
2372978
2377427
2378426
2379610
2387748
2390834
2395049
2398369
2400947
2401351
2402871
2409858
2418945
2421448
2430827
2434318
2435222
2442894
2444685
2452189
2463957
2467281
2469791
2487101
2493740
2494492
2513040
2524561
2525043
2527691
2532978
2540670
2543070
2543901
2545781
2549432
2551397
2551444
2557922
2559079
2563475
2565312
2566318
2573735
2576197
2577404
2586132
2591496
2601414
2602231
2603822
2604684
2606277
2611923
2613899
2619660
2619986
2623544
2625957
2632628
2637770
2651793
2671882
2673955
2681409
2686370
2689136
2704410
2716478
2716841
2724451
2726157
2730729
2731489
2732278
2737981
2738362
2738875
2742409
2743479
2748367
2752241
2752270
2760102
2766714
2767570
2769421
2772343
2785592
2787077
2798624
2808778
2814930
2826796
2832909
2835231
2839701
2842793
2853956
2857142
2863910
2864327
2865505
2873404
2876422
2893217
2895336
2896490
2904109
2916247
2917025
2918948
2935710
2936304
2941724
2945560
2950776
2964015
2971088
2978709
2986710
2987849
2994364
2999574
3004798
3006857
3019315
3029205
3037410
3038652
3040613
3044247
3065868
3069479
3075711
3079454
3079620
3097124
3103378
3119358
3126706
3137290
3141657
3147298
3149677
3154690
3157322
3169771
3181433
3189353
3195997
3199350
3200718
3201041
3201666
3204001
3205151
3212165
3221713
3223619
3237595
3238270
3244570
3244746
3260051
3264891
3272805
3275500
3276111
3279939
3286688
3287316
3293776
3322273
3323320
3326407
3332907
3335214
3336436
3340309
3344054
3348533
3355652
3359375
3361829
3373091
3385544
3402062
3406332
3406446
3412380
3419323
3432074
3434060
3441242
3443701
3445266
3450758
3458292
3463290
3471561
3472473
3474527
3477575
3480117
3498404
3512232
3518603
3536178
3541144
3543788
3550525
3551802
3554482
3557332
3559391
3562530
3565437
3573437
3573505
3577276
3582247
3586346
3589195
3590905
3592785
3592956
3597645
3627298
3627954
3640543
3646324
3648317
3649780
3653093
3664936
3667595
3679461
3680805
3683685
3684026
3686139
3687808
3692709
3693322
3694217
3705284
3708393
3710289
3712851
3718975
3719306
3729432
3747996
3751596
3757832
3793356
3795275
3810138
3812013
3813178
3823137
3827451
3831315
3841004
3849066
3871858
3874356
3879869
3883010
3883707
3888696
3901416
3903611
3907502
3908064
3909433
3914668
3915039
3917897
3926514
3928854
3931666
3938362
3940713
3944216
3946445
3969660
3983332
3995468
3996502
4008535
4014692
4028248
4033425
4034060
4034440
4035449
4037510
4044221
4054096
4056558
4065446
4066796
4068400
4068493
4077111
4080841
4082080
4083229
4088090
4089006
4103311
4103397
4117935
4139280
4144832
4146351
4157218
4157426
4164791
4171496
4177495
4185419
4214562
4216007
4216185
4218700
4225686
4234993
4235509
4252457
4254415
4264252
4268353
4270022
4270625
4272630
4276288
4282816
4282946
4293601
4294190
4296445
4299337
4323299
4327228
4332183
4351706
4369987
4372167
4376802
4377017
4379914
4398205
4399697
4406762
4411263
4427155
4434258
4435699
4448857
4452651
4453226
4454616
4456469
4466694
4467003
4469793
4472177
4481190
4482477
4487792
4502703
4516776
4524277
4525068
4525503
4531506
4538008
4539224
4557497
4564185
4564278
4572191
4577697
4586098
4586135
4594401
4598460
4603246
4609032
4613485
4613755
4616403
4625959
4631630
4635314
4654476
4657732
4661822
4662073
4664132
4664249
4664737
4670910
4674139
4675430
4677796
4681765
4685756
4686607
4687749
4702606
4702886
4710453
4724485
4743622
4751520
4752051
4759406
4763377
4769852
4770497
4773172
4783018
4783630
4804769
4805950
4811062
4829933
4832615
4834154
4838554
4842010
4846470
4847708
4849546
4849847
4859879
4861077
4862667
4878792
4898821
4899074
4902647
4908749
4913514
4917893
4933491
4937685
4938083
4944098
4957600
4959131
4967619
4994058
5001737
5010583
5010821
5014439
5031120
5032945
5035082
5037959
5054131
5058867
5074334
5074497
5082555
5086313
5086326
5100211
5100745
5108938
5121786
5130338
5138622
5141596
5144030
5151184
5156452
5198089
5210585
5217439
5220879
5234269
5234856
5245088
5277053
5292573
5298451
5301883
5303398
5320620
5330432
5335395
5335933
5347527
5348335
5352784
5361713
5384504
5398479
5400160
5406421
5410859
5417426
5420219
5421887
5424294
5426012
5450117
5456734
5457391
5461259
5468093
5485401
5486393
5489531
5493761
5498145
5503379
5524415
5527576
5530591
5541883
5545397
5552976
5560026
5564812
5565145
5565806
5573223
5578872
5594127
5603587
5604283
5607896
5618573
5626806
5627965
5629521
5635657
5638435
5640497
5641310
5658102
5663885
5666724
5682125
5687238
5688136
5693564
5695544
5696620
5698158
5705690
5728144
5730760
5743627
5755026
5755373
5757092
5770287
5806352
5807838
5829704
5832433
5832565
5835585
5841891
5844282
5852913
5882817
5892462
5892598
5895832
5895992
5897251
5936981
5953900
5959489
5961257
5970832
5974907
5978040
5978587
5983838
5986096
5992376
5993106
6008164
6010963
6012333
6012769
6020914
6024047
3888629
4087572
2913024
1318609
2214515
3194393
5363676
2266905
5024018
2532259
2162186
4601562
2216681
5003623
3904983
3754612
1797650
5334875
3610549
4484131
5744632
2120512
4279121
2096890
4306121
5366997
1491843
4175958
4680369
4142876
1123539
1858274
3226189
1121617
3866314
2056649
5248900
1570219
3682287
5130317
1197902
4732675
1154022
1047418
4941856
4134389
2983212
1081480
2730900
5401250
5363462
3694722
3709492
4902804
4280564
5217566
4095655
4418972
2541841
1809545
1522993
1282917
1090094
1934787
3332792
1757789
1085793
2359300
4678157
5498548
1175220
3527287
5710623
2150481
3110938
1442004
4148462
3920695
3467775
2376666
2984032
4327219
4147862
4003803
4005300
3663162
2811015
1092953
5419454
4712604
5529387
4297854
4849175
2140522
2780615
3953691
2352131
3014671
2785550
5971492
1551493
1019667
2110066
1424431
1868767
4965324
1483497
1002751
1003527
1006181
1007396
1008750
1009588
1012720
1012821
1014218
1014432
1014714
1017263
1018522
1020976
1021445
1022121
1022238
1022242
1022305
1027972
1029438
1030805
1034184
1034937
1035392
1038198
1039612
1039664
1041761
1042460
1042938
1043735
1044733
1046782
1046884
1048189
1049430
1049516
1053032
1053075
1054109
1055997
1056208
1056497
1057063
1057582
1057933
1058980
1060140
1061887
1062094
1062435
1063078
1063899
1064460
1065303
1065438
1065843
1069477
1069758
1071924
1074060
1075466
1075531
1076439
1076889
1079525
1081110
1083125
1083478
1083576
1085245
1085252
1085592
1087884
1088553
1089522
1090073
1090997
1091820
1092412
1093873
1095114
1095457
1096689
1098893
1099286
1107300
1107766
1108495
1108644
1109483
1110637
1111277
1113145
1113615
1114289
1115693
1121164
1121776
1124092
1124490
1125117
1127104
1127697
1128417
1128489
1129056
1129127
1129797
1132469
1132698
1133022
1133617
1134833
1136237
1137613
1140757
1142962
1146531
1146950
1148825
1150204
1151831
1152518
1155406
1156514
1157519
1159107
1162331
1162861
1163389
1163696
1164646
1164793
1164824
1164848
1164897
1166626
1167262
1169853
1169972
1171076
1171222
1176344
1180564
1182374
1183732
1184027
1184446
1184955
1185273
1185805
1188383
1188602
1189962
1190007
1190964
1191179
1192144
1192569
1192770
1193036
1193440
1193457
1195426
1195589
1196043
1196065
1196903
1197166
1200476
1200782
1200879
1201870
1205035
1206406
1209981
1210522
1210535
1210847
1211630
1214929
1216217
1216881
1218147
1220102
1221559
1222534
1223087
1223396
1224455
1224770
1226110
1228696
1229964
1231488
1235050
1235708
1236422
1237447
1239495
1241919
1243446
1244019
1244732
1245195
1245459
1246201
1246213
1246931
1246940
1247361
1249554
1249770
1249917
1250896
1253033
1253792
1253815
1256867
1259356
1259879
1260413
1261868
1262890
1264159
1264540
1264914
1265856
1268803
1269536
1271644
1273210
1273465
1273861
1274784
1274829
1275023
1275510
1278668
1278894
1279290
1282132
1282961
1284474
1286445
1286580
1288015
1288292
1289186
1289502
1290024
1292103
1296989
1297744
1298231
1300270
1307924
1307983
1309892
1310740
1312514
1313103
1314166
1314571
1314869
1315238
1315289
1315305
1316112
1317400
1318045
1319361
1320711
1321863
1321930
1322604
1324478
1328146
1329539
1330034
1331099
1331646
1333139
1333746
1333915
1334649
1334651
1337462
1338410
1338659
1338686
1339473
1341967
1342726
1344067
1344691
1344855
1347086
1348337
1348415
1348449
1349487
1349528
1351277
1351818
1352835
1353231
1354072
1355719
1356118
1356465
1358099
1360913
1364302
1364573
1366042
1366350
1367389
1369569
1370495
1371164
1371236
1372616
1372851
1373157
1374050
1374751
1375620
1379089
1379711
1381571
1382647
1382716
1384859
1385257
1385524
1386324
1386792
1387274
1388148
1389076
1390482
1391964
1395389
1400276
1400669
1405279
1405747
1405999
1407009
1408816
1410009
1410680
1411046
1411260
1417081
1418223
1418284
1420077
1422822
1422931
1423387
1424613
1425763
1426775
1427460
1427956
1428075
1429602
1431827
1436025
1436564
1441019
1441582
1442354
1442378
1443151
1446647
1447281
1448208
1449024
1450968
1451431
1452868
1453551
1453800
1455334
1455859
1457385
1457523
1460034
1460395
1463371
1463398
1463828
1465135
1465788
1468027
1469600
1469693
1470896
1471215
1471938
1471942
1474634
1474984
1475658
1477548
1477649
1479490
1480012
1480047
1481286
1482541
1482982
1484595
1485856
1486918
1487313
1487422
1487605
1489202
1489673
1490023
1490215
1492007
1492825
1492986
1493567
1494157
1494349
1495462
1495709
1497324
1499193
1499960
1501273
1501424
1501483
1502382
1503262
1505359
1505529
1506164
1508235
1508287
1510673
1510892
1513051
1513757
1516151
1518114
1518143
1518398
1519016
1519230
1521738
1524216
1527984
1528955
1529790
1530055
1530238
1530966
1531198
1532792
1533592
1534259
1534935
1537170
1538456
1538705
1539089
1539835
1541356
1542238
1542949
1543208
1543363
1543409
1543591
1543614
1543812
1545278
1545726
1546219
1546700
1546897
1547853
1548547
1549202
1549216
1549295
1550820
1551682
1552153
1553501
1554848
1555201
1555681
1556261
1558451
1559073
1560092
1564613
1566153
1566196
1567334
1568184
1569623
1571676
1571995
1572896
1572960
1575798
1575958
1578148
1578183
1578991
1579713
1580540
1586563
1592220
1592802
1593141
1593384
1593655
1593732
1595864
1596354
1604712
1604821
1605401
1607089
1608193
1611537
1611626
1612481
1612831
1613609
1613683
1613842
1616018
1617133
1617408
1618990
1620161
1622962
1623372
1623894
1624089
1624339
1627096
1627583
1629338
1631155
1631407
1631501
1633591
1633643
1634159
1634502
1637117
1637552
1637659
1638681
1640722
1641752
1643937
1645189
1645265
1650032
1651343
1652870
1653568
1655400
1655456
1655597
1655877
1656241
1656467
1658696
1661838
1661959
1661964
1662322
1662747
1663074
1663878
1665715
1667228
1671583
1672767
1672800
1674793
1675810
1676188
1680532
1682663
1683764
1684626
1685763
1686530
1686611
1686713
1687079
1687409
1689397
1690932
1691348
1691602
1693073
1694800
1695550
1696127
1696201
1696736
1697629
1698518
1699167
1700479
1700951
1704490
1704782
1705478
1706376
1708806
1710933
1711774
1715525
1718491
1718647
1721981
1723909
1726586
1727155
1729158
1730671
1733432
1736362
1737346
1737425
1740195
1740498
1740646
1742478
1743010
1743211
1743415
1744621
1747333
1747994
1748696
1750078
1750091
1750198
1751118
1752119
1753709
1755513
1756731
1760000
1760299
1761256
1762197
1762685
1762715
1762910
1764528
1765023
1765436
1766555
1767473
1768218
1769996
1770146
1770401
1772423
1772537
1773569
1774790
1776565
1777422
1778755
1778979
1780132
1780833
1780925
1781673
1784687
1786632
1787952
1788304
1788482
1789015
1791702
1792512
1796799
1798700
1799005
1804207
1805887
1810413
1810475
1810593
1813898
1814171
1815912
1816184
1817909
1819295
1819764
1822806
1822865
1823280
1827506
1828068
1828084
1829710
1830628
1830645
1830902
1831966
1834403
1835974
1836378
1836999
1837255
1837297
1838945
1839953
1842093
1842645
1843284
1844710
1844754
1846530
1847497
1848058
1852105
1853403
1854775
1861569
1862168
1863348
1863475
1863623
1865177
1865479
1866482
1868368
1869816
1870655
1871140
1872820
1872859
1872989
1875146
1875668
1876513
1877299
1877462
1878862
1879617
1880834
1882851
1883067
1883195
1886095
1888310
1889797
1889931
1891074
1892265
1892702
1893022
1893719
1895018
1895425
1896827
1897114
1897930
1899019
1904623
1905895
1906702
1906896
1907420
1910855
1912367
1912795
1913329
1913415
1913617
1914158
1915041
1917024
1918361
1918935
1919170
1919406
1919414
1919421
1921425
1922450
1923816
1924691
1925017
1926333
1926881
1929435
1930730
1932940
1933877
1935297
1936624
1937040
1940201
1940377
1940797
1941359
1943090
1943573
1944576
1945079
1946163
1947557
1948253
1948324
1948714
1949308
1949486
1950947
1953541
1954119
1954733
1955122
1957736
1959449
1960097
1960364
1962033
1964361
1964490
1965469
1965837
1966864
1967210
1967683
1967889
1969681
1970163
1970764
1970892
1971059
1972337
1973358
1975080
1975514
1976182
1977727
1978333
1983679
1986297
1987335
1988732
1990135
1990229
1994752
1995439
1995530
1996290
1996678
1997664
2001226
2005843
2005888
2006695
2006945
2007746
2008868
2010114
2011318
2012792
2013179
2013327
2015301
2015784
2016376
2017817
2018798
2019061
2020393
2023786
2025370
2025826
2027503
2029500
2033664
2034611
2035811
2036166
2036968
2038601
2039650
2041254
2042649
2043748
2048016
2048334
2048578
2049675
2051973
2053331
2054960
2055989
2056053
2057035
2057728
2060316
2060488
2061219
2063083
2064975
2065631
2070265
2071079
2071113
2071729
2072290
2073355
2073556
2074108
2076427
2076502
2076661
2080739
2081050
2082479
2084939
2085222
2085566
2085660
2086447
2092660
2094937
2095846
2095957
2097064
2097640
2097679
2098950
2099795
2100919
2101954
2102139
2103227
2103460
2110519
2110612
2119715
2120115
2123185
2128695
2128765
2129351
2129669
2134850
2135270
2135397
2135792
2136428
2136637
2136969
2138008
2139568
2139707
2140040
2141257
2142203
2143389
2143599
2145846
2146293
2146601
2148921
2152645
2154890
2155557
2156153
2156196
2158635
2161146
2163478
2163795
2163818
2164076
2164357
2164515
2167910
2169692
2170537
2171568
2171707
2172808
2176144
2180026
2181979
2184917
2187644
2188618
2189655
2189838
2191439
2194383
2194945
2197836
2200804
2201737
2202315
2203668
2204392
2204916
2208118
2208443
2208732
2209696
2209749
2211963
2212494
2214971
2215179
2217407
2217641
2218791
2220636
2221234
2223150
2224145
2225714
2226300
2227314
2227676
2228030
2228125
2228576
2230479
2230881
2231430
2231719
2232020
2232743
2234050
2234233
2235983
2236812
2237210
2237713
2239173
2239213
2239453
2239571
2239690
2241969
2242852
2243650
2243692
2243741
2244003
2245045
2246420
2248755
2249346
2251085
2251442
2251958
2252744
2253160
2253271
2253490
2253670
2254742
2256048
2257086
2257542
2258304
2263041
2263303
2263806
2263913
2265790
2266137
2268195
2269792
2270349
2270366
2270646
2271533
2273776
2274158
2274718
2275322
2275705
2278696
2279323
2283869
2284458
2284542
2284631
2285300
2285325
2288785
2288917
2289097
2291658
2294757
2295328
2296134
2297776
2297914
2298873
2300978
2301174
2303771
2306185
2309542
2309602
2309866
2310455
2311107
2314521
2317714
2320327
2322469
2324409
2327024
2327293
2332999
2335393
2337281
2338535
2338587
2340128
2340548
2340821
2341976
2343948
2346645
2347043
2349208
2349737
2349989
2350250
2350534
2351101
2354957
2356752
2358683
2359160
2361212
2361708
2363390
2365527
2366263
2367265
2373566
2374015
2374193
2375796
2376378
2376630
2378401
2378743
2380063
2380384
2382251
2383256
2386708
2390613
2392815
2393918
2394172
2396503
2404062
2404608
2404705
2406356
2407365
2407957
2408193
2410453
2412567
2416134
2416145
2417159
2418808
2419654
2420534
2420552
2422809
2424074
2424089
2424645
2425139
2425431
2425680
2429641
2430815
2431910
2433345
2434880
2435701
2437837
2440242
2441858
2441988
2442593
2443373
2444580
2445698
2446227
2446294
2446546
2448041
2448223
2448456
2449000
2449512
2449887
2450123
2451470
2452534
2452955
2455461
2456262
2457613
2458338
2458708
2463772
2464270
2467669
2468144
2469927
2470126
2471176
2471555
2472959
2474700
2477517
2479288
2481909
2482931
2482957
2483666
2484562
2487704
2487741
2488588
2489285
2491005
2492752
2495550
2496619
2497604
2498570
2498601
2498982
2499376
2499381
2501843
2502185
2503653
2503662
2504433
2506009
2506139
2506778
2507981
2508540
2510517
2512828
2514186
2515933
2516809
2517008
2518512
2518916
2519666
2519806
2521488
2521775
2522231
2523350
2525969
2525987
2533076
2533660
2535569
2537164
2537880
2538525
2540356
2540685
2540987
2542690
2544828
2545880
2547376
2547729
2548058
2551187
2551739
2552494
2554357
2555550
2556130
2557197
2557259
2558256
2558710
2559002
2559084
2560066
2560189
2560581
2563178
2563679
2566540
2566674
2566858
2566943
2568515
2568861
2569317
2570624
2571102
2572040
2574694
2575743
2576298
2576407
2577979
2578612
2578723
2579880
2579914
2581396
2583131
2585454
2585698
2586729
2587203
2587947
2589339
2589586
2591736
2594068
2594294
2595944
2596033
2599287
2599655
2600466
2600781
2601129
2605567
2605730
2608621
2610918
2612507
2613385
2613674
2613790
2613950
2617011
2617060
2617143
2623271
2626973
2627602
2627882
2630264
2631051
2632201
2632520
2633176
2633913
2639005
2641468
2641787
2641982
2644221
2644647
2646145
2646489
2647899
2648241
2648873
2649412
2652251
2654387
2654865
2654892
2656884
2658027
2661164
2662808
2664197
2664389
2665073
2666294
2667732
2668720
2671894
2673189
2673292
2673853
2674573
2675207
2675539
2675635
2675793
2675848
2676042
2680277
2680818
2680972
2682725
2684619
2686022
2692982
2693898
2694516
2696276
2696669
2697049
2697779
2700520
2702155
2705688
2706694
2706764
2709013
2709756
2709996
2711959
2713810
2714706
2717349
2720882
2724844
2725081
2727051
2727142
2727862
2728321
2728496
2728628
2729268
2729400
2730363
2730974
2731536
2732118
2733124
2736504
2740443
2741738
2742208
2744107
2744335
2745135
2745309
2746604
2747042
2747226
2749867
2750242
2750863
2751069
2751693
2752739
2752976
2753228
2753366
2755862
2756805
2759108
2760872
2761755
2763010
2763022
2763133
2764688
2772130
2776893
2777158
2777409
2778700
2778809
2778941
2781154
2783288
2784856
2786559
2786711
2787532
2788359
2789460
2796010
2796022
2796813
2797474
2797583
2800511
2801071
2801640
2801721
2802689
2803008
2804726
2806404
2806724
2807868
2807969
2810039
2814188
2814703
2818872
2818929
2820165
2820398
2820423
2821988
2823897
2824816
2825117
2825265
2826167
2827611
2827701
2829038
2830996
2831846
2833776
2834334
2836253
2838662
2839028
2842717
2845834
2850020
2850270
2850372
2851259
2854297
2855034
2855287
2855767
2856032
2857380
2859733
2860578
2862269
2864067
2864742
2867253
2870826
2871170
2871905
2880505
2881402
2881915
2883655
2884292
2884344
2886597
2887112
2890713
2892864
2894548
2895963
2898422
2899159
2902187
2903824
2904513
2906859
2906993
2908888
2911691
2914821
2914975
2915324
2919248
2922880
2926365
2926681
2929363
2932219
2932897
2933640
2934505
2935333
2935973
2936353
2938443
2940521
2941681
2950353
2950728
2951465
2958101
2959927
2960275
2961143
2962393
2965227
2965497
2966843
2968218
2969263
2971300
2974595
2974734
2977870
2980796
2981651
2982028
2982254
2982368
2984252
2987990
2989066
2990006
2990389
2991138
2991410
2991829
2992979
3005593
3005668
3009939
3010645
3011143
3011819
3014997
3016597
3017362
3018894
3018976
3020239
3021158
3022539
3025735
3031629
3031637
3031884
3032570
3032754
3033319
3034396
3035566
3036394
3037015
3037422
3037784
3039070
3039712
3041408
3042413
3042695
3043929
3044342
3045478
3047104
3052288
3053069
3053728
3055062
3056005
3060069
3063244
3064721
3065730
3067394
3067654
3068546
3070510
3071967
3072492
3073895
3075213
3075533
3076072
3077154
3079469
3081221
3081277
3081435
3083456
3084819
3085164
3085502
3087993
3088075
3088263
3088405
3090216
3092875
3095855
3097463
3097599
3098626
3099688
3101698
3102343
3103705
3105341
3105427
3106971
3107167
3107352
3107938
3108281
3112780
3113148
3115902
3116537
3117668
3117739
3118054
3118776
3122094
3123236
3123396
3131477
3134110
3138569
3139585
3141397
3142186
3143138
3144340
3145102
3148468
3155165
3155626
3156914
3165395
3166252
3166412
3167138
3167301
3171807
3172840
3173254
3173648
3174837
3175266
3180007
3181550
3182273
3183675
3189069
3194604
3195094
3195885
3196942
3200483
3202767
3204514
3204603
3205056
3205652
3206431
3207064
3207963
3209454
3209659
3210355
3211490
3211730
3211987
3214147
3214502
3214693
3215129
3216252
3216506
3217659
3220396
3221203
3221323
3222004
3223166
3226206
3226344
3226534
3228993
3230663
3231150
3231845
3232233
3232922
3234716
3234924
3236303
3238218
3238253
3239486
3240092
3241435
3242559
3243004
3245719
3245906
3246726
3247546
3249894
3250053
3252415
3255001
3257575
3261535
3262700
3263122
3263623
3263631
3264628
3265312
3272785
3273305
3274649
3275122
3278837
3278841
3279304
3280200
3288630
3288877
3291321
3292100
3295354
3295560
3295932
3296169
3296444
3298160
3298463
3299527
3302937
3303178
3303934
3304437
3304887
3304957
3310926
3311178
3315904
3321234
3321550
3322510
3323468
3325012
3325616
3326641
3327377
3327462
3327619
3329523
3330596
3331600
3334374
3334868
3336352
3336989
3338926
3342881
3348760
3351474
3354140
3356106
3356192
3356828
3363682
3366697
3370219
3370281
3370654
3370789
3375387
3375720
3377011
3378183
3378490
3379291
3379701
3381007
3385389
3386100
3386301
3388208
3389312
3391217
3392868
3397112
3398976
3399058
3399588
3406138
3408833
3411127
3411846
3412027
3412487
3412924
3415037
3415062
3419508
3421980
3426819
3427241
3430148
3433354
3434165
3435790
3436357
3437917
3438405
3440042
3441537
3442599
3442868
3446651
3447396
3448792
3448894
3453966
3454456
3455668
3456109
3456991
3458659
3460225
3462882
3464271
3465784
3467660
3468456
3469115
3469388
3475603
3476418
3476429
3477407
3477653
3478994
3480487
3481023
3482276
3483086
3483976
3485791
3486875
3487572
3488624
3490146
3490777
3490945
3493554
3496970
3498365
3498772
3499850
3500630
3505116
3506891
3507567
3511545
3520994
3521557
3523459
3523761
3525491
3525960
3527527
3528134
3529453
3529628
3530140
3531803
3531878
3533826
3535932
3537845
3539153
3545778
3546159
3546171
3549987
3550047
3551247
3552009
3552060
3553578
3555076
3555817
3560307
3560665
3560989
3561958
3562697
3564184
3564848
3565748
3566333
3569288
3570430
3570600
3571246
3571492
3573130
3575065
3576837
3583118
3584142
3584403
3584410
3584862
3591929
3593036
3593495
3597042
3600994
3605082
3607104
3608369
3609931
3610683
3611565
3613658
3613754
3616389
3616445
3618399
3623265
3623375
3624767
3626512
3627935
3628658
3629199
3630534
3634056
3634755
3638395
3639773
3640996
3641182
3641940
3644812
3645944
3646432
3647484
3647553
3648356
3652682
3653505
3654475
3658606
3659386
3661667
3662685
3663323
3664332
3667159
3668444
3680363
3682758
3684464
3684774
3684860
3685711
3685846
3688105
3688776
3690580
3692350
3694416
3694881
3694982
3698774
3699285
3701803
3702478
3705223
3708599
3709384
3710177
3712542
3712706
3712952
3714476
3720077
3720172
3720259
3722547
3722968
3724735
3724852
3727294
3733193
3736267
3736388
3736916
3737580
3738371
3738834
3739057
3739805
3744426
3744623
3744976
3745014
3747603
3749055
3749188
3749819
3750547
3753986
3756493
3758593
3760129
3760889
3765064
3765919
3768633
3768972
3771079
3771606
3772245
3773561
3773743
3777417
3782966
3785045
3785611
3787818
3788017
3791649
3791694
3792450
3797426
3797952
3800928
3801857
3808377
3808392
3810620
3811334
3812184
3815402
3815632
3815680
3816329
3817029
3821596
3822111
3828907
3833431
3834901
3835827
3837968
3839906
3842856
3843730
3844219
3844962
3845267
3846347
3846845
3847103
3847110
3847743
3848473
3849972
3850111
3851647
3851779
3852760
3852931
3853202
3854188
3859640
3860387
3863671
3865168
3866182
3866299
3867160
3869031
3869158
3869820
3871078
3873506
3875100
3875161
3876692
3878257
3878284
3880405
3883318
3886122
3886882
3887949
3889713
3896534
3897622
3898175
3899200
3900388
3900453
3900979
3901735
3901951
3903081
3903683
3906733
3907171
3909464
3909577
3910719
3913441
3913891
3914561
3918510
3919495
3919626
3921575
3921599
3923785
3924010
3928149
3928559
3929378
3933021
3933092
3937146
3937907
3940450
3941140
3944096
3946641
3949832
3950320
3957185
3959089
3960471
3962015
3964737
3965999
3970155
3972564
3973041
3974504
3974644
3982950
3984959
3986201
3988626
4000977
4003038
4005039
4006265
4007168
4008381
4008569
4011130
4011607
4013707
4019744
4024032
4025690
4028473
4028977
4033284
4033583
4033597
4036825
4037294
4039253
4040000
4041416
4044066
4044189
4045812
4046673
4046932
4053121
4053192
4053457
4054202
4057854
4063774
4064338
4064749
4066249
4067129
4069275
4070651
4070764
4072516
4072693
4073125
4074959
4079554
4082860
4082985
4086337
4088269
4091428
4096622
4099107
4103229
4107037
4107850
4108185
4110901
4113288
4115195
4116984
4118200
4119334
4119591
4120450
4122079
4127979
4128491
4132413
4133263
4134092
4135862
4136113
4139093
4139869
4140827
4142256
4143900
4151223
4152291
4152611
4152838
4155151
4157467
4157695
4159768
4164060
4164504
4167251
4169311
4170349
4170897
4172507
4173069
4173120
4174199
4174639
4174961
4175712
4176475
4177876
4179034
4181384
4182877
4185946
4187464
4189256
4190226
4193104
4197224
4200176
4201602
4205080
4206388
4208632
4210109
4211552
4211795
4213284
4213630
4221943
4223308
4223962
4231418
4232528
4238773
4238782
4242102
4243538
4245658
4247029
4248861
4250777
4253483
4255118
4255530
4259666
4260900
4265267
4265343
4266238
4273533
4275043
4276997
4280931
4280940
4281908
4284955
4287473
4292249
4295593
4296730
4297869
4299370
4299977
4300729
4303840
4304521
4304725
4305232
4306863
4307122
4309768
4315331
4317955
4318736
4319999
4322720
4324229
4328328
4328591
4328643
4330979
4333775
4339811
4341862
4345656
4347871
4354406
4357558
4357935
4363241
4363721
4367223
4368269
4369407
4369452
4370861
4372993
4373541
4378100
4379091
4380746
4381790
4384148
4385955
4387278
4389533
4395004
4395053
4396311
4397722
4397769
4399573
4400915
4403168
4403717
4406040
4410153
4412643
4415426
4416802
4418507
4421743
4422523
4430403
4432433
4433169
4435305
4436707
4440836
4441663
4443396
4451648
4452378
4453280
4453846
4458068
4458643
4462629
4462823
4467255
4467494
4468397
4471109
4472930
4474370
4476809
4479901
4481107
4481163
4482118
4483463
4484700
4485404
4486949
4488617
4493202
4496986
4498330
4498897
4499012
4500467
4501730
4503925
4504224
4504728
4505889
4506168
4510094
4512234
4513383
4518636
4518959
4523732
4526975
4527147
4527992
4533097
4535444
4535499
4540503
4543452
4546347
4549779
4551936
4552810
4553666
4554791
4557643
4559086
4559178
4561285
4562159
4562248
4564767
4564874
4564998
4565382
4565789
4568468
4568778
4568852
4569770
4569820
4575250
4589488
4592041
4592176
4595155
4596779
4597026
4597184
4598158
4601479
4607159
4607813
4612378
4614237
4619644
4621220
4625104
4626486
4626588
4629806
4633088
4635093
4638318
4644335
4644786
4645990
4646039
4646751
4647089
4651449
4653848
4654513
4654708
4655620
4659628
4670696
4673018
4674881
4675531
4677411
4677665
4680231
4682568
4691898
4692588
4695703
4696844
4698129
4698998
4699160
4701996
4702770
4703982
4705426
4706286
4707038
4707280
4709719
4714138
4715079
4715132
4724056
4735672
4739888
4743001
4743349
4744868
4745454
4750168
4754925
4756059
4758233
4762474
4763547
4768180
4769479
4770587
4771257
4771354
4773065
4777849
4784200
4785502
4785965
4788447
4788543
4790759
4794515
4801924
4802267
4804658
4804778
4805112
4809542
4816048
4817229
4817309
4817623
4824230
4824569
4825461
4825651
4829323
4830689
4833437
4838436
4838833
4839114
4842297
4843960
4844477
4846130
4848644
4852290
4857877
4858817
4860169
4860981
4864595
4867768
4868711
4869958
4870676
4872991
4873162
4873203
4874243
4877091
4877734
4879075
4882460
4883238
4885059
4885990
4889069
4891010
4892169
4893168
4893290
4901151
4901173
4901280
4902605
4903385
4905649
4912777
4913116
4914481
4916886
4918493
4919258
4919571
4920954
4926323
4929154
4930555
4930999
4931110
4932707
4933073
4938699
4941357
4944788
4945715
4946051
4946189
4946545
4947756
4947848
4948199
4948591
4951036
4958849
4962718
4964096
4965270
4965721
4966685
4966879
4969451
4971273
4971497
4973561
4979969
4980739
4983436
4988244
4990436
4992998
4993389
4995149
4995306
4997098
5000292
5008573
5010555
5012557
5013818
5016267
5019805
5020800
5022900
5024720
5027089
5030562
5030710
5031318
5031790
5031914
5034155
5035768
5037636
5037933
5038096
5038378
5039321
5041501
5043587
5044260
5044430
5045660
5046471
5046646
5048404
5050040
5050483
5050770
5053463
5055244
5057952
5058642
5060043
5060946
5064908
5071564
5079028
5081660
5084919
5086841
5089735
5092794
5095363
5099080
5105802
5105903
5111166
5111995
5116047
5120031
5120497
5124539
5125437
5125607
5126562
5127355
5128329
5128965
5132000
5132931
5133630
5134165
5134274
5135858
5136384
5143971
5144924
5145704
5148401
5149855
5151738
5160139
5161557
5162963
5163179
5164407
5164840
5167331
5167959
5168493
5170145
5170509
5171154
5171355
5173924
5178192
5181167
5188998
5191111
5195775
5196001
5197344
5200315
5205295
5207055
5208197
5211867
5212739
5213700
5214325
5214532
5216812
5220730
5222093
5226269
5226508
5227737
5232248
5235742
5236736
5241421
5244397
5248230
5248328
5249192
5249834
5251675
5253316
5255497
5258561
5259207
5260889
5266653
5268094
5269329
5272394
5272953
5274025
5275553
5278118
5279109
5279969
5284584
5285998
5290546
5292477
5293481
5295803
5295878
5296305
5297467
5300368
5301603
5302249
5302334
5303256
5304176
5307652
5309502
5309752
5310108
5310339
5310564
5312338
5318122
5319793
5320612
5325402
5326674
5329910
5329969
5330401
5330907
5331325
5332256
5336351
5341689
5342517
5344325
5354864
5356059
5356976
5361624
5365782
5367080
5381698
5385370
5385531
5388592
5394611
5397111
5398680
5399132
5405466
5410472
5410554
5413823
5414654
5424031
5428670
5432181
5432223
5433000
5433772
5434827
5434873
5438132
5440493
5440682
5441444
5441934
5443853
5444421
5452486
5454462
5454984
5458838
5459653
5461884
5462845
5471845
5473269
5476630
5477638
5479001
5480129
5482805
5482917
5484335
5485426
5497611
5506630
5509550
5512850
5514296
5514616
5514976
5515751
5525028
5527605
5531572
5532998
5533124
5535093
5535485
5535736
5536675
5538801
5539125
5541700
5541761
5543320
5544597
5547709
5549362
5551105
5551337
5551568
5552154
5554006
5554544
5556411
5565041
5565877
5566882
5567024
5570434
5571620
5572173
5573456
5577886
5579270
5581270
5583015
5587109
5587946
5591409
5598551
5599039
5601183
5601526
5605648
5607487
5607647
5607698
5609134
5614299
5614803
5616600
5619662
5619857
5621097
5622580
5623287
5624344
5624563
5629330
5631836
5632057
5633562
5637586
5638633
5638716
5641163
5644577
5651082
5651375
5652995
5653354
5655707
5655752
5656185
5656701
5657643
5659071
5659743
5664007
5665131
5668097
5669753
5671494
5672990
5686270
5688730
5690171
5690875
5692877
5693173
5693755
5703544
5703696
5704420
5705931
5707237
5711092
5714341
5715697
5716157
5717221
5722747
5726221
5728282
5728643
5729819
5735424
5736649
5739433
5741051
5742496
5742652
5744699
5746477
5748234
5754254
5754302
5758416
5759704
5760563
5762464
5763830
5764280
5766415
5767202
5770488
5771521
5773305
5777314
5781408
5781950
5785214
5785605
5786569
5792082
5793656
5800834
5801763
5802146
5807573
5812665
5817232
5818292
5819304
5819584
5821253
5821765
5821815
5822745
5823332
5823960
5825588
5830723
5837417
5837712
5842519
5844956
5847570
5849488
5854458
5861364
5868098
5868830
5869330
5870336
5872274
5872699
5873079
5874451
5875609
5875775
5877161
5881037
5881474
5881583
5883092
5883317
5886165
5888482
5893018
5895579
5896203
5896316
5897002
5897215
5903924
5909079
5910910
5912619
5913053
5913682
5915353
5915826
5918521
5919945
5927118
5927780
5928926
5931280
5938567
5940469
5943169
5945908
5946427
5949407
5954950
5959877
5963077
5963501
5964290
5965887
5968449
5971203
5976344
5978898
5979060
5984410
5993881
5994176
5996148
6000483
6003727
6007401
6009189
6011618
6012177
6012675
6014329
6014858
6016281
6019037
3908525
5627568
1151730
1304719
1480187
3859593
1095009
3985941
2676404
4118791
3944085
2114267
5406549
2312185
3838214
4572135
3636638
3427679
5700546
1466374
2525868
4739627
4752723
4360647
1517629
2945944
3741302
4685219
5269638
4443078
3960330
4576167
4404910
1126345
2948604
5994720
4629597
1510932
1340345
4247425
1935415
3635626
1028089
4692252
5223062
2822499
1443891
2956221
1912671
3960080
5595667
2187347
1210578
5969664
3165672
1055605
3516414
5995135
3478256
2814150
4431718
4560378
1331044
4514244
2141944
1529054
5796556
2675195
5195141
2170966
4291001
3503478
4845687
3228989
2422245
5830142
4032182
3575802
5105532
2806797
4111849
5127401
5836473
3171371
4556137
5131620
3518687
3996091
3312482
5191476
5108095
1730664
5447773
1447498
3390275
1060742
5303890
4291592
2628858
4443728
5502264
4507757
2717184
5226291
5537976
4656805
1860326
4504078
1528716
1970759
3561694
2155832
4277761
5549661
4318645
1764138
3703661
3851972
1554420
2607687
4629284
1871603
1697452
1294969
4416544
1955475
4973355
5656947
2439128
2449923
1369898
4905202
2929472
4749093
4074683
2269064
3317160
1593683
3553455
3569590
2093014
2114957
1673558
5515155
2661734
1298888
5834042
1981942
5097584
1127998
3212121
4752288
1894753
5290974
3018963
2295614
5483150
5305517
3144254
2002702
3829412
4832310
3004913
2044952
4614262
3847934
5578941
3698996
1337244
4100288
4241180
4429167
1299127
4496933
1875169
1236015
3538544
1519886
2523226
2475350
4085951
3006006
5043770
5716603
3866418
5232186
3500190
5125496
4122144
1992143
2535864
2733868
2300532
4828513
2857590
5611805
2992564
5345066
2326270
3819155
2458092
1874821
3448706
4937428
4635869
2441329
4570431
5015044
4215494
5039940
1363612
3307070
2567888
5599618
5740696
5828529
1651306
1853818
2280992
4956128
1945900
2413566
4094867
3466643
3092826
2618220
3664008
3894324
5188153
4889224
2885334
4452041
1261618
2851445
1245080
1341673
3331568
3603315
4188546
1271735
3591774
3828309
3883661
1093714
2764859
2614621
4798431
4132146
5243835
5785358
4590844
3817391
3829774
2732964
1385511
5880227
1124434
2183776
2561961
1042762
4258681
4672995
1656827
5662341
3956319
3570171
1631954
5541811
2217513
2204923
5551133
5665774
1571418
2283213
5656566
2482736
5145578
5654289
2625547
1255398
2729615
3953447
5525379
5929846
1761596
2014662
1519925
1488571
3244807
3928645
5553102
3084807
3059582
5006236
4136665
5847863
4102447
5793781
1560298
5129250
1876389
1957061
4794697
1638365
1491999
1054575
3596490
4137104
4099257
4581314
1845752
5693690
4767855
1991935
1409406
5891239
1297893
5906586
3196989
5393049
4007058
5441827
3284526
3578925
5670982
2982732
4457774
3541230
3821632
5838090
5695286
4575633
1624586
4060787
3499190
1555887
4636791
1330508
1474343
1295563
1031926
5504885
2089560
1506046
1683705
1802203
2771214
1620972
1376328
1939285
5405133
2126548
2474996
1049939
2788333
1982099
4457179
2984276
3321420
3340517
5787582
1905271
2250621
4911617
2544710
5259941
5436909
5848111
2410586
1886554
4977369
2651809
5816109
3579778
3936242
3785269
1387312
3122243
2059464
2720616
4096447
2307961
3500712
4654212
4056935
4629417
3165971
1140507
2410923
5476029
2178202
5211906
3373707
3400255
5830221
4405997
3317662
3704938
4197035
1072213
3641803
4933189
2174183
3290622
1849873
3969254
4345304
5619708
2173207
1120834
4446005
1125292
5099102
2476541
3275830
3209612
3944682
3171106
3510903
5065899
1827058
3205533
5727577
4337531
3729945
5273270
2999020
4844291
1796104
2085443
2198737
1456425
3718461
3950177
3646475
1850181
4292455
2973497
4686810
4122251
2472302
4002980
2101212
2007011
5980343
1440304
5648415
2472340
5410282
2946311
3694680
5908060
3533035
4589269
2339632
3012696
4492182
1259452
5453383
3740939
4035914
4813868
1957891
2612911
4538313
5207312
3435318
2369400
5160333
5426122
4605307
4035362
3229529
2140376
1308760
4977888
2064720
5165403
1335432
1906073
5813973
5824196
5799340
1485861
2561989
4796056
1319831
3238103
5416416
2832142
5198835
6017491
2265523
1793322
4301509
5994759
4285208
2782600
5734829
1539520
5930848
4774824
1319730
1950395
2106207
2106669
1495854
2461758
3781766
1496504
3348854
5862212
2522608
4317174
1825389
3135325
2542984
3864406
5774888
3574426
5361465
4508496
5755308
4697322
4915997
5855513
5649590
2123905
3447297
3464014
1741748
3779463
2610646
3652958
3381406
4517378
5609322
3483815
5837062
3091169
4018978
1885117
2089764
2235612
3688451
3114032
2447920
2734351
5732356
3818492
4623455
4413398
4660793
4970142
1120468
1810348
2754298
2681650
2132068
2231120
1000437
1000485
1000645
1001150
1001386
1001541
1001585
1001596
1001852
1002065
1002124
1002393
1002580
1003076
1003488
1003817
1003986
1004082
1004410
1004534
1004757
1004804
1005126
1005448
1006152
1007272
1007625
1007661
1007880
1008631
1008894
1009179
1009577
1009717
1009937
1010069
1010159
1010899
1011141
1011203
1011414
1011655
1011874
1012176
1012354
1012926
1013000
1013244
1013275
1014792
1014815
1015050
1015978
1016049
1016161
1016265
1016469
1016590
1017001
1017366
1017565
1017610
1018199
1018307
1019256
1019423
1020542
1020602
1021558
1022200
1022585
1022596
1022703
1023249
1023390
1023503
1023639
1023864
1024353
1024584
1024867
1024875
1025063
1025137
1025726
1025758
1026918
1027049
1027206
1027454
1028201
1028676
1028822
1029627
1029877
1030167
1030917
1031107
1031190
1031257
1031400
1031489
1031733
1032648
1032713
1032947
1033978
1034543
1035151
1035299
1035520
1035676
1035736
1036787
1036930
1036949
1037218
1037467
1038147
1038531
1038734
1038844
1038939
1039049
1039768
1039779
1040118
1040414
1040530
1040905
1041245
1041678
1042158
1042898
1043553
1043710
1043845
1043982
1044041
1044062
1044223
1044310
1044694
1044786
1044865
1045360
1046271
1046298
1046476
1046670
1047213
1047232
1047280
1047429
1047520
1048073
1048156
1048161
1048301
1048422
1049159
1049329
1049656
1050320
1050398
1050596
1050819
1050863
1051105
1051211
1051297
1051353
1051826
1052122
1052169
1052631
1052830
1053026
1053219
1053245
1053486
1053588
1053855
1054271
1056307
1056376
1057137
1057162
1057222
1057368
1058354
1058630
1058839
1059343
1059709
1059711
1060099
1060412
1061505
1061822
1062142
1062214
1062885
1063763
1064144
1064436
1064497
1064503
1064833
1064859
1065560
1065651
1065850
1066525
1066765
1066919
1067242
1067293
1067398
1068183
1068558
1068629
1068653
1068802
1069019
1069222
1069421
1069732
1069775
1069998
1070043
1070389
1070727
1071193
1071301
1071784
1071896
1072441
1072772
1073548
1073627
1073651
1074036
1074416
1074570
1074644
1074863
1074982
1076254
1076611
1076660
1076758
1076825
1077132
1077167
1077230
1077376
1077411
1078836
1078941
1079169
1079262
1079401
1079750
1079894
1080062
1080134
1080295
1080511
1080583
1081218
1081574
1081668
1081907
1082046
1082224
1082255
1083189
1083239
1083375
1083671
1083841
1084076
1084384
1084465
1085075
1085366
1085565
1085985
1086441
1086736
1087077
1087567
1087773
1088097
1088333
1089472
1090015
1090659
1091460
1091472
1091993
1092394
1092793
1093110
1093574
1093882
1094173
1094194
1094931
1095596
1095791
1095982
1096186
1096693
1098340
1098465
1098527
1099088
1099575
1100176
1100509
1100572
1100583
1101110
1101296
1102091
1102790
1102813
1103161
1103487
1103590
1103983
1104515
1104648
1104920
1105001
1105245
1105315
1105592
1105603
1105635
1105789
1105824
1106392
1106512
1106878
1107641
1107708
1108106
1108457
1108553
1108951
1109068
1109113
1109785
1110088
1110109
1110172
1110978
1111027
1111206
1111841
1113053
1113649
1114613
1114828
1114852
1115035
1115408
1115745
1115790
1116920
1116947
1117068
1117249
1117251
1117546
1118761
1118860
1119169
1119882
1119907
1120143
1120769
1121112
1121494
1121625
1121689
1122229
1122444
1122981
1123067
1123184
1123962
1124155
1124233
1124567
1124575
1124978
1125519
1125612
1126158
1126167
1126319
1126974
1127137
1127291
1127551
1129267
1129470
1129512
1130044
1130140
1130420
1130789
1130811
1130904
1131149
1131634
1131690
1132313
1132367
1132885
1132948
1133105
1133337
1133584
1133867
1134665
1135119
1135231
1135387
1135615
1135932
1136012
1136296
1136714
1136952
1137333
1137541
1137562
1137863
1138092
1138124
1138338
1138558
1138653
1139028
1139357
1139406
1139838
1139998
1140189
1140487
1140620
1140768
1140870
1141409
1141614
1141729
1141900
1142168
1142195
1142464
1142811
1142824
1143262
1143426
1144462
1144887
1144940
1145114
1145293
1146408
1146832
1147004
1147354
1147720
1147877
1147913
1148162
1148254
1148683
1148713
1148744
1148964
1149637
1149696
1149884
1149954
1150360
1150963
1150990
1151043
1151637
1152238
1152484
1152596
1153249
1153251
1153587
1153871
1153989
1154035
1154164
1154494
1155052
1155063
1155912
1157698
1158979
1159240
1159279
1159346
1159387
1159649
1159975
1160215
1160833
1162129
1162269
1162395
1162443
1162527
1162660
1162697
1162889
1164290
1164809
1165115
1165760
1166225
1166541
1167640
1167919
1169030
1169563
1169605
1169960
1170046
1170054
1170105
1170224
1171278
1171947
1171986
1171998
1172004
1172152
1172630
1173343
1173736
1173923
1174086
1174178
1174285
1174684
1174695
1174934
1174963
1175014
1175317
1175452
1175696
1176563
1176795
1176862
1176997
1177691
1178898
1179468
1179537
1179927
1180275
1180586
1182006
1182205
1182389
1182407
1182567
1182730
1182782
1182954
1183443
1183465
1184030
1185113
1185554
1185621
1186107
1186310
1186438
1186771
1186850
1187579
1187595
1187880
1187950
1188071
1188311
1188432
1188517
1188873
1189836
1189904
1189953
1190118
1190549
1190566
1190611
1191252
1191290
1191550
1191565
1192833
1193468
1193504
1193680
1193769
1194152
1194493
1194555
1194597
1195413
1195679
1195695
1195882
1195928
1196544
1196641
1196727
1196766
1197074
1197314
1197891
1198375
1199466
1200868
1201094
1201487
1201784
1202149
1202201
1202453
1202846
1203216
1203346
1203850
1205408
1205752
1205875
1205950
1206508
1207249
1207390
1207436
1207938
1208464
1208498
1208687
1208717
1208872
1208929
1209071
1209684
1209706
1209882
1210175
1210345
1210606
1211257
1212118
1212379
1212594
1213271
1213490
1213513
1213910
1214276
1214281
1214691
1214855
1215115
1215418
1215586
1215755
1215931
1216055
1216293
1216457
1216626
1217187
1217990
1218224
1218502
1218516
1218523
1218899
1219066
1220263
1220646
1221194
1221213
1221306
1221607
1221760
1221772
1222094
1223557
1223584
1223638
1223656
1225152
1225257
1225303
1225369
1225509
1225759
1225926
1226005
1226706
1226750
1227632
1228618
1229582
1230003
1230466
1230557
1230781
1230832
1230988
1231007
1231269
1231323
1231648
1232176
1232279
1232425
1232651
1232913
1233127
1233321
1234191
1234963
1235298
1235317
1235393
1235490
1236082
1236563
1236818
1237514
1237654
1238352
1238448
1238812
1239217
1239680
1239890
1239915
1240391
1240461
1241934
1242502
1242826
1242906
1243161
1243292
1243422
1243731
1243885
1244170
1244395
1244697
1244998
1245157
1245498
1246056
1246244
1247637
1247782
1247840
1247903
1247946
1247987
1248596
1249167
1249215
1249510
1249820
1251436
1251833
1252099
1252330
1252366
1252929
1253556
1254453
1254485
1255364
1255667
1255828
1256211
1256260
1256451
1256914
1258196
1259043
1259050
1259317
1260033
1260169
1260679
1260990
1261604
1261653
1262060
1262596
1263704
1263805
1264164
1264186
1264977
1264992
1265254
1265316
1265582
1265874
1265986
1266179
1266725
1267633
1267818
1268902
1268995
1269814
1269850
1270201
1270441
1270748
1271791
1272532
1273838
1274049
1275175
1275460
1276085
1276181
1276425
1276901
1276932
1276975
1277022
1277046
1277078
1277523
1277674
1277728
1278542
1278873
1278963
1279603
1280421
1280732
1280964
1281405
1281506
1282002
1282126
1282319
1283675
1283863
1284649
1285499
1285976
1286021
1286043
1286155
1286325
1287151
1287226
1287244
1287258
1287321
1287854
1287878
1288193
1288605
1289010
1289540
1289813
1289826
1289977
1290431
1290722
1291087
1291133
1291159
1291236
1291449
1291595
1291707
1291867
1292237
1292480
1292500
1292640
1292894
1293330
1293351
1293405
1293521
1293793
1294006
1294361
1294445
1294641
1294730
1296376
1297185
1297384
1297443
1297594
1298268
1298560
1298759
1298958
1299000
1299258
1299607
1299957
1300851
1301532
1301653
1301954
1302177
1302845
1302994
1303199
1303535
1304022
1304642
1304745
1305076
1305379
1305683
1306184
1306207
1306506
1306774
1306872
1307454
1307563
1307841
1308275
1308470
1308803
1308891
1309085
1309310
1309627
1310117
1310174
1310422
1310552
1310581
1310633
1310909
1311126
1311208
1311409
1311587
1311639
1311665
1311886
1312234
1312486
1312635
1312941
1313020
1313169
1313178
1313191
1313355
1313765
1315217
1315562
1316120
1316813
1316992
1317190
1317489
1317712
1317843
1317877
1318007
1318660
1319393
1319903
1320056
1320232
1320418
1320470
1320797
1320995
1321165
1321371
1321703
1321722
1321876
1322407
1322637
1323137
1323856
1324375
1324804
1324870
1325497
1325535
1325753
1326128
1326548
1326597
1326651
1327826
1328122
1328976
1329228
1329459
1330019
1330045
1330052
1330573
1330660
1331001
1331486
1331610
1332023
1332079
1332820
1333256
1333289
1333537
1333890
1333927
1333951
1334958
1335467
1335684
1335815
1335830
1336987
1337437
1337520
1337995
1338997
1339069
1340762
1340820
1340864
1341096
1341240
1341759
1341764
1342269
1342287
1343014
1343088
1343264
1343419
1343629
1343708
1343823
1344026
1344373
1344405
1345213
1345365
1346347
1346371
1346504
1346518
1346529
1346541
1346596
1346930
1346973
1347324
1347444
1347684
1347714
1348010
1348046
1348078
1348224
1348752
1349435
1349563
1350526
1351784
1351972
1352619
1352681
1352810
1352822
1353176
1353354
1353651
1354024
1354457
1354585
1355568
1355914
1356210
1357167
1357591
1357614
1358116
1358315
1358855
1358970
1359894
1360536
1361169
1361383
1361401
1361432
1361480
1361556
1361945
1362540
1362988
1362992
1363117
1363221
1363265
1363841
1363955
1364947
1365774
1365855
1365962
1366306
1366392
1366810
1366822
1367317
1368055
1368139
1368242
1368529
1368994
1369688
1369925
1370060
1370200
1370293
1370845
1372525
1373276
1373433
1373539
1374039
1374160
1374730
1375534
1375870
1376002
1376497
1376864
1377278
1377527
1377986
1378152
1378456
1379470
1379645
1379760
1380067
1380168
1380330
1380464
1380498
1380793
1380962
1381108
1381151
1381724
1381878
1381902
1381957
1382545
1383035
1383304
1383341
1383516
1383557
1383875
1384925
1384974
1385548
1385798
1386542
1386631
1386640
1386934
1387009
1387024
1387333
1387457
1387787
1388637
1388946
1389515
1389594
1389767
1390329
1390341
1391137
1391196
1391269
1391660
1391683
1391775
1391912
1393089
1393267
1393404
1393854
1394047
1394348
1394360
1394413
1395476
1396066
1396214
1396955
1397184
1397207
1397263
1397433
1397824
1397836
1398785
1399364
1400116
1400131
1400234
1400405
1400883
1400962
1401038
1401182
1401388
1402125
1402301
1402545
1402633
1402671
1403003
1403415
1403858
1403899
1404215
1404704
1404925
1407097
1407217
1407238
1407293
1408160
1408183
1409508
1410048
1410807
1411427
1411689
1412413
1413116
1413872
1413941
1414039
1414233
1414445
1414618
1415519
1415563
1415716
1416424
1416535
1417527
1417660
1417800
1417905
1419470
1419564
1419586
1420148
1420338
1420463
1420823
1421015
1421590
1421702
1421829
1422166
1422244
1422441
1422547
1422645
1422676
1423004
1423119
1423682
1424537
1424675
1424746
1424769
1425776
1425880
1426488
1426732
1427208
1427510
1427833
1427993
1428486
1428622
1428897
1428937
1429589
1430335
1430901
1430958
1431706
1432046
1432091
1432171
1432385
1432719
1432965
1433008
1433066
1433206
1433698
1433829
1433853
1433983
1434034
1434045
1434137
1434582
1434889
1435308
1435327
1435373
1437338
1437434
1438177
1438658
1438746
1439113
1439729
1440046
1440707
1440763
1441104
1441137
1441153
1441196
1441287
1441515
1441672
1441775
1442666
1443089
1443127
1443470
1443634
1443869
1444706
1445532
1445580
1445629
1446174
1446853
1447433
1447883
1448273
1448411
1448762
1448900
1449009
1449188
1449484
1449791
1449834
1450173
1450404
1451468
1451529
1452109
1452160
1452476
1452969
1453246
1454051
1454716
1454841
1454885
1454997
1455101
1455266
1455424
1455503
1456029
1456134
1456335
1456489
1457105
1457656
1457813
1458475
1458561
1459234
1459373
1459394
1459498
1459539
1459592
1459742
1459809
1460137
1460162
1460379
1460838
1461075
1461184
1461327
1461603
1461855
1462002
1462961
1463364
1464322
1464489
1464572
1464733
1464839
1464932
1465033
1466065
1466109
1466183
1466298
1466393
1466445
1466637
1466685
1467226
1467598
1467709
1468073
1468590
1468795
1468870
1469087
1469297
1470332
1470403
1470590
1470960
1471031
1471363
1471381
1471737
1472351
1473229
1473401
1473444
1473952
1474429
1474711
1475238
1475468
1475807
1476054
1476087
1476164
1477018
1477493
1477536
1477975
1477999
1478660
1478701
1478947
1479109
1479155
1479670
1480270
1480475
1480714
1480945
1481342
1481575
1481749
1482011
1482048
1482658
1483199
1483411
1483741
1483925
1484880
1484921
1485302
1485421
1485443
1485450
1485594
1485660
1485726
1486075
1486140
1486691
1487156
1487757
1487885
1488377
1488429
1488462
1488869
1489216
1489932
1490578
1490665
1491145
1491202
1491223
1491489
1491509
1491888
1492090
1492170
1492775
1493259
1493696
1493802
1493954
1494067
1494168
1494330
1494742
1494904
1494996
1495916
1496320
1496457
1496518
1496585
1496791
1496834
1497020
1497103
1497135
1497372
1497827
1498595
1499156
1499403
1499837
1500051
1500189
1500576
1501376
1501677
1502412
1502506
1502789
1502962
1503169
1503237
1503593
1503679
1503792
1503919
1504130
1504652
1504724
1504902
1505238
1505518
1505658
1506781
1507096
1507378
1507461
1507759
1508170
1508357
1508780
1509006
1509088
1509393
1510509
1510666
1510821
1511098
1512248
1512272
1512396
1512689
1512813
1512875
1513243
1513528
1513862
1514611
1514726
1514799
1514817
1515654
1516173
1516512
1516748
1517653
1517749
1517831
1517884
1517895
1517922
1518048
1518364
1518585
1519796
1520291
1520660
1520701
1521067
1521252
1521382
1521514
1521543
1521809
1521811
1522215
1522230
1522614
1522650
1522805
1523680
1524134
1524145
1524378
1524608
1524888
1525033
1526641
1526730
1526969
1527182
1527365
1527404
1527869
1528082
1528332
1529844
1529950
1529965
1530256
1530347
1530680
1531430
1531752
1532047
1532432
1532444
1533228
1533252
1533281
1534043
1534342
1534434
1535292
1536352
1536483
1536864
1537185
1537316
1538216
1538798
1539182
1539226
1539275
1539377
1539437
1540561
1540815
1540919
1541580
1541903
1542009
1542036
1542371
1542398
1542529
1542596
1543249
1543334
1543578
1543650
1544494
1544826
1544844
1544977
1545052
1545118
1545758
1546962
1547301
1547313
1547422
1547768
1548130
1548275
1548846
1549134
1549190
1549354
1549682
1550677
1550770
1550796
1550925
1551163
1551310
1551400
1551705
1551821
1552081
1553653
1553715
1554855
1555607
1555736
1556011
1556165
1556333
1557237
1557309
1557372
1557383
1557517
1557815
1557866
1557945
1558171
1558540
1559174
1559189
1559581
1559936
1559955
1560513
1560532
1560544
1561446
1561581
1562115
1562418
1562690
1563438
1563630
1564200
1565087
1565482
1565661
1565988
1566104
1566246
1566573
1566758
1567215
1567510
1567737
1567833
1568276
1568394
1568514
1568550
1568725
1569556
1569631
1569706
1569743
1569952
1570013
1570131
1570486
1571201
1571258
1572478
1572841
1572936
1573283
1573341
1573415
1573867
1574606
1575062
1575128
1575548
1576426
1576432
1576480
1576668
1576765
1577114
1577364
1577722
1577735
1578544
1578751
1578946
1579034
1579076
1579090
1579222
1579406
1579530
1580211
1580370
1580531
1580950
1581185
1581624
1581842
1582053
1582456
1582888
1583194
1583437
1584146
1584360
1584499
1584542
1584616
1585823
1586972
1587420
1587654
1587725
1587824
1588249
1589192
1589386
1589982
1590061
1590663
1591293
1591305
1591359
1591402
1591416
1591596
1591699
1591845
1592092
1592922
1593421
1593527
1593573
1594138
1594156
1594239
1594243
1594731
1594768
1594795
1595079
1595554
1595741
1597120
1597531
1598122
1598517
1598882
1599405
1600153
1600672
1600889
1600912
1601276
1601811
1601855
1601929
1601953
1602167
1602483
1602510
1602729
1603114
1604190
1604387
1604456
1604615
1604720
1604926
1605241
1605336
1605432
1605475
1605963
1606155
1606544
1606884
1607130
1607869
1607984
1608702
1608784
1609069
1609362
1609674
1610365
1611036
1611177
1611256
1611479
1612148
1612452
1612749
1613701
1613825
1614156
1614206
1614454
1614491
1614507
1614576
1614818
1615144
1615886
1616029
1616712
1616747
1616843
1617745
1618695
1618851
1619116
1619471
1619918
1619996
1620125
1620313
1620519
1620605
1621002
1621144
1621158
1621436
1624115
1624470
1624822
1625484
1625949
1626255
1626642
1626689
1627029
1627295
1627400
1627649
1628582
1628971
1629043
1629342
1629490
1629922
1630401
1630750
1631109
1632139
1632416
1632504
1632852
1633704
1633741
1633812
1634022
1634826
1634988
1635118
1635551
1635648
1635800
1635817
1636836
1637288
1637344
1638194
1638437
1638835
1639190
1639865
1640048
1640261
1640778
1640908
1641133
1641211
1641516
1641617
1641992
1642020
1642397
1642480
1643168
1643420
1643498
1643872
1644021
1644264
1645358
1645491
1645581
1646132
1646180
1646409
1646665
1646770
1646925
1647076
1647340
1647508
1647701
1647713
1647856
1648029
1648119
1648461
1649061
1649194
1649388
1649619
1649628
1649995
1650195
1650793
1650883
1651533
1651760
1651878
1651891
1651984
1652027
1652094
1652189
1652528
1652590
1652983
1653482
1654621
1654812
1654956
1655053
1655107
1655493
1655821
1656020
1656296
1656336
1656882
1656907
1657150
1657710
1657778
1657930
1658264
1658558
1658782
1658816
1658903
1659287
1659660
1659856
1660133
1660568
1660875
1662548
1662666
1662980
1664237
1664426
1664467
1665043
1665264
1665271
1665641
1665794
1666189
1666358
1667394
1667622
1667941
1668820
1669386
1669541
1669632
1670040
1670208
1670718
1671322
1671536
1671615
1671759
1671888
1672246
1672450
1672551
1672566
1673300
1673356
1674157
1674219
1674471
1674811
1675093
1675748
1676143
1676289
1676537
1676915
1676973
1677499
1677679
1677706
1678329
1679358
1679491
1679911
1680124
1680389
1680629
1681491
1681519
1681740
1682025
1682350
1682392
1682512
1682652
1682709
1682940
1683029
1683425
1683877
1684722
1685341
1685625
1686697
1687546
1688001
1688315
1688471
1689012
1689135
1689336
1689952
1690322
1690369
1690560
1690892
1690901
1691103
1691178
1691500
1692186
1692283
1692385
1692408
1692745
1693469
1693519
1693948
1694817
1695276
1695308
1695678
1695793
1697014
1697092
1697286
1697662
1698072
1698468
1698537
1698807
1699132
1699199
1699307
1699621
1700256
1700722
1701046
1701069
1701415
1701473
1701642
1702059
1702706
1702765
1702788
1702990
1703179
1703234
1703290
1703366
1703471
1703543
1703953
1704155
1704197
1705100
1705214
1705487
1705768
1705841
1706554
1706688
1706718
1707235
1707488
1707660
1707893
1708096
1708176
1708231
1708720
1708843
1708926
1709559
1710153
1710636
1710998
1711157
1711687
1712621
1712643
1712704
1713055
1713386
1714037
1715012
1715432
1715458
1715750
1716325
1716389
1716641
1717017
1717115
1718008
1718454
1718469
1718972
1719408
1719482
1719540
1719943
1720627
1721154
1721589
1721963
1722147
1722236
1722255
1722304
1722427
1722516
1722734
1723576
1723633
1724118
1724153
1724278
1724713
1724964
1725420
1725592
1726151
1726724
1726984
1727766
1727868
1728192
1728261
1728632
1729002
1729023
1729144
1729294
1729704
1730870
1730911
1730960
1731753
1731833
1732276
1732330
1732756
1732872
1733154
1733684
1733721
1733743
1733765
1734512
1734931
1735036
1735398
1736035
1736091
1736236
1736283
1737181
1737913
1737999
1738063
1738874
1739264
1739325
1739501
1739637
1740394
1741089
1741166
1741854
1742066
1742094
1743209
1743449
1743763
1743781
1744273
1744785
1744812
1745145
1745240
1745335
1745627
1745673
1746348
1746792
1746851
1746990
1747048
1747256
1747320
1747710
1748183
1748434
1748715
1748946
1749104
1749421
1750010
1750362
1750531
1751129
1751340
1751384
1751477
1751732
1751800
1751874
1752975
1753038
1753061
1753392
1753736
1754237
1754311
1754788
1755338
1755407
1755428
1755641
1756008
1756313
1758859
1758871
1759011
1759570
1759973
1760404
1760512
1761192
1761217
1761746
1761807
1761966
1762155
1762407
1763450
1764027
1764125
1764239
1764647
1764997
1765101
1765455
1765472
1765591
1765859
1766128
1766843
1767341
1767516
1767689
1767867
1768695
1768788
1769184
1769539
1769774
1770383
1770525
1770623
1771247
1771298
1771389
1771903
1772242
1772256
1772305
1772680
1772834
1773578
1773639
1774600
1775137
1775767
1775842
1775920
1775971
1776032
1776195
1776577
1776691
1777313
1777534
1778258
1778462
1778485
1778520
1779764
1779865
1780079
1780820
1781932
1782196
1782316
1783014
1783148
1783220
1783247
1783264
1783991
1784592
1785017
1785388
1785404
1786562
1787012
1787122
1787191
1788010
1789100
1789435
1789716
1789731
1789948
1790374
1790946
1791422
1791716
1791862
1791936
1792061
1792377
1793720
1794009
1794359
1794457
1794468
1795120
1795595
1797208
1797606
1797729
1798013
1798228
1798327
1798970
1799033
1799593
1799623
1800132
1800390
1801932
1802287
1802713
1802893
1803160
1803286
1803356
1803604
1803662
1803708
1804001
1804486
1804506
1805822
1806217
1806658
1806876
1806881
1807020
1807103
1807743
1807849
1807851
1808198
1808297
1808906
1808939
1809189
1809313
1809740
1809837
1809896
1809924
1810071
1810397
1810432
1810542
1811197
1811419
1811513
1811558
1811794
1812188
1812333
1812626
1812632
1812845
1813144
1813639
1813737
1814209
1814430
1814617
1814689
1814826
1815905
1815920
1815959
1816131
1816521
1816622
1816669
1816700
1816742
1817214
1818115
1818512
1819387
1819489
1819850
1820010
1820022
1820255
1820745
1821210
1821331
1821874
1822128
1822152
1822257
1823201
1823512
1823869
1824169
1824542
1825092
1825910
1826552
1827184
1827738
1827883
1828167
1828215
1828273
1828376
1828483
1828917
1829200
1829703
1829982
1830619
1830797
1831048
1831484
1831930
1832857
1834528
1834563
1834605
1834702
1834740
1834818
1834841
1834911
1835483
1835587
1835993
1836615
1836839
1837283
1837318
1837385
1837693
1837707
1837826
1838122
1838517
1838990
1839131
1839315
1839539
1840773
1841358
1841478
1841487
1841936
1842512
1842619
1842652
1842755
1842916
1843018
1844386
1844402
1844746
1844834
1845362
1845473
1845540
1846045
1847126
1847569
1847591
1847606
1848044
1848276
1848506
1848824
1848897
1848970
1849033
1849640
1850119
1850369
1851204
1851270
1851444
1852022
1852046
1852430
1852776
1853469
1854045
1854672
1856056
1856931
1858097
1858121
1858402
1858852
1859741
1860073
1860193
1860243
1860292
1860647
1860983
1861436
1861455
1862373
1862929
1863178
1864676
1865072
1865238
1865495
1865596
1865601
1865722
1866078
1867474
1867705
1868287
1868406
1868732
1868817
1869160
1869247
1869361
1869463
1869895
1870081
1870406
1870825
1871382
1871405
1871543
1871904
1872328
1872436
1872554
1873261
1873680
1873834
1874223
1874536
1874548
1875110
1875122
1875204
1875253
1875739
1875750
1876325
1877042
1877418
1877711
1878193
1878214
1878380
1878779
1878784
1878924
1879248
1879502
1879579
1879674
1879813
1880036
1880055
1880431
1880553
1880769
1881943
1882178
1882952
1883099
1883276
1883447
1883646
1883669
1883742
1883860
1884043
1884092
1884220
1884300
1884338
1884653
1884794
1884910
1885094
1885206
1886101
1886546
1887028
1887162
1887492
1887697
1888216
1888560
1888630
1889025
1889275
1889571
1889709
1890228
1890394
1891000
1892008
1892073
1892189
1892731
1892896
1893248
1893415
1893502
1894345
1894503
1894737
1894859
1894864
1895128
1895958
1896086
1896253
1896467
1896480
1896499
1896525
1896631
1896919
1896945
1896976
1897024
1897333
1897371
1897440
1898476
1898513
1898544
1900297
1900494
1900584
1900689
1900745
1901406
1901660
1901912
1901947
1902231
1902786
1902913
1903505
1903923
1904033
1904542
1904556
1905857
1906375
1906784
1907459
1907464
1907742
1908273
1908820
1909667
1910131
1910219
1910263
1911182
1912265
1912313
1912491
1912545
1913087
1913304
1913540
1913642
1913707
1914886
1915387
1915425
1915548
1915712
1915747
1915786
1915850
1915877
1917060
1918021
1918476
1919302
1919780
1920016
1920175
1921202
1921257
1921536
1921877
1923043
1923298
1923526
1923575
1923782
1924252
1924471
1925244
1925645
1925676
1926114
1926791
1926908
1926927
1927229
1927750
1927788
1928069
1928164
1928186
1928318
1928707
1928939
1929454
1929563
1930183
1930501
1931534
1932038
1932089
1932232
1932418
1932652
1933070
1933509
1933944
1934150
1934529
1935430
1935449
1935875
1936196
1936655
1937101
1937307
1938058
1938228
1938433
1939071
1939098
1939499
1939695
1940115
1940232
1940652
1940891
1941011
1941834
1941881
1942088
1942300
1942342
1942857
1943861
1944206
1945057
1945199
1945411
1945483
1945621
1945886
1945974
1946037
1947236
1948204
1948426
1948695
1948750
1948919
1949276
1949405
1949622
1949897
1950379
1950465
1950508
1951366
1951373
1951610
1952023
1952273
1952424
1953431
1953570
1953807
1953852
1954536
1954548
1954615
1954888
1955706
1955788
1955792
1956172
1956271
1956434
1956662
1956946
1957299
1958008
1958435
1958469
1958795
1958948
1959147
1959318
1959674
1960305
1960423
1960876
1960908
1961297
1961781
1962086
1962401
1962631
1963420
1963464
1963622
1963872
1964172
1965313
1965358
1965581
1965698
1965702
1966144
1966307
1966961
1967222
1968442
1968944
1969663
1969690
1969724
1969931
1970096
1970190
1970649
1971467
1972147
1972164
1972385
1972568
1973100
1973367
1973896
1974421
1974775
1975897
1975918
1975985
1976607
1977259
1977526
1977618
1977715
1977773
1978289
1978632
1978722
1978787
1978927
1978951
1979820
1979847
1980030
1980301
1980716
1980795
1980837
1980911
1981132
1981522
1981847
1982116
1982669
1982855
1983146
1983499
1983882
1984042
1984061
1984194
1984321
1984462
1985238
1985261
1986105
1986719
1986965
1986992
1987018
1987216
1987240
1987694
1988573
1989006
1989802
1989935
1990360
1990593
1990792
1991264
1991708
1992217
1992457
1992930
1993448
1993729
1993859
1994120
1995302
1995357
1996315
1996646
1997659
1997818
1998038
1998280
1998520
1999041
1999181
1999400
2000420
2000635
2000717
2001748
2002435
2002818
2003164
2003988
2004230
2004578
2004591
2004665
2004692
2004805
2004900
2004942
2004989
2005279
2005814
2006657
2007754
2008172
2008300
2009291
2009414
2009515
2010364
2010423
2010819
2011035
2011069
2011557
2011579
2011858
2012348
2012383
2012593
2012623
2012640
2013234
2013263
2013351
2013717
2014604
2015138
2015399
2015576
2016002
2016084
2016175
2016448
2016483
2016510
2016718
2016886
2017278
2018018
2018279
2018630
2019321
2019339
2019607
2019619
2019736
2019940
2020092
2020172
2020749
2021073
2021082
2021214
2021288
2021399
2022017
2022878
2022902
2023378
2023821
2023843
2023901
2023975
2024114
2024150
2024431
2024553
2024735
2025147
2026185
2026515
2027409
2028330
2028603
2029525
2029538
2029777
2030070
2030958
2031154
2031296
2031372
2031413
2032494
2032728
2032992
2033534
2033698
2033837
2033841
2034515
2034582
2035565
2035592
2035742
2035836
2035855
2036127
2036485
2037567
2037868
2039144
2039961
2040164
2040415
2040540
2041196
2041246
2041384
2041842
2042053
2043000
2043505
2044631
2045434
2045766
2045802
2046469
2046563
2046740
2046841
2047207
2047373
2047577
2047725
2048199
2048448
2048472
2048483
2048805
2048917
2048974
2050321
2050453
2050547
2050676
2051192
2051402
2051457
2051930
2052751
2052802
2053210
2053465
2053594
2053799
2054612
2054647
2054829
2054911
2054955
2055859
2056004
2056257
2056322
2056474
2056560
2056651
2058135
2058355
2058426
2058765
2058827
2059080
2059351
2059539
2060551
2060732
2060947
2060964
2061459
2061897
2062497
2062704
2062753
2062762
2063347
2063890
2064070
2064119
2064163
2064806
2065444
2065616
2065657
2065792
2065976
2066205
2066708
2066831
2066884
2066895
2067017
2067916
2068125
2068367
2069523
2070189
2071704
2071737
2072953
2073071
2073668
2074151
2075238
2075289
2076186
2076385
2076656
2077181
2077400
2077425
2077733
2077932
2078081
2078287
2078379
2078395
2078406
2078530
2078697
2079006
2079124
2079233
2080657
2080976
2081300
2081501
2081599
2081629
2081696
2081823
2081946
2082518
2083126
2083938
2084133
2084595
2084600
2084844
2084965
2085799
2085861
2086140
2086349
2086539
2086941
2086985
2087030
2087066
2087250
2087896
2088512
2088645
2088681
2089387
2089901
2090126
2090334
2090942
2090989
2091425
2092203
2092210
2092701
2092912
2094032
2094179
2094373
2095306
2096828
2097602
2098473
2098502
2099015
2099051
2099193
2099243
2099367
2099446
2099581
2100086
2100413
2100739
2101286
2102312
2102890
2103175
2103282
2104734
2104763
2105052
2105153
2105269
2106001
2106252
2106836
2107469
2108017
2108496
2108846
2109257
2109608
2109980
2110125
2110161
2111639
2112738
2112756
2112941
2113187
2113525
2113743
2113866
2114280
2114496
2114607
2115106
2115398
2115541
2116054
2117850
2117888
2119481
2120042
2120173
2120350
2120470
2120797
2120846
2121139
2121320
2123203
2123302
2123488
2123660
2123775
2123933
2124027
2124049
2124161
2124911
2125294
2125307
2125762
2125820
2126134
2126216
2126461
2126489
2126712
2127451
2127689
2127992
2128187
2128262
2128413
2129080
2129373
2129592
2129855
2129904
2129962
2129985
2130137
2130162
2130185
2130905
2131543
2131646
2131687
2132497
2132614
2132785
2133626
2133951
2134583
2134901
2134958
2135169
2135360
2135616
2135765
2135849
2136286
2136766
2137166
2138292
2138422
2138757
2139112
2139133
2139880
2140158
2140448
2140650
2140917
2141070
2141438
2141888
2143136
2143476
2143567
2144195
2144276
2146177
2146261
2146722
2147253
2147894
2148693
2148801
2149563
2150006
2150077
2150155
2150513
2150685
2150794
2151082
2151581
2151716
2151779
2151837
2151955
2152485
2152598
2152755
2153096
2153303
2153747
2154011
2154371
2154431
2154484
2154626
2154881
2154915
2155091
2155198
2155826
2155858
2156034
2156800
2156905
2157273
2157770
2158184
2159020
2159047
2159432
2159945
2160152
2160284
2160378
2161086
2161556
2161765
2161849
2162362
2162502
2162899
2162992
2163027
2163731
2164196
2164636
2164648
2164825
2164905
2164933
2164959
2165168
2165687
2166149
2166306
2166462
2166547
2166835
2166846
2166931
2167148
2167155
2167212
2167544
2167969
2168106
2168143
2168261
2168440
2168735
2169762
2169942
2170055
2170440
2170613
2170819
2171283
2171801
2171880
2172458
2172525
2172827
2173327
2173937
2174092
2174233
2174526
2176095
2176266
2176282
2176294
2176334
2176376
2176961
2177254
2177340
2178932
2179173
2179377
2179388
2179854
2180140
2180382
2180592
2180897
2181173
2181267
2181377
2181392
2181441
2182332
2182740
2183260
2183638
2184002
2184113
2186086
2186204
2186309
2186355
2186815
2186934
2187048
2188077
2188148
2188407
2188452
2189019
2189515
2189726
2189933
2190209
2191379
2191465
2191611
2191842
2192839
2194020
2194253
2194285
2194561
2194631
2194668
2195136
2195286
2195325
2195637
2196174
2196301
2196469
2197687
2197937
2198522
2198650
2198961
2199949
2200193
2200243
2200380
2200410
2200716
2200870
2201352
2201961
2202080
2202184
2203098
2203525
2203739
2204547
2204803
2205114
2205238
2205423
2206781
2206880
2207223
2207279
2207694
2207958
2208141
2208492
2208856
2208971
2209212
2209730
2210202
2210888
2211253
2211285
2211309
2211311
2211355
2211458
2211952
2212473
2212540
2212776
2212832
2213066
2213142
2213446
2213659
2213757
2213862
2214611
2215013
2215123
2215742
2215793
2216115
2216571
2216607
2216854
2217124
2217338
2217389
2217840
2218484
2218699
2218754
2219126
2219266
2219729
2220406
2221168
2221883
2222307
2222390
2222770
2223072
2223371
2223632
2224119
2224442
2224759
2224975
2225616
2226160
2226212
2226910
2226987
2227280
2227377
2227586
2227835
2228552
2229523
2229689
2230121
2230518
2230722
2230778
2231054
2231337
2231473
2231584
2231617
2231642
2231880
2232237
2232360
2233168
2233228
2233234
2233543
2233687
2234361
2234389
2235399
2236665
2237045
2237185
2238231
2238673
2238705
2239182
2239462
2239619
2239902
2240103
2240285
2240525
2240695
2240721
2240827
2241050
2241317
2241604
2242371
2243057
2244540
2245007
2245090
2245439
2246433
2246622
2246855
2247344
2247422
2247534
2247576
2247612
2247853
2248151
2248388
2248783
2249134
2249310
2250614
2251029
2251354
2251536
2251877
2252007
2252566
2252594
2252726
2253155
2253356
2253816
2254195
2254290
2254471
2254836
2254897
2255093
2255339
2255854
2256036
2256192
2256699
2257241
2257538
2257623
2258147
2258875
2259214
2260513
2261094
2261214
2261380
2261784
2261853
2262258
2262280
2262869
2262891
2263378
2264060
2264320
2265054
2265224
2266153
2266488
2266594
2266800
2266856
2267307
2267554
2268013
2268669
2268809
2268883
2269467
2269706
2269788
2269851
2270195
2270420
2270725
2270953
2271151
2271299
2271496
2272250
2272344
2272960
2273087
2273451
2273689
2273875
2273977
2274688
2275682
2275712
2276348
2276808
2277274
2277982
2278043
2278233
2279414
2279660
2280035
2280120
2280147
2280272
2281007
2282387
2282597
2282747
2282771
2282865
2283275
2283634
2284574
2284706
2285077
2285197
2285393
2286015
2286156
2286454
2287447
2287725
2287789
2288677
2289036
2289165
2290074
2290343
2290797
2291036
2291305
2291570
2291703
2291949
2292092
2292599
2292823
2293081
2293515
2294193
2294410
2294590
2294955
2295510
2295942
2296145
2296461
2298135
2298187
2298241
2298444
2298500
2298593
2298981
2299447
2299855
2300604
2301519
2301552
2301563
2303018
2303268
2303682
2303821
2304072
2305164
2305906
2305992
2306421
2306636
2306732
2307002
2307483
2307864
2308405
2309086
2309355
2309963
2310227
2310328
2310785
2310859
2311152
2311387
2312034
2312129
2312331
2312971
2313160
2313356
2313407
2313670
2314140
2314678
2314738
2315619
2316495
2316658
2316710
2317012
2317657
2317743
2317792
2318494
2319174
2319288
2319612
2319633
2320883
2321000
2321042
2321267
2321559
2321968
2322301
2322454
2322519
2322818
2322955
2323304
2323516
2323557
2323977
2324266
2324503
2324614
2324643
2324898
2326103
2326500
2326657
2326919
2327177
2327703
2328109
2328575
2328802
2329291
2329655
2330341
2330451
2331368
2331912
2331971
2332257
2332489
2333652
2334154
2334721
2335840
2336030
2337290
2337970
2338753
2340163
2340673
2341229
2341309
2341383
2341432
2341851
2342283
2342523
2344034
2344081
2344210
2344838
2345245
2345756
2346470
2347092
2347749
2347978
2348347
2348675
2348699
2348828
2348876
2349023
2349376
2349554
2350125
2350896
2350983
2351180
2351294
2351497
2352565
2352588
2352941
2353743
2353851
2353866
2353882
2354547
2354628
2354878
2355274
2355562
2355778
2356164
2356385
2357037
2357798
2357850
2358034
2358141
2358825
2358856
2358893
2359766
2359831
2359935
2359978
2360098
2360336
2360397
2360684
2360695
2361183
2361637
2361641
2361662
2362055
2362060
2362596
2362667
2363900
2363917
2364133
2364297
2364329
2364449
2364638
2364813
2365034
2365141
2365530
2365701
2365912
2366032
2366373
2366382
2366565
2366789
2366937
2367117
2367326
2367576
2367731
2368061
2368645
2369268
2370130
2370226
2371541
2371658
2371834
2371930
2371982
2372325
2372782
2372794
2372857
2373153
2373323
2373439
2373964
2374795
2375023
2375126
2375692
2375925
2376163
2377087
2377186
2377248
2378348
2379001
2379099
2379349
2379514
2379603
2379654
2379669
2379691
2380340
2380986
2381219
2381252
2381420
2381809
2381970
2382497
2382886
2383402
2383754
2383787
2383973
2383982
2384814
2386264
2386361
2386727
2386823
2386857
2387392
2387505
2388723
2388853
2389003
2389656
2389661
2389801
2390402
2390644
2391054
2391078
2391198
2391272
2392047
2392204
2392640
2393080
2393263
2393471
2393588
2393996
2394325
2394604
2394816
2396381
2396871
2397019
2397203
2397210
2397302
2397611
2397889
2398037
2398694
2399194
2399299
2399878
2400104
2400196
2400222
2401032
2401157
2401433
2401742
2401761
2402084
2402643
2402785
2403333
2404004
2404926
2405542
2405882
2406021
2406300
2406727
2406749
2406751
2406840
2406946
2406978
2406987
2407061
2407388
2407783
2407846
2408870
2408924
2408936
2409186
2409625
2409656
2410108
2410127
2410878
2411787
2411852
2412065
2412136
2413104
2413129
2413611
2413842
2413889
2414399
2414435
2414804
2415126
2415363
2415497
2415535
2416029
2416759
2416821
2417297
2417661
2417858
2418059
2418064
2418191
2418229
2418499
2418815
2418907
2421677
2421692
2421989
2422013
2422327
2423432
2423602
2424017
2424182
2424280
2424437
2424520
2424902
2426112
2426186
2426224
2426689
2426790
2427694
2428129
2428439
2429247
2429286
2429298
2429629
2430499
2431092
2431259
2432973
2433040
2433578
2433956
2433993
2434209
2434693
2435076
2435118
2435395
2435672
2435912
2437410
2437664
2437960
2438213
2438533
2438607
2439438
2439474
2439733
2439764
2439999
2440009
2440402
2440703
2441600
2441781
2442542
2442952
2442976
2443116
2443789
2444092
2444172
2444233
2445545
2445740
2446251
2446409
2447129
2447655
2447683
2447842
2448391
2449127
2449748
2449783
2450588
2450622
2451173
2451213
2451392
2451916
2452027
2452332
2452671
2452972
2453734
2453801
2453832
2453977
2454352
2454483
2454704
2454871
2454938
2455085
2455615
2455877
2455980
2456218
2456475
2456480
2457024
2457261
2457274
2458356
2458452
2458513
2458670
2459090
2459683
2460248
2460752
2462493
2462733
2462932
2463127
2463244
2463760
2464047
2464616
2465183
2465264
2465317
2465749
2465823
2465831
2465922
2466030
2467123
2467276
2467506
2467793
2468016
2468376
2468859
2468974
2469097
2469398
2469601
2469644
2470040
2470113
2470692
2471152
2471391
2471489
2471720
2471958
2472443
2472477
2472726
2473445
2473751
2473816
2473922
2474102
2474234
2474622
2474789
2475056
2475321
2475512
2475520
2476238
2476242
2476518
2476658
2477033
2477542
2478198
2478341
2478693
2479206
2479507
2480014
2480259
2480991
2481030
2481051
2481100
2481422
2481545
2481795
2481911
2481972
2482166
2482392
2483062
2484553
2484951
2486090
2486141
2486153
2486594
2487472
2487753
2487942
2488102
2488179
2488351
2488687
2489589
2489851
2489919
2490181
2490682
2490821
2491146
2491739
2492171
2492211
2492248
2492557
2493288
2493870
2494153
2495308
2495678
2495904
2496470
2496485
2497160
2497708
2497868
2498188
2498518
2498562
2498699
2498791
2499282
2499460
2499554
2499762
2500522
2500812
2501041
2501070
2501268
2502287
2503389
2503580
2504290
2504405
2504412
2505299
2505392
2507253
2507372
2507792
2508415
2508776
2508880
2508977
2509403
2509534
2509731
2510253
2510480
2510743
2511197
2511946
2512048
2512121
2512289
2512305
2512644
2512791
2513704
2513847
2514224
2514260
2516032
2516514
2516592
2517027
2517193
2517250
2517612
2517768
2518810
2519322
2520656
2522181
2523093
2523822
2523968
2524059
2524401
2524827
2525148
2525823
2526301
2526380
2527234
2528031
2528381
2528535
2528847
2529192
2529261
2529320
2529484
2531009
2531423
2531746
2532374
2532407
2533744
2534936
2535023
2535175
2535535
2535554
2536163
2536181
2536786
2537054
2537482
2538602
2538928
2539539
2539756
2540434
2540481
2541193
2541633
2542797
2543018
2543733
2544177
2544256
2544675
2545035
2545248
2545595
2545642
2546624
2546701
2547483
2547535
2547639
2547820
2547917
2548327
2548521
2548669
2549059
2549103
2549360
2549499
2550041
2550555
2550694
2551432
2552010
2552209
2553633
2553853
2554817
2554842
2555032
2555168
2555543
2555565
2555824
2556108
2556462
2557428
2557445
2557618
2559472
2559677
2559847
2560612
2560671
2560818
2560896
2561084
2561167
2561546
2561741
2562577
2562592
2562872
2563309
2564130
2564194
2564404
2564586
2565261
2565537
2565562
2565658
2565778
2566272
2566415
2567257
2567597
2567958
2568291
2568609
2568636
2569077
2569124
2569155
2569749
2570302
2570611
2570726
2570920
2571131
2571603
2571848
2572068
2572249
2572352
2572390
2572522
2573024
2573305
2573386
2575098
2575237
2575668
2576014
2576148
2576389
2577571
2577783
2577940
2579728
2580097
2580863
2582229
2582684
2582695
2582934
2584259
2584361
2584567
2584794
2585221
2585410
2585853
2586591
2586938
2586942
2586974
2588018
2588615
2588958
2589130
2589979
2589995
2590349
2591470
2591598
2591748
2591984
2592491
2594199
2594411
2594455
2594833
2595041
2595202
2595391
2595572
2595597
2595771
2595814
2595975
2596059
2596229
2596348
2596830
2597585
2598205
2598816
2599235
2599278
2599406
2599758
2600719
2601007
2601254
2601421
2602070
2602511
2602649
2602705
2603392
2603462
2603748
2603755
2604324
2604348
2604714
2605749
2605879
2606066
2606250
2606740
2607252
2607382
2607855
2607918
2608002
2608101
2608381
2608554
2608859
2608938
2610075
2611173
2611388
2611628
2611810
2612193
2612288
2613656
2613776
2614569
2614762
2615417
2615461
2615511
2616542
2616561
2616593
2617114
2617293
2617359
2617703
2617908
2618092
2618124
2618685
2619302
2619861
2620023
2620057
2620569
2620621
2620847
2621053
2621712
2622052
2622920
2623124
2623599
2624687
2624809
2625056
2625226
2625810
2626011
2626305
2626537
2626658
2627005
2627668
2627919
2628186
2629534
2629581
2630338
2630419
2630685
2631375
2631983
2632736
2632803
2633029
2633354
2633493
2633524
2634177
2634289
2635209
2635248
2635977
2636185
2636905
2637199
2637587
2638521
2638588
2640056
2640089
2640108
2640485
2641364
2641845
2642109
2642751
2642831
2643034
2643278
2643331
2643492
2643683
2643732
2644156
2644193
2645319
2645363
2645472
2645554
2645614
2645737
2645974
2646029
2646279
2646378
2646536
2646944
2647248
2647801
2648191
2648589
2649514
2649872
2650203
2650340
2650406
2651330
2651412
2651433
2652144
2652158
2653048
2653106
2653114
2653518
2653845
2654850
2655401
2655517
2655616
2655714
2656111
2656978
2657056
2657822
2658292
2658435
2659078
2659781
2660072
2660114
2660596
2660699
2661211
2661318
2661427
2661540
2662135
2663756
2664109
2664298
2664794
2665030
2665239
2665399
2665659
2666023
2666079
2666266
2666319
2667162
2667269
2667439
2667582
2667767
2667920
2667986
2668369
2668839
2669149
2669388
2669846
2670608
2670999
2671033
2671311
2671538
2672120
2673239
2673664
2673779
2674269
2674421
2674660
2674744
2674817
2675116
2675373
2675669
2675738
2676547
2677043
2677077
2677407
2677599
2677922
2678200
2678457
2678495
2678613
2678746
2678930
2679227
2679409
2679460
2680358
2680519
2681381
2682058
2682539
2682789
2683020
2683397
2683538
2683830
2685423
2686069
2686858
2688414
2688825
2688842
2688912
2688959
2689205
2689727
2689857
2690525
2691148
2691544
2692217
2692787
2693068
2693132
2693535
2693812
2694283
2695302
2695340
2695515
2695573
2695889
2695933
2696067
2696588
2697313
2697829
2698038
2698173
2699279
2699630
2699720
2699747
2699798
2700213
2700275
2700822
2701386
2701710
2701769
2701890
2703331
2703340
2703384
2703624
2703971
2704804
2705227
2705692
2705942
2706335
2706425
2706509
2706673
2706747
2706806
2707494
2707595
2708285
2708296
2708475
2709207
2709366
2709577
2709654
2710600
2710617
2711137
2711379
2711986
2712461
2712511
2712548
2712806
2712843
2713232
2713258
2713755
2713835
2713902
2714561
2715910
2716528
2716545
2716702
2717044
2717228
2717263
2717577
2717904
2718180
2718522
2718864
2719398
2719468
2719699
2719778
2719791
2719949
2720714
2720808
2720830
2720976
2721428
2721662
2721903
2721910
2722083
2722192
2722863
2723016
2723167
2723199
2723345
2723352
2723460
2723522
2723591
2723886
2724362
2724466
2724557
2724579
2724661
2724693
2724875
2725076
2725316
2725443
2725624
2727435
2727716
2727818
2727870
2728025
2728388
2728441
2728772
2728803
2728891
2729223
2729438
2729461
2729764
2730925
2731119
2731438
2731926
2732104
2732196
2732611
2733092
2733136
2733419
2733481
2733922
2734315
2735038
2735244
2735418
2735979
2735995
2737500
2737827
2737934
2738105
2738473
2738595
2739094
2739446
2739590
2739664
2740477
2740672
2740701
2741032
2741067
2741157
2741207
2741447
2741717
2741962
2742126
2743553
2744391
2744442
2744555
2745721
2746618
2746696
2747173
2747598
2747652
2747835
2747979
2748664
2749147
2749260
2749656
2750114
2751867
2752110
2754903
2755292
2755740
2756126
2756729
2756961
2756989
2757129
2758387
2758597
2758877
2759418
2759470
2760219
2760315
2760433
2760937
2761061
2761869
2762015
2762380
2762545
2762804
2762818
2763297
2763370
2763473
2764113
2764448
2765128
2765223
2765843
2766413
2766574
2766952
2766963
2767541
2767658
2767876
2768183
2768879
2769384
2769817
2769825
2769947
2770445
2770637
2770868
2770910
2771221
2771313
2771779
2771870
2771983
2772748
2773176
2773310
2773417
2773975
2774807
2774973
2775159
2775427
2775813
2775899
2776683
2777016
2777864
2778099
2778123
2778168
2778252
2778543
2778565
2778725
2778848
2779187
2779270
2779743
2779963
2780391
2781229
2781237
2781348
2781413
2781706
2782120
2782584
2782832
2782899
2783375
2783590
2783909
2785102
2785207
2785330
2786025
2786902
2787109
2787233
2787580
2787840
2789345
2789938
2790161
2790375
2790478
2790487
2790955
2791578
2791847
2791859
2791938
2792330
2792498
2792738
2792789
2793593
2793679
2794619
2794755
2794878
2795710
2795791
2796304
2796707
2796992
2797400
2797560
2797839
2797901
2798141
2798269
2798287
2798477
2798655
2798744
2798775
2799338
2800004
2800268
2800400
2800536
2800759
2801475
2802516
2802557
2803288
2803410
2803633
2803818
2803862
2804477
2804825
2805433
2805937
2806365
2808632
2808644
2810580
2810696
2811288
2811659
2812547
2812736
2812878
2813202
2813257
2813651
2813806
2813865
2814537
2814553
2814966
2815329
2815531
2816141
2816492
2817016
2817040
2817282
2817704
2818013
2818168
2818486
2818962
2818996
2819020
2819169
2819593
2820192
2820479
2820495
2820927
2821763
2821965
2822309
2822517
2822538
2822684
2822866
2822873
2823228
2823252
2823646
2823793
2824393
2824513
2824685
2824946
2825375
2826215
2826266
2826522
2826718
2827104
2827357
2827594
2828378
2828509
2828798
2829663
2829748
2829869
2830195
2830498
2830761
2831151
2831512
2831533
2831984
2832174
2832731
2833078
2833523
2833790
2834167
2834230
2834282
2835712
2835764
2835892
2835932
2836542
2836589
2836684
2837048
2837192
2837479
2837819
2837908
2838434
2838708
2839007
2839141
2839508
2839672
2839683
2840446
2840841
2840870
2841084
2841665
2841820
2841886
2841917
2842543
2843012
2843679
2843695
2844173
2844586
2845097
2845364
2845484
2846022
2846087
2846304
2846625
2847346
2847461
2847821
2847888
2848492
2848701
2848726
2848767
2849124
2849160
2849300
2849526
2850169
2851197
2851212
2851969
2852121
2852675
2852949
2852994
2853057
2853718
2853737
2854693
2855137
2855302
2855357
2855443
2855551
2855660
2857100
2859474
2859673
2859944
2860307
2860334
2860390
2860886
2861018
2861128
2861378
2861442
2861461
2861814
2862063
2862235
2862368
2863065
2863197
2863220
2864234
2865299
2866504
2866518
2866834
2866915
2866966
2867561
2867668
2868579
2869435
2869612
2869671
2870211
2870341
2871137
2871655
2871933
2873377
2873846
2873878
2874086
2874976
2875325
2875903
2876716
2876784
2876896
2877080
2877099
2877168
2877351
2878639
2878753
2878796
2879364
2880201
2880343
2880404
2880586
2880724
2881261
2881951
2882374
2882490
2883515
2883530
2883780
2884094
2884138
2884221
2884301
2885249
2886417
2886627
2887186
2887304
2887656
2888098
2888432
2889330
2889883
2890129
2890254
2890450
2891195
2891219
2891486
2891635
2892175
2892503
2892820
2892886
2892974
2893024
2893468
2893495
2893596
2893675
2894651
2894926
2895873
2896124
2896212
2896259
2896727
2896910
2896954
2897258
2897797
2897810
2898189
2898375
2898647
2899087
2899661
2900312
2900570
2901248
2901370
2901415
2901745
2902401
2902517
2902919
2903026
2903263
2903848
2904481
2904831
2904935
2905066
2905193
2905214
2905344
2905403
2905731
2905948
2905972
2906016
2906424
2906820
2906833
2907052
2907185
2908682
2908712
2909089
2909772
2909846
2910007
2910063
2910316
2910697
2910912
2911207
2911394
2912175
2912621
2913009
2913200
2914747
2914814
2915355
2915475
2915907
2916618
2916708
2917453
2917470
2918125
2918367
2918435
2918620
2919826
2919832
2920070
2920107
2920417
2920682
2920764
2920786
2921324
2921517
2922473
2922875
2923082
2923142
2923552
2923581
2923885
2924508
2924912
2924964
2925179
2926201
2926299
2926496
2926690
2927014
2927298
2927969
2928024
2929023
2929411
2930221
2931989
2932498
2932811
2932985
2933928
2935863
2937223
2937932
2938515
2938767
2939039
2939434
2939604
2939903
2940848
2941267
2941586
2941891
2941902
2942301
2942698
2943010
2943408
2943790
2944068
2944363
2945284
2945555
2946241
2946262
2946750
2947274
2947518
2948271
2948501
2948903
2949162
2950427
2950745
2951920
2952764
2952843
2952913
2953226
2953339
2954059
2954383
2954561
2954750
2955111
2955513
2955558
2955575
2957116
2957157
2957848
2958307
2958455
2958796
2958938
2958974
2959274
2959398
2960388
2960470
2960505
2960559
2961347
2961754
2961973
2962727
2962749
2962823
2962978
2963611
2963838
2964671
2964779
2965390
2965650
2965753
2965871
2966163
2966806
2966913
2967255
2967625
2968882
2968945
2968981
2969382
2969433
2970348
2970475
2970882
2971696
2971802
2971840
2971922
2972097
2972927
2973282
2973424
2973455
2973938
2974625
2974867
2975799
2976276
2976382
2976521
2977082
2977896
2978127
2978201
2978533
2978923
2980251
2980282
2980665
2980820
2980938
2981018
2981560
2982052
2982492
2982964
2983419
2983629
2984013
2984131
2984506
2984824
2984970
2985709
2986139
2986402
2987047
2987135
2987397
2987623
2987792
2988430
2988482
2988656
2989633
2990708
2991027
2992173
2992711
2992797
2993354
2993369
2993509
2994011
2994083
2994192
2994261
2994320
2994423
2995370
2995430
2995600
2996713
2996889
2997989
2998131
3000141
3000153
3000235
3000406
3001168
3001486
3002424
3002993
3003966
3004335
3004548
3005218
3005270
3005517
3005684
3006259
3006513
3006637
3006749
3007267
3007709
3007940
3008117
3009415
3009921
3010306
3010505
3010676
3011613
3012220
3012802
3012879
3013414
3013549
3014073
3014804
3014862
3014972
3014983
3015215
3015294
3015455
3015770
3015812
3016163
3016892
3017147
3017595
3017600
3017617
3017707
3018020
3018059
3018348
3018480
3018777
3019669
3019691
3019725
3020955
3021175
3021294
3022700
3022761
3023135
3023397
3023739
3024213
3024652
3024760
3024803
3025177
3025238
3025440
3025562
3025722
3026451
3026523
3026625
3026693
3027733
3028508
3029481
3029766
3030012
3030020
3030432
3030792
3031895
3032055
3032139
3032238
3032915
3034209
3034224
3035368
3035874
3035964
3036373
3036824
3036897
3036985
3037206
3037731
3037909
3038151
3038441
3038470
3038676
3038681
3039041
3039085
3039163
3040529
3040819
3041198
3041661
3041674
3041763
3042103
3042309
3042324
3042538
3042574
3043219
3043506
3043700
3044212
3044501
3045528
3045829
3045911
3046057
3047007
3047889
3047905
3048284
3048975
3049258
3049388
3051676
3051772
3052375
3053557
3055018
3055037
3055128
3055231
3055771
3056475
3056714
3057537
3057680
3057791
3057828
3057915
3058895
3059076
3059964
3060396
3061551
3061874
3062387
3062720
3062764
3062850
3063258
3063571
3063979
3064059
3064187
3064253
3064475
3064788
3064873
3064928
3064952
3066487
3066552
3066698
3067026
3067373
3068113
3068390
3068472
3069402
3069596
3070084
3070167
3070762
3071223
3071417
3072508
3072672
3072959
3073407
3073575
3073637
3073749
3073922
3075061
3075350
3076541
3076632
3077020
3077574
3077616
3078516
3078950
3079779
3079829
3079837
3080389
3080428
3080476
3080969
3080987
3081239
3081507
3081784
3082275
3082470
3083572
3084121
3084150
3084601
3084675
3085752
3085801
3085832
3086421
3086660
3087084
3087158
3087199
3087282
3087345
3088471
3088521
3089169
3089777
3089830
3090438
3090511
3090733
3091229
3091919
3092584
3093082
3094278
3095897
3096194
3096803
3096984
3097043
3097618
3098177
3098468
3099023
3099677
3099898
3099956
3100910
3101117
3101829
3102902
3102995
3103572
3104097
3104553
3104632
3105523
3105656
3106660
3106856
3107436
3108941
3109355
3109426
3109458
3109750
3110180
3110424
3110546
3110718
3111152
3111387
3111425
3111489
3111786
3111806
3112063
3112185
3113155
3113160
3114263
3114622
3115166
3115571
3115681
3116106
3116293
3116423
3116754
3117064
3117204
3117830
3117851
3118337
3118370
3118502
3118939
3119239
3119664
3119870
3120058
3120276
3121258
3121339
3121835
3122161
3122265
3122301
3122659
3123568
3124424
3124785
3124900
3124993
3125018
3125119
3125295
3125608
3125771
3126383
3126640
3126928
3127188
3127479
3127632
3127787
3128501
3128749
3129137
3129443
3129573
3129744
3130035
3130568
3130674
3130858
3131594
3131732
3132509
3132630
3133547
3133755
3133760
3134103
3134990
3135389
3135463
3135599
3135991
3136545
3137550
3137592
3138472
3139217
3139289
3140085
3140555
3142466
3142579
3142719
3142781
3142844
3143030
3143422
3144406
3145349
3145897
3147445
3147696
3147857
3148541
3148632
3148699
3149101
3149381
3149436
3149455
3149546
3150491
3150757
3150768
3151554
3152179
3152962
3153668
3154093
3154755
3155225
3156523
3156826
3158278
3158624
3159172
3160480
3161264
3161558
3162238
3162484
3162495
3162632
3162908
3163665
3163692
3164728
3164776
3166234
3166774
3166929
3168663
3169181
3170089
3170681
3170887
3171192
3171238
3171484
3171667
3172452
3172513
3172532
3172727
3172751
3173153
3173278
3173291
3173302
3173825
3174686
3174997
3175917
3177087
3177209
3177600
3177844
3177906
3178827
3178945
3179131
3179848
3179860
3180170
3180488
3180527
3181219
3182460
3182591
3182614
3183440
3183495
3183504
3184037
3184438
3184798
3186183
3186205
3186407
3186653
3187173
3187512
3187869
3188633
3188911
3189473
3189801
3190055
3190722
3193565
3193603
3193809
3194445
3194629
3195015
3195193
3195581
3196692
3197672
3198145
3198279
3198369
3198932
3199365
3199533
3199598
3199810
3199984
3200084
3200126
3200158
3201128
3201694
3202780
3203077
3204373
3204521
3204904
3204953
3205645
3206834
3207475
3207706
3208977
3209519
3209795
3210146
3210191
3210792
3211160
3211271
3211361
3211910
3212200
3212402
3213031
3213230
3214078
3214329
3214427
3214482
3215028
3216327
3216394
3216700
3216937
3217027
3217073
3217156
3218232
3218429
3219400
3219474
3219489
3219944
3220133
3220318
3221028
3221697
3221701
3221893
3221947
3222119
3222712
3223258
3223299
3223902
3223979
3224311
3225356
3225513
3225969
3226552
3226779
3227486
3228546
3229876
3229966
3230854
3231192
3231359
3231675
3232604
3232749
3233034
3233527
3234250
3234277
3234375
3234590
3234620
3234795
3235095
3235961
3236029
3236223
3236682
3236980
3237159
3238714
3239603
3241519
3241853
3241911
3241997
3242652
3242957
3243085
3243400
3243666
3244504
3244537
3245600
3246636
3248622
3248929
3249401
3249561
3250085
3250128
3250240
3250417
3251631
3251907
3251952
3252557
3252745
3252943
3253313
3253841
3253972
3254594
3254726
3254842
3255075
3255904
3256496
3257641
3257816
3257823
3258114
3258927
3259328
3259390
3259643
3262026
3262099
3262366
3262669
3262904
3263475
3263574
3263640
3263739
3263743
3264803
3264810
3264968
3265009
3265055
3265722
3265754
3266209
3266473
3266595
3266813
3267004
3267018
3267062
3267202
3267474
3267673
3267798
3268076
3268153
3268287
3268856
3269088
3269233
3269490
3269903
3271897
3272436
3273055
3273083
3273431
3273585
3274041
3274489
3274583
3274814
3275187
3275684
3276043
3277232
3277377
3277878
3278422
3279362
3279965
3280083
3280644
3281054
3281408
3282020
3282616
3282990
3283001
3283195
3283394
3283603
3283738
3283897
3284039
3284109
3284802
3284954
3285563
3286199
3286227
3286546
3287439
3287527
3287624
3287672
3288152
3288190
3288279
3289267
3289314
3289339
3289559
3289724
3290058
3290290
3290464
3290883
3291314
3291760
3292955
3293209
3294175
3295268
3295461
3295630
3295843
3295901
3296135
3296237
3296788
3296827
3296849
3296907
3297658
3298197
3298212
3298946
3298991
3299549
3300375
3301180
3301938
3302366
3302459
3303169
3303296
3304130
3304496
3304652
3304783
3305143
3305949
3306745
3306880
3306899
3308732
3308856
3308964
3309271
3309857
3310303
3310608
3310712
3311990
3312112
3312914
3313142
3313552
3314076
3314153
3314959
3315506
3315774
3316173
3316194
3316736
3317148
3317428
3318238
3318289
3318754
3318778
3318973
3319057
3319079
3319227
3319345
3319942
3320549
3320893
3321349
3321669
3321742
3321789
3321941
3322079
3322925
3323139
3323596
3324284
3324442
3324536
3326077
3326895
3326903
3327042
3327441
3328161
3328795
3328896
3329087
3329595
3329600
3330083
3330881
3332309
3332714
3333026
3333075
3333622
3333756
3333872
3333937
3333953
3334043
3334831
3335250
3335301
3335590
3336040
3336084
3336455
3336859
3337063
3337185
3337222
3337508
3337636
3337799
3338335
3338511
3338630
3339025
3339314
3339350
3339388
3339453
3340765
3340952
3341445
3342188
3342217
3342787
3343334
3343483
3344105
3344531
3344826
3345034
3345076
3345254
3345443
3345530
3345713
3346941
3347612
3348634
3349295
3350989
3352153
3352406
3352594
3352758
3353476
3353490
3353696
3353910
3353987
3354058
3354228
3355388
3355571
3355663
3355891
3356072
3356553
3356754
3356908
3356951
3357237
3357324
3357623
3358022
3358078
3358105
3358540
3358642
3358719
3358763
3359193
3359784
3360220
3360831
3361469
3362038
3362995
3363096
3363346
3363509
3364305
3364585
3364596
3365091
3365427
3365473
3365776
3366323
3366384
3366732
3366758
3367294
3367319
3367472
3367621
3368281
3369336
3369475
3370075
3370080
3370717
3370962
3371772
3372399
3372620
3372664
3373133
3374677
3375053
3375231
3375536
3375850
3376739
3376882
3376934
3377188
3377596
3377828
3377966
3378361
3379492
3379672
3379893
3380523
3381713
3381775
3382980
3382999
3383127
3384229
3384426
3384593
3384616
3385264
3385604
3385629
3386008
3386125
3386478
3387290
3387349
3387486
3387635
3387836
3388002
3388554
3390711
3390923
3391613
3392463
3392637
3393141
3393185
3393672
3394156
3394221
3395497
3395587
3395650
3395692
3396176
3396268
3396583
3397054
3397318
3397568
3397728
3399521
3399622
3399937
3400078
3400482
3400579
3401450
3401530
3401933
3402438
3402509
3402572
3402901
3403108
3403127
3403760
3404668
3404990
3405580
3405903
3406528
3406686
3407044
3407131
3408785
3408917
3409710
3409754
3409828
3410315
3411275
3411663
3411736
3412100
3414095
3415442
3415682
3416383
3416426
3416517
3416525
3416907
3416919
3417150
3417423
3417769
3418629
3418637
3418708
3419368
3419959
3421119
3421425
3422076
3422222
3422998
3423300
3424394
3424937
3425564
3426009
3426225
3426431
3426807
3426994
3427444
3428248
3428396
3429358
3429446
3429528
3430749
3431027
3431487
3431795
3432619
3432711
3433163
3433202
3433712
3434746
3434754
3435283
3435638
3436063
3436246
3437113
3437307
3438373
3438836
3439241
3439538
3439616
3439721
3439750
3439952
3440115
3440213
3440441
3441106
3441398
3441778
3441876
3442342
3442501
3443421
3443842
3444008
3444156
3444647
3444911
3445785
3446572
3447078
3447186
3448146
3448640
3449032
3449962
3450527
3450530
3450566
3450986
3451872
3452158
3452175
3452591
3452989
3453468
3453754
3453834
3455324
3455542
3455866
3456730
3456831
3456978
3457797
3458403
3459304
3460143
3460626
3460908
3461105
3461813
3462033
3462135
3462815
3463700
3463860
3464481
3464910
3465590
3466132
3466328
3466352
3466820
3467137
3467395
3467465
3467492
3467697
3469182
3469437
3469979
3470004
3470202
3470821
3470958
3471324
3471542
3471919
3473313
3473576
3473671
3473853
3474185
3474551
3475075
3475131
3476275
3476404
3476690
3477160
3477513
3478541
3480292
3480367
3481144
3481639
3481718
3482207
3482405
3482592
3482953
3483679
3483695
3483706
3483792
3483945
3484149
3484365
3485097
3485735
3485915
3487369
3488081
3488278
3488439
3488549
3488636
3488780
3489233
3489317
3489481
3489727
3490005
3492165
3492274
3492289
3492722
3492908
3493132
3493273
3493376
3493578
3493785
3495222
3495971
3496543
3496860
3497332
3497454
3497896
3498984
3499134
3499181
3499387
3499524
3499630
3499771
3500041
3500085
3500181
3500666
3500705
3500764
3501005
3501444
3501542
3502198
3502430
3503125
3504323
3504697
3504933
3505622
3506038
3506151
3506586
3507014
3507751
3508036
3508150
3508881
3509126
3509820
3509974
3511446
3511478
3512149
3513417
3513461
3513759
3513877
3514200
3514504
3514585
3515466
3515899
3516655
3516683
3517770
3517864
3518486
3519574
3519907
3519981
3520072
3520852
3521035
3521171
3521272
3521427
3521921
3522309
3523207
3523373
3523514
3523622
3523646
3523809
3524389
3525301
3525332
3525552
3525972
3526993
3528041
3528400
3528814
3529232
3529350
3529663
3531377
3531724
3533078
3533600
3534251
3535733
3536253
3536432
3537188
3537699
3538043
3538077
3538197
3539395
3539947
3540829
3541352
3541650
3541665
3541741
3542654
3542855
3543064
3544441
3544878
3545293
3545632
3545699
3545703
3545735
3546133
3546209
3546283
3546408
3546531
3546734
3546801
3546813
3547004
3547798
3548439
3548573
3549183
3549445
3549629
3550253
3550426
3550556
3551136
3552217
3552876
3553132
3553294
3553510
3553833
3554046
3555063
3555196
3555800
3556281
3556447
3556459
3556514
3556588
3556941
3558803
3559004
3559096
3559145
3559346
3559673
3559806
3560227
3560483
3560503
3561310
3561391
3561865
3561975
3562141
3562874
3562998
3563111
3563361
3563463
3563946
3564937
3565025
3565418
3565520
3565619
3565711
3565797
3566553
3566807
3567012
3567383
3567830
3567882
3568707
3569049
3569519
3569552
3569740
3569885
3569960
3571076
3571222
3572391
3572666
3573061
3573392
3573418
3574525
3574657
3574679
3574706
3574827
3575092
3575338
3575599
3575884
3576563
3577929
3578436
3578448
3579504
3579915
3580108
3580441
3580748
3580755
3580783
3581305
3581431
3581982
3582558
3582670
3583246
3583800
3583964
3584344
3584784
3585167
3585677
3586037
3586070
3586597
3587595
3587617
3587674
3588270
3589099
3589140
3589382
3590081
3590235
3590302
3591543
3592436
3592535
3593106
3593402
3593479
3593834
3593930
3595695
3596342
3596575
3596868
3596969
3597607
3597619
3598117
3599584
3600256
3601054
3601186
3601449
3601516
3601557
3602098
3602695
3603486
3603514
3604050
3604476
3605117
3605519
3605620
3605702
3606023
3606084
3606167
3606215
3606352
3606942
3606961
3608053
3608548
3609724
3610028
3610153
3610287
3610492
3611219
3612068
3612334
3613585
3614649
3614821
3615154
3615623
3616039
3616599
3616749
3616802
3616903
3616991
3617559
3617711
3618142
3618659
3618768
3618955
3619430
3620474
3621851
3622318
3622832
3623358
3623896
3624235
3624912
3625327
3625420
3625603
3626547
3627233
3627637
3629436
3629692
3629704
3629762
3630367
3630664
3630911
3631448
3631621
3631974
3632929
3633296
3633684
3634074
3634213
3634748
3635048
3635359
3637053
3637493
3637555
3637666
3637944
3638582
3638726
3638998
3639220
3639419
3639544
3640405
3641388
3641559
3641748
3642015
3642049
3642605
3643112
3644175
3644472
3644665
3646311
3647289
3647769
3647834
3647930
3648325
3648730
3649090
3649758
3649775
3649964
3650341
3650523
3650595
3650745
3651421
3651551
3652128
3653404
3653598
3653797
3654500
3655271
3655325
3655580
3656221
3656647
3657067
3658230
3658307
3658643
3659036
3659114
3659982
3660000
3660061
3660280
3661139
3661143
3661238
3661347
3661791
3661890
3661966
3662910
3663254
3665282
3665424
3667120
3667297
3667473
3667661
3667790
3669405
3669521
3669622
3669646
3670169
3671065
3671338
3671356
3671481
3671575
3671685
3671879
3672256
3673031
3673729
3674022
3674408
3674415
3675170
3675443
3675726
3675744
3675817
3675998
3676290
3677049
3677094
3677161
3677519
3677647
3678404
3678619
3678887
3679231
3679456
3679926
3679944
3679967
3680621
3681295
3683271
3684099
3684550
3684691
3685194
3685213
3686165
3686312
3686537
3686699
3687623
3687706
3687882
3687963
3688341
3688728
3689250
3689563
3690233
3690481
3690840
3691581
3691837
3691972
3692418
3692690
3692736
3693029
3693901
3693944
3695022
3696465
3696530
3698228
3698349
3698539
3698622
3698872
3698985
3699169
3699827
3700985
3702375
3702576
3702997
3703427
3703858
3703943
3704040
3704199
3704578
3704847
3704961
3706397
3706616
3706706
3706934
3707072
3707150
3707293
3709045
3710675
3711283
3712187
3712467
3713102
3713219
3713539
3716753
3717287
3718107
3718190
3718354
3718560
3718666
3718786
3718843
3719462
3719878
3720325
3720342
3720544
3720599
3720641
3720766
3720910
3721301
3721519
3721647
3721723
3721768
3721862
3721885
3721924
3722724
3723202
3723489
3724036
3724192
3725186
3725516
3725523
3726775
3726838
3727307
3727448
3727614
3727665
3728774
3728836
3729229
3729517
3729765
3730096
3730119
3730608
3731309
3731721
3731792
3731882
3732763
3732939
3733288
3734090
3734254
3734780
3735184
3735276
3735622
3735654
3735996
3736166
3736709
3739079
3739126
3739614
3740171
3740734
3741235
3741246
3741800
3742085
3742231
3742284
3742335
3742511
3742682
3743025
3743201
3743690
3743709
3744866
3745338
3745544
3748591
3749083
3749876
3750244
3750453
3750485
3751024
3751225
3751242
3751274
3751585
3752014
3752092
3752247
3752526
3752670
3752857
3752978
3752991
3753316
3753421
3754008
3754358
3754664
3755307
3755718
3756037
3756240
3756257
3756310
3756335
3757198
3757396
3757540
3758668
3759588
3759622
3759789
3759883
3759904
3759962
3759985
3761102
3761116
3761157
3761610
3762282
3762665
3762961
3763121
3763217
3765059
3765086
3765253
3765765
3766077
3766264
3767306
3768174
3769337
3769516
3770563
3770885
3770911
3770983
3771455
3771762
3771770
3771993
3772131
3772351
3773064
3773110
3773204
3773480
3774470
3774571
3774797
3775106
3775541
3775746
3775881
3775973
3776236
3776408
3776427
3776656
3777511
3777536
3778141
3778368
3778406
3778697
3779766
3780059
3780187
3780963
3781006
3781773
3782312
3783208
3783805
3783956
3784502
3785007
3785368
3785515
3785624
3785856
3785998
3786635
3786793
3787702
3788512
3789202
3790665
3790704
3791041
3791322
3793766
3793794
3794622
3795213
3795681
3795869
3795995
3796994
3797777
3798054
3798600
3798906
3798988
3799422
3800383
3800589
3800714
3800894
3801014
3801043
3801197
3802305
3803345
3803352
3803390
3804801
3806032
3806075
3807193
3807399
3807779
3808166
3808755
3808854
3809096
3809303
3809548
3810214
3810911
3811230
3811409
3812123
3812394
3812592
3814441
3814783
3814931
3815537
3815735
3816022
3816091
3816147
3816304
3817682
3817892
3818063
3818825
3819111
3819197
3820017
3820709
3820931
3821238
3821347
3822434
3822575
3822708
3823331
3823527
3823701
3824818
3824885
3825040
3825079
3825158
3825436
3825805
3826980
3827255
3827362
3827595
3828851
3829471
3829543
3829897
3830465
3830573
3831464
3831486
3831789
3832068
3832688
3833150
3833504
3834053
3834474
3835270
3836136
3836259
3836374
3837505
3838870
3839494
3839540
3841134
3841163
3841901
3842052
3842959
3844550
3845957
3847241
3848502
3848906
3848914
3849265
3849277
3849612
3849740
3850109
3850212
3850434
3850802
3851156
3851326
3851399
3851545
3853560
3853583
3853877
3854778
3855950
3856912
3857363
3857606
3858603
3858646
3858793
3859355
3859684
3860666
3860682
3861542
3861574
3861640
3861668
3862022
3862159
3862674
3863027
3863174
3863633
3863664
3864395
3864530
3864655
3864767
3865918
3866151
3867197
3867662
3868083
3868386
3868402
3868613
3868915
3869175
3869942
3870024
3870106
3870242
3870386
3870518
3870722
3871600
3871965
3873044
3874160
3874868
3876016
3876650
3876753
3877964
3878279
3878747
3878821
3878932
3878980
3879571
3879940
3880058
3880252
3880433
3880897
3882156
3882326
3883105
3883466
3883813
3884665
3884704
3884737
3885400
3886296
3887289
3887484
3888136
3888205
3889450
3890198
3890625
3890943
3891045
3891196
3891291
3892240
3892524
3893149
3893878
3894397
3894808
3895300
3896193
3896221
3896487
3896698
3896702
3897412
3897565
3897836
3898040
3898639
3899150
3899359
3900299
3900404
3900645
3900690
3900736
3901242
3901722
3901876
3902751
3902773
3902935
3903007
3904358
3904469
3904924
3905144
3906037
3906509
3906980
3907473
3907625
3907921
3908432
3908623
3908739
3908808
3908873
3909761
3909918
3911090
3911357
3911379
3911874
3912119
3912814
3913000
3913772
3913940
3914187
3914218
3915670
3916015
3916073
3916528
3916960
3917058
3917281
3917373
3917738
3917848
3918503
3918741
3918989
3919881
3919927
3922036
3922484
3922819
3924224
3924283
3924362
3925153
3925443
3926075
3926603
3926610
3926774
3927094
3928350
3928878
3929400
3929843
3930460
3930989
3931029
3931128
3931932
3932368
3932573
3932582
3933160
3933816
3934308
3934918
3935108
3935194
3935418
3936305
3936495
3936876
3938248
3938449
3938516
3938707
3939015
3939288
3939380
3940443
3940609
3940758
3941195
3941941
3942084
3942282
3942535
3942796
3943667
3943680
3944119
3944279
3945296
3947470
3948487
3949914
3950009
3950242
3950333
3950949
3952191
3952262
3952348
3952668
3952873
3953382
3953809
3954050
3954910
3955082
3956376
3956718
3956741
3956762
3956900
3956942
3957090
3957905
3957912
3958284
3958608
3960168
3960195
3961628
3961957
3962983
3964409
3964614
3965651
3965888
3966241
3966413
3966684
3966714
3967529
3968298
3968637
3968816
3969655
3970452
3970969
3971142
3971469
3971478
3971507
3971620
3971885
3972350
3972365
3972571
3974009
3974596
3975046
3976090
3976291
3977925
3978793
3979631
3980417
3981103
3981178
3981561
3982415
3982707
3982745
3983138
3983214
3983686
3984443
3984465
3984636
3985394
3985603
3985809
3987109
3987155
3987407
3987513
3987823
3988398
3989409
3990478
3991016
3991961
3992168
3992937
3993355
3993432
3994232
3994314
3995852
3996977
3997400
3997417
3997666
3998492
3998551
3998611
3998971
4000147
4000304
4001118
4001210
4001291
4001508
4002268
4002346
4002493
4003299
4003878
4004270
4004413
4006239
4007207
4007514
4007855
4008472
4009242
4009787
4010349
4011061
4011226
4011854
4013147
4013568
4013617
4013939
4014796
4015053
4015062
4015268
4015786
4016808
4017398
4017537
4017626
4018155
4018766
4020282
4021070
4021913
4022302
4022817
4023039
4023428
4024373
4024756
4026024
4026036
4026518
4026863
4027262
4027542
4027873
4028164
4028430
4028689
4029332
4029659
4029702
4029731
4030136
4030575
4031829
4032213
4032437
4032724
4034479
4037126
4037614
4037942
4039110
4039525
4039602
4040267
4040496
4041114
4041121
4041699
4041852
4043331
4043395
4043477
4044507
4045770
4045785
4045871
4045900
4046128
4046489
4046493
4046712
4046892
4047260
4048103
4048574
4048830
4049412
4049539
4049929
4050515
4050758
4050817
4051234
4051366
4051592
4052208
4052569
4052587
4052785
4052961
4053036
4054216
4054850
4056662
4056802
4057089
4057173
4057350
4057869
4057887
4057931
4058214
4058250
4059579
4059899
4061415
4061906
4062589
4062827
4064604
4064766
4065189
4066621
4066650
4066688
4068223
4068967
4069061
4069822
4069916
4070240
4070489
4070682
4070814
4070865
4071033
4071296
4071444
4071561
4071574
4071743
4071830
4072069
4072283
4072557
4072906
4073094
4073507
4073955
4074316
4075811
4076093
4076108
4076520
4076676
4077021
4077286
4077300
4077884
4077978
4078072
4078518
4078735
4078807
4079167
4079381
4079753
4080435
4080534
4080768
4080983
4081424
4081741
4081942
4082179
4082521
4082742
4082811
4083360
4083499
4083623
4084564
4084803
4085495
4085908
4086906
4087387
4087597
4087705
4087712
4087850
4087958
4088007
4088063
4088368
4088701
4088732
4088767
4090154
4090432
4093974
4094003
4094255
4094260
4094763
4095028
4095210
4096539
4097117
4097193
4097326
4097469
4097576
4098182
4098299
4098404
4098645
4099759
4100156
4101578
4101606
4102622
4104182
4104404
4104676
4105242
4105529
4106022
4106781
4107958
4108235
4108254
4109751
4109857
4109969
4110163
4110649
4110888
4111873
4112159
4112304
4112719
4112745
4112790
4112826
4113686
4114379
4114551
4114697
4115219
4115603
4115970
4116628
4116968
4117374
4117696
4117773
4118890
4119126
4120775
4122424
4122606
4122614
4123553
4123570
4123632
4123834
4123890
4123949
4124536
4125064
4125135
4126006
4126148
4126298
4126374
4126969
4127017
4128478
4128519
4128862
4129341
4129674
4129875
4130667
4131752
4131801
4132122
4132792
4132981
4133412
4133738
4134109
4134419
4134599
4135446
4135605
4136175
4136334
4136409
4136805
4136961
4137964
4138967
4139089
4139822
4140640
4141730
4142009
4142139
4142529
4143199
4143282
4143546
4144992
4145443
4146756
4147066
4147403
4147768
4148108
4148232
4148388
4148663
4148979
4149096
4149240
4151202
4152331
4153374
4153604
4154330
4155299
4156114
4156256
4158297
4158693
4158801
4159358
4159410
4159469
4159997
4162042
4162598
4163335
4163378
4163771
4163821
4164121
4165734
4167095
4167113
4167460
4168157
4168168
4169623
4170157
4170394
4170412
4170756
4170941
4172214
4172221
4172911
4173396
4173693
4173844
4174208
4174363
4174938
4175536
4175877
4175888
4176178
4176191
4176241
4177562
4177973
4178782
4180105
4180198
4180353
4180370
4180638
4180992
4181254
4181340
4181549
4181582
4182062
4182335
4183173
4183213
4183547
4183835
4184098
4184919
4185286
4186818
4187168
4187373
4187678
4188016
4188023
4189217
4189225
4189333
4189658
4190173
4192160
4192298
4192857
4193379
4193573
4194491
4194924
4195031
4195448
4195650
4196181
4196310
4197584
4198237
4198383
4198397
4199013
4199308
4199412
4199459
4200257
4200346
4200705
4201229
4202236
4202880
4203410
4203528
4204034
4205622
4206628
4207124
4207910
4208217
4208274
4208484
4209460
4210050
4210629
4210715
4211332
4211403
4211620
4211659
4212607
4212711
4213018
4213240
4213391
4213764
4213980
4214048
4214143
4214431
4214675
4214778
4215224
4215451
4215482
4215502
4216421
4216893
4217227
4217472
4218848
4218970
4219047
4219311
4219657
4219907
4219934
4220150
4220333
4220364
4220457
4220710
4221451
4221595
4222253
4222480
4223382
4223793
4224653
4224831
4225576
4227170
4229404
4229598
4229634
4229810
4229923
4230067
4230351
4230447
4231166
4231681
4232380
4232469
4232612
4232716
4233010
4233674
4234132
4235901
4236191
4237083
4238197
4238715
4239549
4239660
4239697
4239744
4240590
4240716
4241319
4241390
4241411
4242904
4243253
4244182
4244232
4244299
4244663
4244711
4245596
4246069
4247257
4247456
4248081
4248395
4248817
4249317
4249476
4250204
4250739
4251205
4251868
4253294
4253319
4253334
4253535
4254147
4254617
4254734
4255246
4255269
4255357
4255964
4257358
4257507
4258916
4258979
4259865
4259926
4260126
4260282
4260472
4260591
4261583
4262210
4262683
4262889
4264953
4265056
4265061
4265392
4267285
4267928
4267981
4268674
4269138
4269193
4269686
4270069
4270209
4270858
4271683
4272181
4272733
4272839
4272843
4273429
4273634
4273645
4274360
4275342
4275356
4275445
4276094
4276117
4276367
4276983
4277789
4277836
4278199
4279106
4280321
4280760
4282233
4283222
4283323
4283947
4284862
4285898
4286085
4287003
4287120
4288616
4289281
4289635
4289756
4290515
4290713
4291373
4291394
4291498
4291654
4291742
4292057
4293114
4293504
4293518
4293769
4296124
4296389
4296831
4297089
4297306
4297559
4298853
4299035
4299451
4300424
4300535
4301231
4301461
4301926
4302758
4303065
4304116
4304184
4304433
4304471
4306055
4306192
4306834
4307360
4307467
4307561
4307765
4308087
4308120
4308297
4308449
4308638
4308707
4309049
4309552
4309664
4309862
4310122
4310187
4310262
4310270
4310401
4310413
4311088
4313031
4313363
4313737
4313796
4314531
4314642
4314832
4314867
4314921
4314965
4315465
4315488
4315986
4316001
4316405
4317478
4317491
4317664
4317885
4318149
4318878
4319400
4319583
4319786
4320415
4322128
4322190
4322231
4322798
4323388
4324218
4324538
4325879
4325922
4326189
4326399
4326972
4328898
4330226
4330306
4330453
4330846
4331457
4331667
4334027
4334590
4335352
4335535
4335614
4336096
4336346
4336649
4337105
4338830
4340389
4340575
4340653
4340987
4341313
4341469
4341686
4343839
4344305
4344644
4345988
4346920
4347859
4347886
4347993
4348001
4348281
4349383
4350181
4350560
4350627
4351146
4351750
4352297
4353030
4353633
4353698
4353779
4353804
4353997
4354893
4355811
4355897
4356803
4356940
4357393
4358416
4358537
4359132
4359639
4359762
4360435
4360620
4360768
4361144
4361650
4361796
4361833
4361898
4362067
4362809
4363086
4363444
4363499
4364470
4367378
4368986
4369490
4369978
4370291
4370964
4371351
4371897
4372016
4372101
4373192
4373457
4374425
4375574
4376160
4376715
4377042
4377586
4378590
4378955
4379046
4379054
4381584
4381752
4382086
4382169
4383539
4383811
4384558
4384653
4384831
4385829
4385853
4385909
4386455
4387933
4388176
4388850
4390140
4390366
4390897
4392403
4392924
4393329
4393584
4393943
4394215
4394376
4394411
4395649
4395980
4396355
4397242
4398006
4398895
4399052
4399889
4401010
4401473
4401719
4402792
4402851
4403315
4404247
4404356
4404969
4405581
4405924
4406741
4406925
4408096
4408400
4410052
4410842
4412095
4412503
4415743
4416172
4416727
4416910
4417995
4419046
4419430
4421739
4422087
4422297
4422939
4424549
4428601
4429436
4429455
4429578
4429805
4430030
4430082
4430358
4430870
4431031
4431587
4432904
4433110
4434690
4434923
4436790
4436875
4436906
4437190
4438817
4439109
4439233
4440123
4440412
4441979
4442326
4443781
4444208
4445509
4445560
4447225
4447431
4447601
4448463
4448831
4449063
4451920
4452456
4453388
4453559
4453887
4453984
4454500
4454808
4455342
4457001
4457140
4457592
4458079
4460299
4460429
4460505
4463034
4463549
4464015
4464051
4464358
4464605
4464885
4466400
4466666
4467656
4468033
4469897
4469985
4470602
4470976
4471092
4471490
4471544
4472165
4472398
4472601
4472675
4472703
4472834
4472890
4473101
4473251
4473587
4473704
4475421
4475648
4475964
4476281
4477301
4478634
4478711
4478902
4479107
4479850
4479913
4481176
4481442
4481511
4481967
4482141
4482302
4483513
4484691
4485462
4485772
4486479
4489008
4490532
4490629
4491716
4491829
4491909
4492173
4492887
4494845
4495408
4496323
4497023
4497180
4497472
4498032
4498610
4498985
4499064
4499739
4500098
4501558
4501715
4501823
4501868
4503215
4503688
4503796
4504745
4504752
4505817
4507277
4507552
4507563
4507723
4507768
4508559
4508634
4509096
4510446
4510590
4511023
4511864
4512245
4515632
4515746
4518076
4518395
4519580
4519685
4520173
4520392
4520690
4520957
4521011
4521072
4521908
4522271
4522342
4523672
4523905
4525328
4525621
4526268
4526597
4526720
4527451
4529032
4529459
4530137
4532249
4532753
4532864
4533495
4533834
4534821
4534999
4535517
4535574
4536501
4538702
4540095
4540942
4541378
4541524
4541572
4542357
4542683
4547538
4547721
4547851
4548054
4548164
4548370
4549288
4549545
4551100
4551784
4551795
4552365
4552462
4552598
4552724
4553119
4553814
4554121
4554596
4554626
4556465
4556767
4557411
4557925
4559110
4560279
4560975
4561556
4561743
4562531
4562813
4562914
4562943
4563804
4564076
4564477
4564800
4565351
4565514
4565539
4565848
4565904
4567794
4568293
4568626
4568930
4569144
4570225
4570537
4570562
4571341
4571728
4572110
4572602
4572631
4573521
4573635
4574727
4574794
4575478
4575612
4575948
4576993
4577291
4577594
4578583
4578877
4579854
4580102
4581321
4581931
4582117
4582206
4582576
4582620
4583105
4585597
4586020
4586851
4587585
4588197
4588445
4588782
4589081
4590112
4590211
4591439
4591624
4591713
4591856
4592128
4592682
4592839
4594047
4594574
4594623
4596117
4596519
4596647
4597058
4597102
4597592
4600061
4600931
4602148
4602434
4602773
4603439
4603551
4603573
4604410
4605144
4605688
4605704
4605871
4607164
4607642
4608178
4608360
4608561
4608981
4610502
4611269
4611368
4611421
4611530
4611726
4613194
4613418
4613559
4613887
4614952
4615476
4615641
4616659
4618409
4618692
4619710
4620047
4620640
4621271
4621419
4621434
4622431
4623390
4623812
4624003
4625141
4625582
4625672
4625697
4626245
4626459
4627358
4627955
4628173
4628835
4629257
4629555
4630497
4630859
4630864
4632443
4633065
4634506
4634543
4636504
4636537
4637827
4638120
4638297
4638656
4640573
4640775
4642101
4642230
4642273
4642328
4642455
4642639
4643834
4645324
4646532
4646794
4646879
4646991
4648094
4648605
4649466
4650188
4650876
4650994
4651914
4652146
4652229
4652830
4652894
4653420
4654325
4654857
4655698
4655757
4655960
4656031
4656132
4656677
4657045
4657063
4657203
4657775
4658029
4658240
4658850
4662100
4662723
4662911
4663147
4663734
4664898
4667242
4668513
4668662
4668969
4669726
4669971
4671454
4672115
4672547
4673417
4673536
4673555
4673583
4674312
4674982
4675304
4675625
4676235
4676959
4677376
4678351
4678654
4679743
4679815
4680461
4681945
4682236
4682523
4683896
4684137
4684246
4684648
4685635
4685855
4687532
4688114
4688320
4688890
4689002
4689448
4690507
4690768
4690896
4691345
4691729
4692447
4692565
4692824
4692962
4695192
4696112
4696449
4696858
4697425
4698648
4698683
4699641
4699922
4701622
4701941
4702273
4702424
4702483
4703048
4704694
4705360
4706991
4707194
4707822
4708015
4708049
4708066
4708277
4708671
4709584
4709707
4710280
4711908
4712148
4713019
4713530
4713767
4714924
4715497
4715643
4715741
4715833
4717385
4717625
4719459
4719809
4720664
4720731
4720829
4721031
4721961
4722184
4722929
4722996
4723750
4723777
4724194
4724275
4724586
4724931
4725225
4725852
4726329
4726880
4727128
4728278
4729039
4729730
4729773
4729816
4729879
4729946
4729969
4730033
4730360
4730432
4731338
4731715
4733460
4733606
4734069
4734248
4735395
4736315
4736543
4736588
4737206
4737399
4737528
4738194
4738607
4739145
4739474
4740680
4742071
4742383
4742517
4742542
4743738
4743836
4745161
4746472
4747443
4747799
4747817
4748223
4748536
4748814
4748975
4749571
4749586
4750824
4750962
4751166
4751173
4751803
4751822
4753482
4753642
4753745
4754677
4754938
4755202
4756976
4758338
4758407
4758946
4760689
4761323
4761508
4761889
4761912
4762705
4762839
4763061
4763652
4764432
4764684
4765361
4765637
4766082
4766740
4767953
4768688
4769320
4769754
4769834
4770328
4770472
4770704
4771181
4771461
4771511
4771560
4772744
4773513
4774140
4774929
4776055
4776769
4777383
4777542
4778211
4780580
4781125
4781301
4782854
4784675
4784881
4785209
4786104
4786269
4788131
4789020
4789538
4789981
4790096
4790901
4792112
4792385
4792826
4793193
4793344
4793487
4794052
4794316
4794799
4795245
4795464
4798114
4799126
4799158
4799266
4799334
4801885
4802093
4802634
4802709
4802810
4803037
4803387
4803608
4803944
4804479
4805502
4805674
4808179
4808234
4809178
4810455
4810522
4810591
4810665
4810961
4811240
4811310
4811850
4812007
4812302
4812340
4813092
4813428
4814219
4815619
4815854
4815979
4816225
4816238
4816722
4818466
4818763
4819576
4819837
4820044
4820116
4820635
4820789
4821418
4821931
4822015
4822174
4823494
4823992
4824294
4824993
4825134
4825759
4827024
4827106
4827200
4827386
4828183
4828946
4828987
4829137
4830337
4830745
4830988
4831421
4832202
4832391
4832865
4833115
4835407
4835773
4836142
4836156
4837687
4838546
4838925
4839200
4839293
4839305
4839930
4841098
4841739
4842745
4842832
4843073
4843469
4844118
4844624
4845276
4845373
4845872
4846388
4846995
4848570
4849068
4849859
4850519
4850698
4851871
4853413
4853976
4855863
4855930
4856451
4857107
4858323
4858340
4858624
4858825
4859298
4861039
4861476
4862570
4862710
4863448
4863472
4863591
4863643
4865683
4865799
4866207
4866654
4867250
4867265
4867948
4869733
4869814
4870663
4870681
4871011
4871680
4872220
4872840
4873076
4873153
4873799
4875002
4875472
4876284
4876400
4876489
4876733
4876999
4878432
4878616
4880515
4880861
4882249
4882643
4884176
4884322
4884913
4885602
4886727
4886773
4887803
4887846
4888292
4888507
4888552
4888647
4890699
4891236
4891415
4891674
4892372
4892684
4893700
4894766
4894782
4895243
4895716
4896472
4896503
4896974
4897414
4897551
4897800
4898474
4899418
4899520
4900351
4900433
4900937
4901940
4902528
4902686
4902702
4903880
4904180
4904455
4904460
4904859
4905257
4905843
4905892
4906178
4906229
4906270
4907097
4907863
4908325
4908356
4908575
4909357
4911992
4912191
4912397
4913123
4914172
4914220
4915804
4916126
4916871
4917045
4917959
4918070
4919887
4920014
4921138
4922267
4923037
4923284
4924097
4924680
4924754
4925046
4925776
4926090
4926964
4928099
4928543
4928654
4928918
4929679
4929873
4930041
4930391
4930511
4931743
4931976
4932482
4933008
4933534
4934800
4935252
4935394
4935774
4936275
4936690
4937910
4938518
4939040
4939227
4940164
4941076
4941439
4941443
4942303
4942673
4943822
4945050
4945338
4946841
4947013
4947168
4947550
4948273
4951072
4951106
4951150
4951423
4951644
4952751
4952823
4952935
4953007
4953210
4953379
4954138
4954313
4954997
4955113
4956004
4956070
4956190
4956572
4956682
4956705
4957069
4958480
4958866
4959245
4959506
4959855
4960551
4960683
4962665
4962989
4963746
4963927
4964163
4965187
4966050
4966300
4966629
4966730
4967957
4968818
4969248
4969272
4970446
4970491
4970885
4971113
4972351
4972836
4973602
4974173
4974244
4974628
4976003
4976858
4978028
4978443
4979039
4980047
4980500
4982188
4982890
4983535
4984494
4984752
4984790
4985986
4986001
4986330
4986738
4986929
4987435
4988173
4988645
4989119
4989223
4990510
4990898
4990989
4990993
4991268
4991279
4991493
4991747
4991901
4992527
4994276
4994373
4994550
4994635
4994669
4994717
4994756
4995339
4995586
4996011
4996632
4996819
4996876
4997146
4997285
4997827
4997928
4999686
5000563
5000885
5001002
5001079
5001227
5001282
5002013
5002140
5002514
5002539
5002687
5002918
5003086
5004564
5004979
5005055
5005930
5006337
5006523
5006617
5006906
5009685
5012523
5012992
5013030
5013250
5013784
5014357
5014817
5014959
5015234
5016645
5016803
5016979
5018225
5018261
5018675
5018699
5018845
5018881
5019068
5019126
5019460
5019886
5020019
5020395
5020530
5020594
5022833
5022989
5023293
5023320
5023973
5025458
5025480
5025556
5026445
5026670
5026751
5026802
5027306
5027453
5028837
5028853
5029171
5030778
5031022
5031133
5031370
5031408
5031752
5031977
5032285
5032714
5033565
5033622
5034092
5034526
5036167
5036917
5036938
5037278
5037302
5037998
5038145
5038877
5040444
5040679
5041452
5042754
5042908
5043606
5045986
5047605
5047896
5047972
5047997
5048201
5048299
5048891
5049190
5049474
5049967
5050282
5052185
5052222
5052465
5053428
5054459
5054646
5055226
5055365
5055957
5057071
5057426
5057517
5057882
5058171
5058494
5059545
5060374
5061367
5061478
5061818
5061936
5062017
5062984
5062995
5063070
5063134
5064097
5064114
5064570
5065035
5065112
5065164
5067569
5068032
5068635
5069499
5069739
5071314
5071350
5071755
5072100
5073341
5074251
5074718
5075712
5075888
5077143
5077177
5078558
5079477
5079856
5080531
5080617
5081964
5083404
5083533
5084285
5084866
5085124
5085857
5086243
5086446
5086519
5086612
5087044
5087140
5087327
5088472
5089024
5089632
5089769
5090201
5091072
5092092
5095040
5095113
5095352
5095993
5097642
5098631
5098657
5098981
5099116
5099228
5099447
5100579
5101817
5102231
5104012
5104499
5105481
5106243
5106519
5106702
5107514
5108692
5109596
5109791
5109951
5112125
5112740
5112997
5113003
5113147
5113318
5113362
5113540
5114068
5114273
5114974
5116122
5116218
5116360
5117320
5117973
5118043
5118155
5118264
5119045
5121107
5122269
5122302
5122379
5122421
5122624
5123604
5123618
5124075
5124471
5125108
5125130
5125166
5125306
5125598
5125628
5125709
5125995
5126495
5126613
5126791
5127432
5127990
5128531
5130342
5130558
5130637
5130653
5130823
5132299
5133062
5133932
5134347
5135482
5135752
5136246
5136933
5137113
5137472
5139788
5140042
5140166
5141518
5142065
5142342
5142490
5142544
5143331
5145215
5145436
5147977
5148229
5148538
5149550
5151032
5151855
5152345
5152938
5153416
5153754
5154682
5155122
5155500
5155542
5158686
5158972
5160644
5161600
5162467
5163099
5163351
5164629
5165686
5165779
5165837
5166175
5167246
5167874
5168240
5168980
5170649
5170673
5170694
5170786
5171064
5171187
5171765
5171990
5172370
5172494
5172950
5173702
5174019
5174465
5175263
5175646
5176280
5179753
5179805
5179942
5180117
5180358
5182219
5183135
5183154
5183631
5183815
5183990
5184089
5185055
5185150
5185440
5185807
5186272
5187814
5187967
5189050
5189271
5190500
5191567
5193677
5193737
5194078
5195007
5195235
5195515
5196080
5196603
5197612
5198258
5199202
5200080
5200102
5200521
5200550
5201547
5201676
5202142
5202723
5203010
5204460
5205202
5205378
5205694
5206945
5207699
5208922
5209246
5209758
5211451
5212012
5212237
5215380
5216942
5218062
5218310
5219520
5220823
5220987
5221818
5222512
5222772
5223369
5223673
5224139
5225133
5225674
5226594
5226874
5227266
5227770
5228793
5229218
5229561
5230335
5231574
5232105
5232255
5233193
5234278
5234655
5235207
5235756
5235855
5236267
5237749
5237935
5238009
5239587
5240105
5240977
5243149
5243485
5245969
5246332
5246723
5247543
5248424
5248704
5249791
5252021
5252544
5253414
5254313
5255023
5255031
5255942
5256583
5257078
5259001
5259179
5259691
5260210
5260573
5261263
5262796
5263667
5263908
5264284
5264369
5265808
5266445
5267533
5267709
5268403
5268422
5268795
5268896
5268955
5269781
5270008
5271578
5272937
5273499
5273517
5273827
5273990
5274089
5274201
5275055
5275106
5275200
5275457
5276385
5277004
5277615
5279910
5280064
5280135
5281172
5282217
5282949
5283180
5284329
5284337
5284638
5284763
5284943
5284950
5285477
5285744
5286234
5286742
5288607
5288979
5289511
5289682
5290741
5291004
5291572
5292331
5293233
5293653
5293696
5293766
5293910
5295000
5295533
5296106
5296626
5297475
5297538
5298867
5298906
5299288
5299909
5300414
5300508
5301514
5301592
5301872
5302057
5302522
5302989
5303261
5303312
5303626
5303876
5303966
5304666
5304759
5305047
5305355
5305432
5305561
5305765
5306954
5307127
5307194
5307755
5307760
5307940
5309494
5310232
5310496
5311072
5312434
5312653
5313104
5313465
5314948
5317600
5317844
5318475
5318695
5319848
5320066
5320841
5321497
5322929
5323458
5325106
5325217
5325495
5325596
5326385
5326473
5327694
5328379
5329286
5331172
5332320
5332518
5333665
5334236
5336327
5337214
5337221
5337375
5337702
5338968
5339223
5339322
5339806
5339892
5340242
5340828
5341523
5342480
5342827
5343075
5344868
5345049
5346175
5346704
5347421
5348163
5348202
5348771
5348967
5350001
5350080
5350543
5350789
5351299
5351306
5351485
5351923
5353353
5353362
5355627
5357994
5359185
5361323
5361838
5364907
5365903
5365910
5367646
5367937
5369011
5369188
5369537
5370770
5371152
5371268
5371303
5372034
5372889
5373730
5374080
5374742
5376200
5376667
5376699
5377178
5377976
5378112
5378159
5378875
5379292
5379469
5380247
5380300
5380715
5382093
5382392
5382512
5382709
5383152
5383524
5383786
5385396
5385656
5386672
5387741
5389556
5391714
5392283
5392826
5393435
5394648
5395075
5395234
5396598
5396607
5396923
5397361
5397857
5398613
5398787
5398949
5399925
5400247
5400575
5401491
5402957
5404585
5405105
5405430
5405752
5406697
5406874
5408592
5408635
5408970
5410126
5412254
5412573
5413567
5414836
5415462
5415916
5416890
5417229
5418689
5419313
5419740
5420543
5422142
5422633
5422870
5423502
5423642
5424460
5426098
5426103
5426602
5429465
5429609
5430091
5430531
5430943
5431636
5432378
5437184
5438199
5439143
5439416
5439890
5440666
5441110
5441122
5442790
5443142
5443375
5443779
5444874
5445774
5445883
5446437
5447088
5447111
5447264
5448553
5449376
5449546
5450193
5450491
5450528
5451273
5452550
5453623
5454258
5454343
5456069
5456329
5457070
5458052
5458278
5458947
5459766
5460047
5460602
5460830
5460981
5461526
5461730
5462644
5462680
5462746
5462819
5462852
5462915
5463126
5463483
5463606
5464362
5465648
5466315
5466603
5467590
5468822
5469085
5469627
5470182
5471192
5472419
5473210
5474911
5475031
5478444
5479412
5479824
5480594
5480986
5481116
5481897
5482606
5483114
5484850
5485110
5485721
5486088
5486298
5486532
5486991
5487108
5488030
5488189
5488265
5489568
5489943
5490386
5491010
5491449
5491950
5492882
5493102
5493565
5494641
5494708
5495027
5495581
5495702
5497076
5497799
5499108
5499314
5499783
5501423
5502708
5504008
5504301
5504590
5505249
5506284
5506764
5508071
5508218
5508401
5509067
5509756
5510370
5510396
5510707
5511222
5511287
5511933
5512070
5513042
5514122
5514668
5516049
5517742
5517929
5518381
5518643
5519930
5520241
5521696
5522114
5522402
5523938
5524304
5524568
5525118
5525368
5527030
5527716
5529354
5529461
5529901
5530376
5530460
5531240
5531461
5532713
5533575
5533954
5534140
5534433
5535149
5536791
5537285
5537309
5538939
5539030
5539243
5539403
5540316
5541252
5541433
5541836
5542665
5542925
5543828
5546879
5549236
5549832
5550333
5551112
5551992
5554264
5554575
5555125
5555292
5556692
5556917
5557998
5558279
5559724
5559846
5560433
5560471
5560691
5560717
5562698
5562853
5562909
5563022
5563638
5563965
5563977
5565004
5565029
5565223
5567083
5567114
5568816
5569549
5570374
5571073
5571313
5572149
5572299
5572388
5574973
5576450
5576530
5576594
5578067
5578327
5578550
5579383
5579907
5580877
5581668
5581750
5582046
5582826
5583094
5583612
5585013
5586166
5586748
5587183
5587794
5588289
5588479
5588949
5590206
5590410
5590487
5591079
5591639
5593589
5594496
5595468
5595675
5595852
5598488
5598683
5599006
5599794
5600401
5600602
5601445
5601884
5602150
5603448
5604133
5604329
5606308
5607380
5609888
5610094
5610837
5612140
5612848
5612929
5613296
5614343
5615293
5615495
5615807
5616914
5617041
5617493
5618817
5619039
5619419
5621060
5621305
5621479
5621966
5622160
5622685
5623515
5625175
5625282
5625483
5626322
5627415
5627540
5628064
5628777
5628788
5629219
5629654
5630254
5631330
5632345
5632363
5633139
5635525
5636991
5637343
5637453
5639832
5639858
5640175
5640847
5640925
5641107
5641913
5642551
5643050
5643264
5643715
5643766
5644123
5645244
5646200
5646289
5646305
5647360
5648091
5648304
5648531
5649731
5649955
5651896
5652321
5652931
5653070
5653493
5655133
5657132
5657677
5658848
5659241
5659945
5660322
5662186
5662752
5662977
5663399
5665327
5665349
5665603
5666321
5666690
5667501
5667629
5672146
5672616
5673687
5673756
5674526
5674991
5675051
5675344
5675375
5676460
5676956
5677842
5680738
5683728
5684864
5684898
5686348
5687217
5687479
5687484
5687529
5688445
5688580
5689162
5689196
5689648
5689800
5689905
5691076
5691185
5691492
5694934
5696757
5696948
5698796
5699165
5701630
5701764
5701967
5702379
5703476
5704471
5705000
5706504
5707815
5708965
5709094
5709161
5709193
5711481
5711575
5712890
5713132
5715118
5716420
5717117
5717784
5718822
5719346
5719555
5719627
5719771
5719786
5720272
5720617
5721357
5721609
5723634
5724187
5724444
5724743
5725532
5726142
5726375
5727412
5727486
5728084
5728390
5729143
5729828
5731791
5731845
5732544
5732604
5733697
5735126
5735522
5735614
5735886
5736181
5736400
5737523
5738187
5738348
5738397
5739044
5741581
5741723
5742392
5743134
5743417
5744553
5744807
5744949
5745776
5746465
5746998
5747251
5747741
5748228
5750771
5750892
5751426
5751525
5754551
5755691
5756127
5757407
5758200
5758347
5758359
5759319
5759961
5759993
5761307
5761411
5763743
5763907
5764000
5765601
5767029
5769065
5769298
5769567
5770007
5770566
5771577
5771687
5771953
5772249
5774322
5775187
5775602
5776879
5777418
5778686
5780613
5780915
5782866
5782963
5783565
5785100
5785924
5786472
5786483
5787185
5788145
5791093
5791173
5791645
5791979
5792358
5792936
5793844
5794411
5795712
5795865
5796033
5796241
5796467
5797951
5798823
5798831
5802631
5803918
5803985
5804039
5804476
5805740
5806938
5807141
5807368
5807713
5808474
5809025
5809709
5811394
5811592
5812639
5813106
5813541
5815668
5816558
5817586
5818403
5821309
5821542
5822579
5822600
5824254
5824683
5825102
5829871
5831650
5831833
5831974
5832412
5832592
5833444
5834607
5835238
5835908
5836255
5837759
5838170
5838842
5839575
5840075
5842125
5842885
5844614
5845786
5845892
5846765
5848802
5848879
5849861
5850752
5850832
5851368
5852806
5854047
5854475
5854589
5858031
5858643
5859024
5859188
5859225
5859312
5859359
5859722
5859787
5860226
5861121
5861200
5861834
5866597
5866806
5867965
5868517
5869985
5870499
5870928
5871445
5871452
5873390
5873424
5873650
5874069
5875222
5875800
5876498
5877239
5878995
5880591
5882912
5884717
5884809
5885619
5885690
5886876
5886949
5888133
5889422
5889647
5891534
5891997
5892485
5892748
5892783
5893583
5893608
5895091
5895427
5896780
5897621
5897917
5898855
5899285
5902337
5902674
5903519
5903612
5904170
5904331
5905918
5907092
5908048
5908293
5908632
5909546
5910816
5910884
5911221
5914312
5915531
5917614
5919098
5919253
5921120
5921224
5922976
5923228
5925125
5925288
5925446
5927052
5927104
5927278
5928958
5931115
5931151
5931437
5932528
5933858
5934079
5934677
5934704
5935560
5940757
5941016
5941535
5942099
5942290
5942860
5943631
5943919
5945703
5946531
5947387
5949840
5951050
5951212
5953942
5955414
5955775
5955817
5956412
5960132
5960144
5960345
5961391
5961771
5962767
5962800
5964471
5968003
5968516
5968950
5971141
5973564
5974458
5975092
5976885
5978282
5979055
5979225
5979791
5981238
5984221
5985688
5988952
5989252
5990825
5991179
5991953
5992472
5992762
5992917
5993274
5994555
5996513
5998094
5998277
5998716
5998768
5999159
5999224
5999236
6000266
6000688
6000917
6001877
6003300
6004622
6005000
6005089
6005709
6006484
6007309
6008617
6008813
6008880
6009125
6012778
6013741
6016996
6017027
6017288
6018130
6018350
6019041
6024684
4878169
3621830
5450422
4725881
3541704
4918932
4229350
2521210
4862601
4142359
5364640
4791976
3531149
4552878
5662159
4972447
3294833
1128029
2774320
2031064
3299959
4516430
5946638
5554935
4776852
2806931
1456615
1983657
3251336
2413964
1312565
5313912
1219206
2626097
1540616
2524679
2342832
3556245
5641231
1749118
3374820
1822354
4123048
4418804
5387692
2307249
5544128
2794902
5256843
3286497
2957099
4048047
5635640
3818683
2059219
4435055
4464380
2304188
1217229
4270728
4029015
3897691
3248860
3851332
4538997
2928537
5476850
4438683
4497294
2065684
4286608
1083221
4900179
4859773
2557039
3961878
3667078
5919525
4943314
3424700
3477155
1215619
5442693
1469734
4365121
1276134
3802055
3442205
2482663
4778689
5636662
1363193
3518897
4733925
5625436
3327547
2130340
3405286
3482521
2909547
1364357
4676838
4399269
5501009
4604528
3456136
3990015
4422473
5158837
4217820
3562118
2964344
5928134
1295326
3767878
2684280
1078026
3597869
1481580
4560572
1678899
2675521
5008912
3607302
2762239
2391171
3471827
1125161
1134249
2937786
5142434
3746972
1615569
2097538
4381236
3162852
2499144
5178807
2172990
4070720
2459045
3223056
2152547
3702972
2912546
1653921
5356765
1741995
2368038
2462041
2941628
4651046
4657170
4073250
4684838
4445062
3423160
3426982
1983178
2934663
4379595
3765631
5995765
4165776
5113473
3411453
3078584
3088691
5913649
2230261
2436635
1926644
5175351
2462295
5932829
1912469
1797328
1422652
2053986
5567601
1331330
1870660
2411121
1127235
3245875
5051839
3076274
3500555
1413123
3455631
5235116
3845586
3145937
1099136
4055005
3217174
2045782
1019537
4993212
5653190
2968976
2545236
2133261
3638874
3249033
2074902
5485500
5807034
1321097
3712218
5288690
4519197
3235215
5175234
3397385
3992883
1960881
3678846
3925118
1528837
2769861
4055952
1546622
5938197
2056346
1860250
1743224
2301853
5532986
4388474
4395391
3787768
2750495
2574764
4771231
3787030
2371828
3644409
3154652
5317329
4060333
5597764
2314447
1168198
1939311
1089942
2651315
4572928
3143008
3505366
1567900
2260393
5226357
4692102
1544600
2122773
1446659
5063062
1226360
4280835
5480269
5675841
1666519
4112661
5998960
4655731
4240731
4583899
4311708
5952667
4512941
3230979
1102899
5012921
3559128
3037478
4507193
3651185
5714112
3694333
2154495
2246080
5687585
1205638
3186389
5092802
2072717
1709760
3971757
2303651
1012747
3299254
5912213
2450184
2490524
2189379
5120113
6011006
1218921
4950226
5078183
5861949
4515973
2897628
1176243
4814080
1653318
1586221
2257525
5943098
4184005
3148431
4895487
2472947
1342443
1199091
1158232
2554302
3666257
5967517
2004729
1291078
4667504
2422464
5495313
2722009
1404144
1565003
5179227
5312197
3546035
3181290
5651818
5250321
5865068
1042729
5921965
4617184
2903327
5299647
2600198
1307015
4114971
4681169
5978785
1778093
5740773
4272134
2189530
2828216
2574425
5178200
3820404
5680184
4150057
3058662
3300066
2494889
4046888
2041508
2879333
3749746
5771985
3083798
5022639
2930125
1224718
5459361
5835541
5741896
1817066
5368319
5016755
1219478
4306083
5094367
3407738
5505497
5814438
2920548
4072584
5328368
1746873
2342069
5713249
2547215
1825766
2960533
3711832
2982340
2440951
2357608
4038592
1882296
4623251
2534911
1526481
4061728
1888456
5370510
4613891
5513127
2463810
1282180
3489298
6006735
1934994
4784431
3281502
3950675
3831824
2513319
2095887
3313605
3447353
3346044
5137729
2411192
2022940
3582197
3838698
4543039
1672331
2629909
6010706
4008448
3888513
2207004
5600830
1599738
3950504
2197315
5638066
4702938
5904302
5931470
1855464
2182403
4546011
2828152
2529845
1916012
3760998
3783961
1502811
5636641
5962566
5876872
4976046
4947486
1836771
1321541
5025324
4115550
4638638
3044490
2685495
5336067
4865800
3694529
1886974
5230850
4442292
2480969
2299789
1372467
5720396
4378804
1935069
1320681
4704119
2420924
2243621
2439555
2970204
3206710
5688715
3602475
2967752
1098323
3119100
2993268
1677788
3130069
4854470
5742559
5493168
1662240
3032680
5790654
2839566
1257190
4821979
4333395
5841564
1303587
1210925
5587160
3107847
4607449
3267608
2049261
5300019
2199200
3589897
4197776
5977918
1846856
5663277
3272503
5707187
3323333
4765111
5046044
5812113
5638380
5698587
1273893
2650594
1553629
2800892
5487089
2403009
4762958
4978076
5940563
5816065
2202700
5743391
3447147
5492981
2597165
1644428
2709459
5443243
2091682
2619090
5355062
2083376
4469123
1655649
1690310
3689664
5696313
5416518
3426746
4987716
4204508
5800787
2674104
4257909
3244644
2872630
1219716
4035209
5504082
4031853
2408563
2083345
5080638
2564038
5405482
5198232
1832286
1469236
1337226
2677361
3952154
5121720
2770124
1347103
3864959
4353375
3837736
5748123
1273874
3166080
3783847
3984582
1026058
1808844
1740168
5351470
1496274
4432761
3467421
5913980
3625543
4749280
1309346
1323269
1858457
5833098
3382417
2224814
2460689
5509498
2797202
2201578
5684455
5205134
2184095
1351853
2542441
5446533
4940531
1026013
3147452
4763299
3252977
5995475
4228096
3306362
5896379
6004219
4307285
4068975
2400648
4867576
1277880
3591809
2998394
2936171
5698411
4401046
2366486
5977592
5833602
4000362
1665286
3776362
3925838
1083214
3161567
4279217
2692908
4736116
3096093
2395829
1545210
5380766
1165377
5458170
1610042
5279043
2423059
2965762
4844170
3676756
2579159
1497311
2869581
5966402
1479050
4723593
2761377
5827558
5438167
1708865
3498166
2635790
2820769
3645190
1222686
2715580
3480698
5591455
3971581
5552525
1400290
1909680
1074541
3693425
3051404
5156428
2788024
2513113
1965924
4374892
4150503
5660843
2173565
5433797
5042114
5754530
4522954
4535919
1459281
4307882
4103631
4315477
3548817
5926307
3290131
4440918
4965525
4759861
2862986
4229232
1056753
2342745
1913297
5119861
1303497
2540526
2584286
4056136
4434748
2295503
5386316
2064489
2981037
5848043
4640052
3846036
2212133
2671348
6017189
3408587
1141345
1078471
4193861
5719913
2876100
5736958
1213922
2894712
3806588
5071151
3206680
4185434
3895802
2903918
1263068
5297383
5765828
5688991
5190743
5726193
1218950
4776735
4035867
1046637
2082644
5463741
2451089
5768137
3337076
4855680
5478122
3708109
4615065
2061207
4137384
4822804
3690708
4153946
5462165
1087513
4568754
4732274
3375134
2547606
2896476
2109096
5374550
2729442
2329912
1524630
5830960
4124877
3028874
3808194
3848880
3543976
1564347
5274607
5771700
5927137
5873167
4809012
3409036
3741492
4702546
4193269
5819430
5081758
5761497
1764454
4890479
5845821
3871617
1019675
4564726
1430509
2929068
1407518
5988047
1884991
5243854
4120340
3377601
5758440
3180465
3726758
2636933
1608581
4220876
3891573
1071804
3813808
2005417
4363397
4521570
1812457
4794971
3366357
1170516
3143924
3470627
5488698
4314992
5200447
2088760
2336125
5460324
1502405
5743901
3634127
5817213
5999147
3829610
3780866
2766296
3114102
1679716
3969045
4979558
5082070
2167604
1761320
1574249
2735724
5361964
3359779
5190616
3401660
2161480
2581939
1588925
5742388
4360403
1578802
1127007
2877646
1084302
3452871
3107993
5398828
3905898
3582264
2366234
2791079
3527162
3025192
2176796
3899890
3903368
4321515
1142996
5603002
2462004
1537799
3421190
2527985
5947240
1246869
2256312
1934876
3807664
2096787
1938234
1691743
1232378
3045779
2217662
2664696
2192284
2665422
5479075
5242798
5372357
1515420
3784337
3033522
2724943
2510788
1802758
2630978
3720476
2148087
1309759
2088891
2242024
4749074
2448932
5216805
5526486
4033806
5434012
4041518
2064673
4237601
1085131
3768795
4603357
3119909
1442442
5548193
1440540
5726534
5313291
1136191
3583726
1445356
2274411
3726732
1132534
3995256
5951325
2477253
3712204
2585507
3277280
5632175
5000469
4629980
5017463
1170801
2929591
3263849
4530287
5188357
1563560
4757200
5790459
4775995
1834367
5459840
5403391
3151472
5980244
1853239
3290918
4845678
2269444
3684678
1161608
4452018
4294901
5354208
4516752
2832948
4217266
3838862
2056694
4866330
2474691
5729114
2955857
1813886
2826208
5102310
5989405
1301043
3479569
1253561
5781801
4073239
4713246
1375784
4296407
2930612
4181817
4561467
4346153
1500837
2836285
4704378
1570420
1543917
4180091
5837369
3792594
5319860
3573025
3913017
2339114
4370697
3519542
4886978
3646241
1152060
4468191
5153312
4524051
5172112
2882407
1462273
5682519
4450579
2545224
1115801
3604749
5961461
2413800
5394185
1079253
4505028
5646097
2983014
1109688
1406873
1221437
2678982
1267491
3554427
2069224
1049164
1234919
4959700
1603908
3653149
5415392
2945892
5383041
4501374
3516052
2202756
5152621
5038442
1952144
3057982
2162370
3865067
2196399
2482388
4710441
2735619
3431841
2298413
4423552
5747554
4048086
3714879
1268772
4499873
2792116
2580333
5847114
5595143
5172430
3440025
5307244
2246550
5055512
2351886
4858235
4998813
2324762
1514800
3439311
2294936
4470012
4237479
1959105
5245271
5178927
4080528
1737967
2184546
5592276
1952993
1695290
3674689
3630960
2006372
5234660
4800526
3365449
2024828
2310497
2609703
4341528
1206672
5937048
3476505
1184698
2881347
2561273
4384338
3410622
1828510
2345099
4023685
1368238
5731553
2054784
1643622
1618777
1850850
3380781
2466955
3918472
2360169
5555239
5840026
4898694
4512330
3752969
3156255
2029324
3471169
3490815
1300849
4392997
4582740
3032769
3581778
2563866
3648935
2581105
2898870
5818948
2185041
2960108
3360823
4082506
3319643
2007675
3791682
3702757
5805997
5265154
5658140
1272935
1552488
2068478
1768866
4654532
3430685
3395606
5726410
2799247
3306642
5542956
5673654
4843435
3863066
1603915
5354785
5379375
1142290
4833755
4464862
2580966
2568443
5598421
4318350
4068037
3129713
2398004
3085939
4473095
1300059
4282935
1892082
3168392
2604538
4764976
1849952
4811378
1103633
5474008
2179547
3109204
2740549
3838066
4907036
3885461
2085551
5118463
2287330
1557103
1760619
2955831
3215488
5896162
4492652
2683851
3134765
5965968
2536944
2229858
2856565
4578720
4580075
1626451
2313751
2710105
1762766
3053939
1635368
3345893
4100454
2937630
4954716
4008917
1017635
5994062
4639380
1891607
4899690
2554421
5460086
3718257
2931031
4402146
4543868
4128243
2896840
2193350
2729202
3373776
3486939
1933630
1375841
2990782
3081552
1109864
2217895
4151705
5364894
4363064
3106028
2513677
1444296
5875278
3718018
4074488
5266922
1460287
3365781
3176216
3282593
5623861
5833059
2059276
1865305
1710287
1164996
1820880
3249882
2763318
3771665
3757906
4015284
4579267
5434285
5501333
5349173
4884975
4779698
2883920
2453813
5272543
5438497
3255195
1794852
1817435
2147311
5538617
1226324
2547785
5420290
1523423
2424365
3142236
4361993
5458007
1234765
1476159
4233329
2402227
5283483
3245950
1621068
4919042
1777326
2235138
1139683
5185347
5119744
2758798
2190133
3306430
2977138
2331196
3293965
3989770
1379663
2820596
4055146
1343111
1503218
5811811
4250866
3136094
2209978
5586822
4136328
5446520
5247195
4333582
1958138
1799444
2715298
5433151
4944262
1694527
5839428
4276239
1059533
4949949
5703183
5102303
1662391
1171713
1245394
5338108
1712483
3833359
3420871
2048424
4892059
4558228
5960993
1736844
1920974
2690372
4180600
1315658
4960825
1540187
4740667
2683005
5748836
1630679
1306327
5554374
1602251
5408228
5334826
4469809
1895346
2384268
3958649
5172617
1594633
5761833
1218943
5714186
3317490
4490271
3096645
5548723
5375418
5340423
3591263
1070205
1180173
3900822
3376976
5681151
5424621
3147708
5525856
2709742
4416954
1022504
3753998
2741654
2153190
4391854
3366920
2886583
5581830
2409595
4282136
5735737
3568763
4578888
2529807
2620132
4162056
5558958
5422410
4521890
3116192
2092316
4847111
4608285
3492735
5494991
3806067
1578247
1103206
4487808
2299459
5069086
4127485
3625067
4003628
5920024
3316931
4921277
3982801
4895073
5739725
1767992
5821012
3782192
4310788
5963802
4994179
2870120
2207391
3456197
4345430
4747090
1225913
3514106
2019760
2969252
3447776
2479545
4421788
2153152
3824469
5066609
4842867
3431313
1722880
2501335
2466125
3806464
1952741
4051809
6009030
2256667
1275812
2269640
1736069
2231211
5561485
5038673
2594785
2259784
4575723
1252836
3780849
3856421
1770355
2954204
3338865
2514914
2553702
2856635
4830880
2167197
2626165
1348728
4941278
1108484
4635151
5921763
3438276
4613512
1408991
5349201
3404561
3955214
4209249
4432669
5367001
2567771
5548214
1923233
5200308
4009143
2549792
1543101
4214060
5856030
4246272
3039240
5426695
2295753
1728097
1102568
1861578
1344013
2190362
3048821
1946975
5280561
5601092
2438470
3318541
5008959
1131496
4257142
3548465
1540285
4181767
5476999
6013363
1906862
4339506
2256863
2746155
5328291
2868988
3026482
1088675
5832738
5715340
2635752
2063807
1436350
2647719
1080694
2517030
4527272
4084619
2634791
5671482
4790493
3299683
5467576
2658671
4614934
5992886
6016228
4087967
1620073
5985180
3719803
2913055
2139211
5669455
5053374
1800974
3335534
3989546
2745064
2609192
1145703
3511142
3554790
5777151
5232069
4285704
5024335
3575567
4577912
3140037
1376282
4177143
3284730
4657340
3529846
3598620
4736001
3733768
2747441
3956812
2770816
1576945
4756098
5389990
1992072
1694141
4101352
3590196
5665394
5920165
5814216
5687675
2591663
4417388
4322975
4665231
4328199
1632553
4670749
5181460
4348228
2177379
3020027
5946272
2606620
1915821
4254516
2244211
2477098
4170929
2360623
4767032
3913634
1783463
5345528
1038112
3077296
2914980
4851770
3039798
1888798
3712657
4596795
3903045
5684040
5008291
5047313
3847706
5732618
3211884
2046206
5391657
3449985
1304899
1197496
1220075
2893060
5005289
4673712
1162732
2339177
4813727
5885453
3406507
2965692
4838345
1905043
4236788
3910198
2708086
3157926
2651514
5813036
3230470
1569602
1951032
3828574
3451929
1571755
4858137
3065782
2045637
3101138
3984331
4262767
3380069
4259018
2198057
4317239
5455036
3129697
3628680
5004321
4144689
2578519
3537754
5775574
4110892
4805921
4904266
5869157
3346506
2169961
2766602
5352605
3139431
2123129
2995248
3179761
1087419
3265114
4906561
5256597
1579129
5115070
4216129
4739202
3452497
5655164
3539636
2174599
2637002
1711872
3571141
2628022
4356571
5791783
4108636
4147664
4299105
3556044
5875838
1234426
5525874
4041927
3472801
1426964
2984635
5774295
2384694
2807325
5228058
5300090
2905030
2373104
2163138
4000430
3106406
3932254
5140887
4239800
4831636
1410371
4672619
3489434
5212623
1857558
3854114
5124412
3914706
1949774
2308315
3074855
1158760
1408823
4232779
1711848
2972613
1720346
3517665
5909180
3142875
4481759
4699637
1098549
1129652
3165210
3878583
3726141
2252611
1723507
2791917
1764671
6023505
2655296
2342557
4955938
3946419
2878230
3010968
4944218
5480856
2139255
5788597
1198403
5035605
1680298
4143974
4777086
2933005
5395373
5987449
2551963
2584197
4512131
4244093
3994350
4195460
5656278
1519974
2617966
4128008
1028940
3018815
1205147
5237445
4827626
3718425
3517785
3480545
1608909
3838955
3054328
2368995
4665284
5216101
2050931
3041523
2743225
3856527
5406379
1279883
4184830
5646398
2907920
1599678
2222805
2029739
5987003
3944152
5304524
5834619
1569593
1170557
2817251
4654043
1911429
5321677
5856138
4062695
3511027
3591742
4494468
1019293
6002170
5670644
1775508
3370761
4742593
3798091
3267284
5050132
5089596
1483319
5373259
4767219
1415757
1317310
5294276
1217561
3121093
5173983
2080005
5471703
4023910
5333688
2559460
1290333
5504015
4830091
4060402
2017414
1716662
3476984
2673375
2158622
3195896
3261770
5201056
1034116
5516008
2044743
2092744
2300903
3486638
4970221
3089086
3764806
2660009
5457597
4811786
5942373
2081816
2998447
4829566
4276784
5476216
4000988
2680671
1597091
5990701
1448510
1058369
2126096
1017962
3909116
3111877
5128105
5230926
4460957
4389902
1960200
2317976
3045193
1459276
2568081
5896672
4081753
1206697
2790576
4020227
5171631
5646121
5129422
4182786
6007047
1806529
1135176
5916081
3453024
3350158
4545339
3177914
3826877
1699376
1554157
2729673
4443579
2444618
5404114
3167576
5353091
5978023
4297388
1096858
5965878
5718182
4970605
2121710
2199139
1335602
4585310
4798504
5069542
5097010
3543684
1878008
4153160
1879638
3036717
2682687
5251541
2383468
2527102
2692863
1257651
3425979
2301117
3543237
5994231
1502793
5259327
1037135
1650761
5395855
2606576
3910832
1478672
1763439
4691180
3986339
1654180
1934423
1930879
1357871
4291678
2977983
2752706
1185820
5144265
3835064
1851383
5097832
3057055
5842563
3933298
3397255
3398012
5550710
1212660
2339722
2141814
3087820
1770237
4781326
4329440
1583803
2696717
3295798
4187953
4387291
1916866
5152390
4940272
5201891
5398518
4530395
4424395
2091303
2761803
3307279
3853733
2534576
1995222
2061789
3672778
3058298
3857230
2882532
5923610
2295917
3319938
3538452
2000195
5613668
1442268
1202130
4867403
5116071
2637665
4562584
5993722
1899800
1321973
5281220
3661746
1037047
5655494
5709795
1565813
4209812
2663937
1794177
2841352
3250720
2611429
2452446
1567503
3203935
4289308
3139845
4650596
1165940
3686114
1571182
4851569
4691591
4420295
1308547
1298865
3661479
2436308
1522639
4557328
3048524
2581370
2430556
4421695
2708110
3238336
1035711
4924457
1694477
1834189
5133733
2026582
1028887
5998214
4139275
5975259
3775320
2778327
2411778
1640150
5951599
6001202
4815314
2313782
2216182
5479687
2465124
1667290
5653062
1213794
1237207
3364200
4062253
1587941
3743607
3384187
2839081
4943000
5686103
2585804
3460009
5839544
5690813
4068176
2559591
3678115
4857771
3377431
3719343
3772824
2988557
2793777
3225696
1828729
3054307
5013410
2390908
1125983
1632359
2130421
1008556
1641272
1506914
3286741
5569758
4349296
3902014
1402487
5429660
5244657
3211077
1255529
5342005
4853467
1897386
4054391
3327968
3772592
5058906
3993743
1592653
1059835
5439165
2924998
1752839
3299465
2011385
5133085
4248291
2483536
5004709
3519064
4032916
1353888
3008804
4562329
2169650
3724722
2381168
2505000
3950238
5081439
3032746
5554653
3349303
5875971
1870063
1000061
5961107
2740726
3596831
1792891
4151354
3194641
5700737
4366763
5316975
3499682
3365283
5393100
5029638
4558592
5488156
4532554
2237800
2236084
1303273
3156415
2725648
4380398
4381625
2107117
1085904
4038131
2883395
2936272
5552765
4894247
3547877
4242514
4452926
5288485
5927713
5309988
1750054
1974767
4470426
5330047
2284808
3664519
4582581
2282062
4661173
1212636
3269183
2493156
5577328
4209230
4770376
2759201
4230725
3468378
5389204
3456393
2933426
1630721
4891939
5004772
2384438
3960433
5336970
4055191
3792920
2198886
2359325
2857138
3279674
4713076
5444566
4911693
1776811
4859088
5938452
2248607
3385935
1576976
3566024
1293860
5588106
2240623
2307294
5870191
5336102
5899098
2182478
2543913
4030088
3954857
2776210
5405826
4297690
3581468
3195174
3709861
1690958
3548063
3157560
2248931
2274900
1043504
1200662
2849428
1999128
2257355
1674464
4516449
4196651
3613949
2634143
4094965
3569435
1085405
1458538
5684812
3839899
2299550
1727476
4794045
3012978
1358412
5053773
3046031
4511273
5242354
4822410
1120613
2728676
5263289
5160072
4360288
4362116
5792841
3984019
2832367
4466798
2262748
3318982
5366422
4134840
5308367
5970087
1787270
2022869
5454810
4170550
1690747
1565430
4364343
2553142
2766086
4428048
3376372
4338542
5200962
2515636
2222621
3750968
4756241
1168977
3384122
1131244
4001034
4705033
5849104
4333384
5218509
1671369
5228669
1248852
3868024
4120697
3636906
5138687
4995923
5164727
2221761
1912332
5774901
5104413
5204101
1717404
3624406
4235474
3127256
1537488
1443846
5686919
4383405
4206979
4378487
4454952
5267025
1186673
5452207
4327811
1236702
2687240
2562521
2155283
1722133
2469807
1759165
4400658
3901699
2569575
4830236
5444732
5346381
3048335
6007360
4376197
5927222
2414491
3409097
2059281
3067058
2358104
5206122
5919383
2426297
4712629
4073647
3701182
5466848
2330516
2494947
5914416
3614128
4357264
4414004
2681376
4774184
1876629
4438530
4893985
1113764
1305357
1417838
1419724
1443984
4000674
2660440
2045794
5391792
2009594
3734549
5228809
5760344
4386917
2318992
2686353
5586244
5824861
2780096
2493073
3847556
5772688
4210599
5952562
4395958
4531498
1117587
4176187
4009440
4609774
4532974
3949078
2826692
2927325
2134493
2688278
5018457
1582843
3906536
4131540
4868533
3469074
1285285
1622245
5803669
1513049
4780946
5417480
2547718
3440166
3652771
5992002
5583896
4221992
3386049
5370249
5508866
3895599
5275881
1258856
5340601
5623655
2866541
3209528
1464152
2254382
3265333
2556056
2204559
4058221
5153431
5729468
3379414
1369249
2982655
1752511
3850407
5442494
5297556
2849840
2116531
5409064
3128641
4655174
3772228
3389632
4250458
5013997
4225795
2551499
4480180
3981397
2114931
4235733
4775213
5126908
2521235
2616928
4097983
3041318
1516571
1863401
3132070
1186999
5109440
3915794
5681891
3438577
2946270
5803687
5143549
3022678
1738052
3673068
3276160
4573471
3299235
5176275
5467528
4953947
1561731
1904602
5344389
2018747
2213332
4647453
5063119
5753545
2495405
2069087
1263650
2555420
1960238
3699086
1397131
3937640
1678415
1665782
2063529
5295437
2900966
2398442
3249500
1260602
1919196
3042426
5708523
5335153
3722810
3183371
1097070
5061277
2787567
1187337
2652677
2735772
2512072
1621812
1626875
4073344
4106427
5727394
4015821
2296284
2178608
2483814
6017326
5954584
2368923
4819841
3575300
5714914
1117974
5893107
1502433
1565734
5701747
4105359
5477385
1121642
5467491
5753605
2920980
4380703
2364283
2850178
3788968
3822393
1159926
2447357
6005244
2073640
1430944
5411322
5346938
5461434
4155226
2806213
1700060
1731352
4658489
5655943
3490296
1497894
2854003
3671618
5607686
4118398
2723925
3351190
5938751
1550569
1758158
1937688
4952558
3870908
2497490
4363668
3387099
5077312
5938782
5246221
2368736
5135642
2868427
2195685
1276268
4378698
4526747
5307628
3316496
5188889
2885345
2369303
4680967
4285483
2721445
3517898
1721990
1108807
2506217
1557064
5709528
5476759
1904743
1846920
4406411
1773294
5955660
4641953
5169392
5414610
2472856
4514201
2673784
3758311
4613388
4252626
4164553
6005213
3352732
5709757
1262333
1566971
2060726
4545115
3044749
3185047
5891221
2305046
1505242
5002179
3431125
4117910
1830130
4666033
4597075
2441625
2394879
5628556
5448238
5035590
3926669
1585599
4283384
5656594
4754180
1652100
1621917
5122357
1449890
3495045
3217301
2497766
2754197
4543558
3309155
5407460
5739058
4907347
1706448
2236167
2413340
3218437
5578168
4111561
5865762
2947562
4091922
3055536
4542170
1333083
1040450
3607254
4993567
4228524
5558806
4165728
5687192
5130014
3841999
4632515
4627519
1318986
5181805
3316115
5453750
3486105
2222898
2652591
2525696
4619484
3129492
4275300
5174817
4726105
2839817
5193796
5168944
2915336
4657726
2156357
4686441
2543119
5481929
3958295
1029572
1223362
3395126
1988672
1048125
5453480
3865420
4441127
3440887
2571610
2039328
3354116
2409914
4529140
4946519
2923829
4015627
1478118
2193645
1462101
3227382
4799376
4766292
3310705
4329834
2874934
2148642
5115932
5105463
3186749
1784897
5996532
5112358
2956581
3994571
5733624
4077109
2456574
3277418
1955684
4789475
2897339
1583388
4994184
5920819
4998867
5605340
1191700
1702574
3961854
6005232
3226948
1017080
3593754
5432107
2024192
1277826
5658308
1678844
3789489
5834194
3659225
4506498
5119986
1855219
5236017
5118490
2798492
1742620
1722329
5215125
4045692
3877947
5507482
3284476
1585393
2392397
4727651
2272647
1249095
2062381
4419801
4707388
3249788
3102166
3473757
3150292
4209665
4885830
2247955
3050756
5263769
3442247
2491542
5757501
1317536
3047331
1268979
3943121
4029983
1852159
2314789
1746556
2544402
5192915
1269279
2255652
1047512
5868401
2870523
2308447
3008779
4265505
4947032
1865699
4369271
5421711
2855421
3277810
4249428
5370167
2084734
3588372
5458316
4700028
2951672
5399016
3375303
1815323
1475710
3372633
2866890
2268366
5590507
1471040
2120258
2018901
2216547
4449316
4675297
5368095
5164233
3331950
2634626
6006217
4566512
3991614
4486930
2282509
2904978
2092515
4043203
2832008
3903323
1961734
5448121
4033085
2831887
2789095
4835490
2251786
3199923
2146769
5042852
3905376
5207440
4512412
1108819
4126407
1081241
5593103
3212150
3171225
5783228
3964144
3358198
2996515
4177139
4734408
3779088
2925013
4619011
3258165
3857898
5661517
5427828
4459048
5086837
4684254
4242157
2913192
1105382
4382907
2821745
1637581
2408702
2720191
2635120
3318484
1904788
3000368
2436228
5199216
4517888
5034987
5474487
5668613
3432810
2978979
3552371
1010198
3339709
2293028
1663797
5661426
4038471
2091798
2687759
5529759
3443817
3433865
6011183
2983544
4231267
1575733
5745171
3115275
4753078
5195912
2851065
3403418
5365526
4772825
2988943
5672695
5467841
3048310
1917423
1305566
1333845
3231791
3237370
4787227
1434246
5913284
4622570
4479322
2410619
6020159
4864427
3299302
3580226
1040947
1272445
3979229
5586056
1801119
5281696
1426421
1669807
1686090
4794838
1874630
5173647
1587123
2232103
3510393
4537968
2797284
4088492
3031361
1774568
3242213
2483555
2613745
3679354
5234905
3658031
6010574
2178257
5930669
2632598
4354971
5709206
1629946
3930546
5843408
2241857
2057943
4024140
4273404
5859440
2037043
3560569
3079841
3014605
5045636
5144829
3850884
1375066
4395892
4564045
5246612
3335829
1066743
3871022
1515678
4112579
3880937
3023765
5262938
4333964
2879289
2981926
3220283
5720078
1971005
2712053
3655641
2485449
4519259
1453842
4986157
3017224
4795646
2073830
1900502
1875721
4540180
4597013
1247715
1983098
4598606
2173700
1322868
5063053
5184418
5380884
5259405
3837916
2579003
4892830
1154003
2410038
5982599
4280619
4004372
3138737
4594169
4588393
4472359
1884481
3094129
2822262
1713121
4582664
2413672
4580603
4648367
2675565
2452243
2959333
1767674
2752851
3605288
1866087
1242209
2214323
2802054
1977092
2082807
4979490
2321306
5465713
5936467
5256387
4650256
2223881
3447069
3526095
2296608
5485413
2951090
5380708
1260086
4662698
4441869
1744381
3665436
1548089
4436914
5341408
4287224
3870457
1365700
3905578
2306515
1534895
4892086
1686269
4161671
5378415
4227368
2017492
1946627
3085329
2615152
3239058
5977179
3606455
1742862
2358672
3787576
2361653
3004666
3499926
2086855
4322354
4703601
5866461
5572042
1579609
3166793
5746406
4497938
4167737
2930292
2201282
4400852
5386799
5246243
5535619
5670541
1982140
1944563
1150640
3481871
1894381
2717687
5495829
1803802
4514149
4736026
1014542
5358910
3748144
2026660
5042845
2842228
3536589
4052650
2189045
5908055
1994466
2219016
3315179
3617350
3603588
3337488
3825215
3897929
3981602
4202674
2992995
1288380
1199186
3391009
3492242
2724950
2168722
5971028
4791815
3601272
3318398
1876773
1446142
1168914
1875397
2697403
5634041
1402829
4521791
1972790
2785412
5340060
4842584
4676316
2451748
5988005
5339474
1985675
4364441
4378731
2200552
2277890
2438074
1737980
2852845
4051308
1106681
3765110
4005490
5103017
2118971
4987399
3578993
1971475
3788505
1429372
2688893
5338520
1332057
2585581
4639784
1849191
4587333
1072748
5789182
1626844
4193825
4386319
5059507
3312939
1179009
4853792
4406113
5358407
4149284
5026708
5596781
1162648
5443581
5682924
3746896
4379617
5656331
2641966
2060838
1166890
4732570
5817194
4159647
2235027
1190052
1648417
3740642
4412762
5496307
4561851
2120182
5135198
1933712
1045426
3497487
4516899
5637365
1812036
4479145
1318893
2704491
3580559
1878454
2946657
5424587
4650274
1502725
3320368
2066629
2814457
5284473
2912762
2131157
4817122
2444662
1634078
5786057
1816836
3977031
1445857
1564188
4665163
5789724
3565887
2370709
4889826
1443835
2215824
2960130
4859006
2006668
4424302
5687613
3083786
5412052
4495977
3129368
3427360
3845571
1932182
3452737
5482925
4152465
3060010
3943364
1174122
5862637
5064863
2550712
1381803
4063622
3069072
1736054
5098012
3198682
3700373
4371725
2529165
5680412
5075747
5759900
1253413
2279959
3663817
3596088
4028091
4832798
4230941
5235883
1319766
2752237
4813300
4336975
2136434
4496406
2427572
4032571
1253348
4543513
4637103
1937974
2036093
1887530
2029517
3543623
2294454
5315436
3016231
3298629
3395101
3756932
1862953
3037983
1637367
1793888
3678441
3982638
3567873
5436837
3689117
2622291
5159159
2592015
4985515
5949794
2710337
2114968
2302056
5060868
4449874
5439915
5909718
1188033
5853869
3652240
2157569
5350577
1675783
3894309
1572403
5842189
5753399
3688120
3167367
2991911
4508586
2661693
3668851
3379034
2551500
4165054
4444068
5299156
5873266
3917811
1561399
1059652
4915454
1846450
2241978
5716351
5956669
4102373
3931346
2217428
4825107
4796404
3117640
1398522
1070419
4862828
5107195
5379757
2398764
3467582
1252809
4322705
1565719
2455806
2429021
4928691
2605374
4844081
1584110
1528698
5873688
5462908
5748514
2798861
2703421
1089345
3837891
1875178
2508370
1665428
5523215
2280318
2709116
3667224
2505995
2252998
3534208
1687294
5690147
2714360
4420119
4551138
1878818
3291429
3176163
4320236
2451564
2369747
3135092
1433073
3424471
1408544
3099785
1131115
5984403
1919655
3714773
2132084
5543495
2990148
5715357
1667234
3230772
4060553
1785505
1915888
1919825
2314382
1902303
5387084
1835199
3866365
4932899
1679487
5275570
1996985
2764144
2481094
3743968
3975304
1707052
3523263
5379066
2752336
3194317
1611333
1729847
5032033
3080039
4020002
5137352
5980061
2224128
3995908
2295101
3398475
2132729
1005294
1982904
2715205
5071306
2605513
5663740
2661069
4848966
5332165
4076127
4262203
4753248
1791008
5001643
2988396
5404416
4133013
1611754
5748848
1131709
2116069
1662096
4893276
5771219
2794979
2850830
4339459
5030951
2231035
5810162
1111332
1673374
5642920
5894852
1377701
1626186
1075120
3323951
4099958
1748969
4335023
4015107
3564756
3329427
5531901
3122478
5510362
5518040
2504824
2127003
1454702
5071968
3752629
3566200
3217454
5454321
5893438
3992219
3811411
2190211
2327710
1529939
5433470
3101837
3462467
5274314
6021817
1738800
3690452
3473612
3775225
5457037
4647634
1218745
5739420
3288391
5629610
1360560
3750061
4450105
2404892
4883949
5938039
4429101
4463052
5085136
5581631
3879748
3718892
3821504
2392229
5975264
4143587
5704774
4806800
5001455
5530833
4548236
4360027
2253766
4605132
1152036
1729409
3696045
5682612
2748239
5913839
3846966
3946148
3449610
3094141
1888438
2984565
5162684
3307303
4942524
3723509
3989942
1386309
2051537
5914320
3566083
5179158
1352365
3214396
1639682
3538342
4985368
4497455
3589725
2580553
1230186
2696742
2469289
3698459
2056279
4886879
2618831
4954647
2695775
5753620
3023750
2117128
5164708
3994835
2495918
5592290
5705275
3040364
3875375
5208419
5034823
3433268
2169455
1193949
4238969
5187682
2969044
2462163
4478108
1049943
1705142
1641341
1041459
2694899
2428141
2038890
2959518
2110410
1085970
4023599
3122698
3078159
1828639
4675255
5377237
3189584
1052616
1187790
3079008
5853314
2695129
5567644
2205778
4289382
3016223
1597466
3805368
3754605
3999895
4585555
5688490
1508465
1757044
3134684
1722164
4137933
2730718
5977123
5854739
5057499
5534276
4033926
4576737
3524043
5348913
5267496
2687004
2197855
3775274
1337441
5364743
1169702
2525922
5881257
4017097
5311613
1577402
2418593
5696784
1868856
4840630
3743652
2663809
4489528
4041106
5839884
4817976
5658897
5868616
5456921
2726140
5206684
3330504
4515927
1907809
3036603
1509407
5463639
1378980
4460869
1075728
5927203
5482334
5900901
5824594
1128062
3180235
4359956
4913918
2219079
2148943
2295175
4765155
3298172
5177816
1457159
1384460
5664291
1517991
1416307
6022391
2794760
2122618
4303006
2114663
4591384
4749485
2329611
3006092
5088230
4133058
5243533
5269689
2100296
5718586
4477027
3588631
2570842
4799282
1834487
1317295
4746925
3617724
5086265
4814897
4591998
1781004
2946743
5601802
5621143
1113029
2834084
4262893
1111612
4491250
4932776
1542537
2043940
3978717
3516758
2365153
3796274
1491583
5779003
4415556
4363020
1299429
3167344
5943525
3690338
4798828
1589562
5451436
3796055
1700881
2422756
1606172
5327493
5182996
4051687
4005271
2534924
4281828
4397541
2555793
4725787
5535652
2356617
1429743
1167191
1839219
5760552
5671236
4243963
2692416
4485634
5263537
1766231
5999906
3284463
6021697
4812933
2416720
5056055
5877008
5482227
3493328
3910801
4852102
5926956
3499932
3960622
3402018
3158701
4456015
1554506
1819865
4223678
4270198
2218703
3827661
2172253
1677623
5606459
5581309
1646974
4868151
3785196
1153144
1089729
5141060
4817110
2283547
3034656
5234063
1999062
2026838
3755266
2837402
1186712
2899304
2712999
5911156
1128335
2947106
3710881
3408411
1299089
2256951
5213622
4352408
5959548
4095439
4905673
5586470
2053713
1374903
5622526
1986211
2141369
1989840
2510122
2965503
3104890
5405494
1722087
3672431
5112422
1439167
3285885
4407573
3739352
4258166
4184146
4632439
2587196
2466633
1111545
1674433
4438874
2147574
1464999
3222555
5342458
2619959
1342573
3405629
2343698
2897453
2705993
2372840
5663358
4844582
3490458
5613721
1853156
2734646
2384888
1425707
4511208
3657471
2338483
3325047
2995112
1148465
5867427
4194647
4648740
1029806
1716580
3303963
4364453
5976862
1739109
1651645
5620505
3674790
3047527
2815781
3827466
2953760
1110879
1403362
4137222
1553452
2228862
4689167
1402590
1812596
1805275
2520763
4704461
5706927
1449613
5032324
5221612
5145805
5466168
5754076
2513079
1202321
3056684
2491059
2364661
2850413
2204258
4170937
3533341
2993391
4182627
4962345
5027173
5847994
2673612
3552845
1173512
3664250
1285098
4758065
2506703
1132073
5210359
1917083
3075681
1236100
5520873
2102703
1931885
1079873
5511421
2109128
5861601
5942123
1210785
5300141
5122203
2658997
3488007
1977172
3765714
4778337
3220656
2427901
1803991
2227306
2361532
5435751
4789616
2007845
2375522
2366351
2315365
1781597
4297056
4384501
4817285
2156063
4553279
5888171
1004528
1569191
4767635
2290571
2897520
4812323
2989454
1497355
4631029
4653700
5054996
4119376
3411652
1629727
3553251
5327759
4670445
1736790
5860343
1410881
3663222
2872712
2598696
1416144
3056348
5037081
4467540
6013614
3413617
5179993
5761993
4646773
2407931
1630765
5896185
5954415
5955905
3629282
3762381
3866377
4429424
1655152
5428374
4639909
1120529
4002720
2740998
4230123
5092903
1275938
5877487
2641416
3463102
2104906
3441890
5741142
1951809
1222100
1014146
1473262
4765264
3878720
3813146
2508147
1930092
3473948
2369489
2511393
4807158
5108796
1334438
5557893
3705231
1156102
3557563
3554353
5839356
1614161
4936000
4561500
4213747
3925889
3068535
4428177
2132900
3071279
4097519
5533670
5306513
1726628
1209047
3394545
3731593
4284193
1999190
1513955
2118611
4341239
2463038
3757224
2466491
4615879
5665195
2923174
1607923
2540879
5396127
4616723
4503031
1336868
3262447
2815430
1039265
2003385
5701999
5319654
2152854
5900041
1754616
4924256
2972791
4305724
5227942
5567746
3208752
5284656
5003383
2746109
4716651
1729040
2912729
2372006
5742748
4250005
4583147
3571323
3470980
1169870
4371941
1466286
1778760
5089312
1536381
1178639
1295605
2070909
3775908
4476848
3587734
2137000
5271199
2619357
4287427
1724624
5258296
4746199
4493771
5072030
1974203
4088964
4796115
2176126
3355835
4587746
5420592
1842690
1359154
4987344
4293735
1536294
2073336
3442428
3671708
5132547
4979434
3905820
3611918
1552530
4026658
4337054
4829118
1959801
3143853
5926334
3386528
5842161
2543814
2447045
2820982
3021334
4117954
4558691
4765172
5231695
2726669
5795489
1808171
2165550
3720136
4875606
5035960
3632099
1074139
5254552
2209220
1654785
4660195
5919602
5300732
1388233
2978748
3733469
5296680
3605757
1253383
1020919
1090686
3705843
4673865
2223188
4796321
5118599
4391258
5726795
5453146
3400159
3797679
4195144
4953998
4446296
3222649
3776719
5047620
1597260
5936602
1554985
3750194
1243507
3531173
1402768
3803158
1914650
5843584
2159499
4545244
5040928
4797155
1756066
1922222
2642696
4428398
4057232
2227258
3468181
2833914
2589108
2931175
4162681
1530930
4166269
1199568
3433967
1830299
4425700
2210901
5857026
1065975
5000193
4201640
2024225
2924609
1737145
3009584
5949445
2734725
3494988
1479374
2979107
4432742
4894715
2122361
4714829
1403408
4015608
4068053
1562676
5100642
4368246
5452793
4580897
5968494
2522369
4402262
5384828
5571862
3392445
4307071
1803794
2953797
3990948
3469854
5756709
2578716
3917687
5607410
3864492
1625504
5775750
1011527
2673027
1155450
5308358
2505709
3465174
2509647
3132786
4139711
5236194
5145737
4379977
4511974
1005522
2727313
4388958
4482465
3920086
5910172
5150162
1303282
2451074
5687457
3135088
1078687
1520477
2140175
1034506
2536843
4387492
1468948
5752625
3104256
5871910
5204084
1128456
2307650
4239986
4202466
3558108
3580724
2978173
1998151
5855233
4138295
2730741
3298342
5944810
1838348
1180258
5889955
5980429
3611131
5740580
3379566
2928722
4234578
5669741
4448342
2917810
4122587
3721142
2554732
3326618
4374798
2150954
5946415
4162089
3217723
3483934
3359983
5887907
4387414
2090352
1241894
1042833
3975494
1304112
3103391
2102658
5438328
2333902
1037253
3977606
3187453
1899842
3553409
4159870
4568722
4302287
3309532
5390615
1296144
1086984
4726035
3344211
5071891
3667427
4136606
3099621
2056041
3418857
1682213
1246923
1218035
4443661
2629156
1989618
5447857
5854218
4820382
1402731
3525375
2180678
2310180
4685738
3975112
2435744
3377217
5289651
4444352
3166044
2528436
4474283
5354376
4240576
3694289
2770618
5278203
5963452
5845128
4794530
4052578
5286953
5744188
3784568
4673202
1119218
5855183
5274995
2118767
1097865
5528783
5740476
2979456
4254523
1417697
5607399
2770264
3336215
1367298
5078831
1701159
5824368
1941106
3651611
5176571
5078374
2247174
4631346
5495277
4837207
1901185
1319136
4226554
3175424
4245143
5474174
1925846
5908416
2047521
2624433
1521691
1646208
2391236
3692755
3596501
5339493
1294014
3330011
2138723
4175771
1921733
5216522
5535711
3576100
2922523
2522322
1422810
4946138
5883247
4795207
3102571
2041566
4758463
2131080
1417477
5084413
4911370
3163208
5486884
4450502
5130298
2696904
4718047
4223405
3545769
2720849
4369212
1193699
3857095
2949767
1741404
3349747
1647905
1879451
4525002
1458204
1907855
5317341
3083493
4093956
1658708
5628538
3258973
2224400
4371592
3691326
4894501
3421733
4115058
1076406
5172385
2364415
2247313
2784170
2281672
4765662
2053744
4089445
4267695
4060320
1572605
5894973
1793062
4929458
1049625
5923234
3916250
4919724
1523431
1690509
1127683
1862351
5648689
2235795
4276563
5140533
2307989
4878538
5606654
2643395
2799109
4343705
3129767
2492069
2561249
2953025
3890988
1726130
4353528
4155017
1345404
2255017
5919882
5639415
5137639
1742702
5737965
2689895
1272868
5452622
3976028
3510749
5614755
5571997
2185176
2124924
3751807
5339029
3938046
1679723
1630458
5948648
5840486
2724642
1493987
3065077
2025003
4969595
5229777
1455057
4395284
5841979
5613012
2292476
4194156
5633484
1067371
1453331
4296501
3331248
4824639
5792784
3003819
2155341
4100870
3876227
4464997
1547659
4859259
3745300
2898528
4638595
4692058
1460185
6014415
3107199
3062284
1905077
3738754
1912686
5684390
2868921
4971448
2386065
5939340
2245340
1311455
2476754
2569954
3706348
2705591
4861629
1452922
2147542
2382621
3086713
2385706
2002620
3720286
3871186
4640170
3846735
3625263
3039391
5878089
1531617
3386454
4559169
1008444
1900248
2061622
3939507
4469883
5226034
4398715
3429841
3203730
1733218
3013203
5963205
5875421
3482195
1259021
4820824
2568838
2701398
5513213
1889772
2448085
5965748
4825786
2510525
2051333
1253064
5889896
4476075
4189011
1493751
4841355
2527195
2007667
3260507
4876438
1359934
1610984
2450080
5241141
2960418
4973296
4563239
3919908
4439088
3325154
5643653
4955167
2543346
2097432
3838243
2208744
2010200
4044491
4562939
1200481
4281055
4014900
2108512
4253345
1870222
3032293
1599793
2805263
1195990
1832618
4902552
2097047
2111925
3179327
1726709
5218944
3780706
1523675
3939487
5516795
3800934
4678464
5155270
1954181
5225579
5660901
4206404
4135960
4040299
5653980
3004231
1675226
4726337
3461283
5187369
2854164
2534358
2566875
2814312
1220116
1303132
2375864
2628844
1304255
4287105
5991646
1615812
3013920
2845852
5160807
1595961
3337515
5458775
2530429
5150874
2566832
4615513
2390333
1748050
4637372
1111955
5431235
5176093
2618183
5136414
3056047
4960660
4900985
1386589
5650419
4414163
3710242
1930039
2346984
2800944
1238101
4652086
1094995
1267924
5927758
5767223
5437067
5797293
4504914
3954361
2091901
2024966
4000693
2674842
5415931
3797827
2203815
5481228
2137676
1833594
2658008
1670266
2817956
3246799
1728658
5277913
3956737
3338322
4542905
1995246
2985571
1713966
4764623
4153685
5897677
3017763
4233186
2249555
1059130
3750388
4224092
4555638
2560795
4241812
2207335
2396704
5285406
5241549
2322671
1971086
5302796
3605647
5753161
5446213
5138075
1498427
3053617
5258237
5340973
1908460
2103820
1785258
1763636
2961083
5826984
5156183
1800227
1599382
3004378
4699050
2744240
6006562
2313361
3765467
2906249
4199433
2442851
3004877
5889030
2235911
3932007
4550526
3201134
2136374
5733648
4779491
5539731
5933568
5060220
2270044
2980785
4621374
1947801
5205400
1204518
2832066
5864344
4701937
5463785
4993393
5791676
5100790
3751261
2172444
5607265
5458933
2480868
5488853
5957612
3567458
1201612
5056274
5298584
1537767
1723784
5056675
5590015
3628200
3709450
3556904
1884637
5698282
3443141
1569146
5940367
5372246
3867050
2569969
4773670
1868443
2269372
3361015
4844697
2230852
2318046
5642825
1659648
3105988
5790521
3928194
2480160
1703281
1128053
2262645
4562353
1861180
3162754
1511851
2161458
4422078
5803102
1589613
1948033
2119445
1802421
1806518
3315897
2186777
5327843
1773319
3519103
3440462
5017879
3190165
3344046
1330406
5908644
2843976
4128250
2800096
6018173
2934496
2868105
2012103
1243870
1200629
3426596
4204269
1560558
1899488
2282134
3247208
3623073
4967194
3936675
4750471
2911471
4854681
4443745
5489171
4188522
4060518
3397600
3001521
4900471
4933581
5935240
5123857
4499788
2189573
4605175
1915152
5388058
4620005
3078211
5642254
1997581
1535960
4315861
1715064
5813431
2734824
1809015
5790433
5487061
5962838
4572981
1465907
3914467
4640421
2056630
2872892
5997321
3600553
5155336
5511196
4913330
2245549
1497882
3097513
3218681
5339387
1904360
4015999
4335812
4164165
2392714
2613091
5746701
1629670
3261796
5143090
3782479
1302402
1381017
3373341
2071796
4735492
3022756
3587656
2538154
1477877
4511503
4865414
3801338
3021762
4631400
2154192
2181619
3783180
3320019
4290331
5616734
4761162
2146200
3555660
1587308
4209688
4580985
4719953
4135924
5713989
3049797
2854272
3757494
3271962
3717118
2469787
3745136
3052936
1906049
5467948
3648857
1670833
3070132
3895092
3819868
2427944
3973682
2026905
2553206
4855570
5731261
5413727
2078196
1379149
4220778
4314568
1605270
1976724
5882697
3084114
2988568
3774505
4907845
5779719
1738443
3651331
3332086
4482551
1052253
2116385
5441952
3239001
3096676
2357944
2688210
2523404
5800667
3905175
2000373
4076586
5734948
1779627
3811718
1239060
4498498
2229826
5023359
4086844
1909320
4898284
1389287
3054974
2818075
5030225
4749916
1259160
5354805
1711970
4611648
4073784
3871977
5705995
5810920
5887413
1348054
5541123
5747833
2482038
3331516
3612812
4851639
5000804
2642286
1000772
1360901
2410130
5392600
4426984
1683926
3078022
1988203
5452883
4497460
4001340
3666649
2351820
2898049
3124251
5415676
2336955
3186172
2004424
3492333
1208281
2202366
5975868
2304570
5485849
4193672
1953150
1820801
2716358
4315384
5140709
5053604
2179902
2701596
5233358
2441022
1047306
4785087
4045460
3026776
2905189
5289062
3468536
3910283
2805228
1293001
4767539
2455712
2052374
3014326
2828400
5017264
4567298
5167624
3156362
3473344
5955488
5796005
2059486
1741652
2472019
2178128
5364432
2404798
1738196
1842321
4255492
1273488
3111967
2045879
4026553
2440036
1081458
4271162
1355415
3207262
5320250
2228702
5139372
4344402
2171069
3328265
5338835
4484067
2225706
4589222
2109400
5964610
4003182
1148196
4014057
2249958
4319747
4004033
1248192
1978055
3036080
4453000
3771249
4312529
5843147
1508302
2810476
2532751
5730042
5456091
2963825
5271132
5223712
4460619
1131505
4984297
3523953
3421489
2246351
1085811
5140878
4033387
1222659
2915204
4171038
2387201
5571478
5920541
4277464
4000482
3312362
4295963
1268025
5928786
5828011
4814756
1011775
2744438
5446891
4394472
2510739
1200766
1207569
3852979
2595004
1981334
3924159
4234436
5149075
3169438
3976185
4367354
2448771
1098254
2788735
4995652
4912218
5652902
1579998
3856573
1419089
1346927
2931266
1002338
3518464
3423233
5557090
3477670
3779286
4855217
1162825
2306007
4389258
3879878
5567596
1100041
5675189
2139224
5396418
3315669
5391253
5335379
3699945
4428863
4929589
4342995
4969337
4141991
3332928
5208317
1209945
5725954
3489490
4473199
5427192
3487733
3080662
5459077
1334053
3796667
4960414
1780677
1450564
2867616
2354017
3678280
3599133
5037323
2299123
2790702
2149250
3669349
1296503
5207504
3763423
4027721
1795781
1964109
1662493
2682848
6021800
4682540
3396958
3848224
1518735
1466513
5841108
2113285
4484001
4546834
2858564
5696804
1898802
2280921
4335294
1455390
2030438
5488174
2352001
3730865
2624588
4871274
4151461
2273656
5223190
4364115
3632521
2801657
1865386
2988224
4996256
1334926
3130046
5416320
1367575
2874204
1311737
1055853
2518115
5517592
4439604
4227222
4161138
3243865
3270713
3058730
2253212
3464050
2276739
5333132
1982521
5672005
3305828
2141216
4566931
2693753
2994114
5920613
3090806
2830315
3437101
5320924
5496938
2202412
4568949
3574934
5051843
4131584
4694628
2624577
3689740
2908597
4273984
2927088
2917182
2171763
3872383
3669962
5585761
4812624
5629498
4588599
5998972
2249967
3898409
5293259
4562091
4549250
5755394
2130609
4717763
5021883
2248244
3967048
2636744
3028019
4376954
4694280
3718284
3606448
3106323
4487047
1245184
3847355
3860303
3849344
1675690
4385100
4292796
4298837
3899596
2846707
3557507
3216793
3928485
2820881
4513005
1699057
4876387
4751869
5785313
1605574
1930317
1685790
2250483
3076613
4326716
5619247
2022244
3078120
5684737
1399009
5315095
5813876
2898960
4414417
5640411
3488331
3751626
2500376
5514907
1520933
1349206
3961226
4232156
4003607
3246368
2853294
4987100
1994186
3534079
2473773
1273141
5861217
5045323
3734235
5065638
6006468
1454142
1897457
5612824
5158265
1861132
3598664
4087821
5576421
2720020
5729060
3529512
5270221
3069658
4074323
1058651
2464777
1817576
2553193
3222798
2507963
3863862
3106246
5376982
4517107
4950748
5949259
5133843
1676036
4052068
2187537
5055258
2086550
4392870
2653927
3905621
4795506
5194337
2873470
2844365
5824889
4204889
3650734
5252445
1521883
2760140
3018919
2214732
4270568
2834294
3927841
5600047
4469789
5795932
3165045
1083528
5038346
1884513
5820163
1782395
5049369
1061681
4166379
2620578
4810497
5333126
5607193
2596695
1969173
5750128
2566211
2650799
5135046
1538387
4762548
5752693
3153990
1872031
4314600
3984379
5252039
5344233
5625132
5641085
2681282
5563943
3441359
3351145
4872532
1833530
4555159
2155625
2561002
5973321
4231130
3017054
1402972
5054872
1865915
5583422
3119422
1113134
5084934
4789657
3611941
5531877
3919333
3238623
3379302
4835794
1036746
1897966
2689111
4150215
2819616
2919010
4476486
3898095
5539757
4186757
1733561
5425666
1572924
4675260
1097152
3733528
3313731
2368496
5192177
3930023
1054662
3854386
5225415
2819894
2401195
2614215
3939972
5390511
5412933
2452576
3636147
4864689
1578220
5324280
3528560
4416065
3750025
4650703
1860853
1470818
5595518
5013100
4626032
3944560
1594250
5015725
4412084
1079458
1127648
3129582
3195100
2175301
1950357
1010826
4175295
5569636
4483730
3984118
1589347
4846437
1617003
3772498
5237300
6017686
2106184
1751817
5706845
3464428
1051638
2737815
4544058
5266935
2329893
2520147
3421062
4294572
3852127
3142939
5012022
5953363
5088762
4798973
3951625
2123530
3458885
4026238
4738042
2276679
2207070
5923717
2725947
2775198
4949667
2446376
4626824
2627739
2971317
2617009
2522037
1717887
3649414
1285444
1693620
1217963
4190042
2417950
2025283
4670884
3292073
1875047
4931355
2903622
4345022
2830351
4797109
3777865
1047995
3926102
5565346
2890660
2011466
4465002
2584604
4336839
4612651
5448667
1564570
5752776
1550144
4999288
5032020
2985772
6006139
2888631
5933531
4691606
3372911
5020196
5148432
1397996
4169657
5019483
2122599
4692184
5002032
5226566
5727985
1739857
1711700
5028698
3626628
3775256
4504502
5856094
5535213
2365395
5227554
5782178
5203875
1853015
5681194
3403940
3335731
3994887
3322282
3239550
2554905
5592486
2998883
1023132
3151319
3964639
4630101
2429109
3937894
4180752
2831042
3573226
4373150
6013057
2647638
3919518
4574220
1741598
3340033
5616858
1493172
4002176
3657412
4177320
5239424
1330609
1807110
4728594
2057568
5103760
3487627
2969669
4672520
6014826
5408373
2388250
3073197
1375206
5515220
2667465
3977409
3859631
1000505
2649044
1824679
4172066
1534653
3820846
2336367
4959252
3317393
3637839
5868706
2163358
4025854
3820232
5540331
4622398
5618780
2394782
1129429
3297359
5911049
3745946
1952847
4680322
1892576
2719601
2766020
3242470
3365415
1518440
1051763
3056976
3054390
4651337
2257499
4886857
3734775
1529502
5981746
3666850
3188723
3648794
1079668
5901458
4363907
5749525
1659838
2035123
5699994
3910914
1835704
1413635
5763110
1562388
2424429
2393953
5720198
1106418
5838648
1480739
1890366
4687513
1406110
3777322
3547901
2052124
1825685
2623816
4382336
4531290
4253199
4025115
3867903
2056216
4933435
2934810
2441617
4093665
3642446
2053488
1400848
1792275
3168748
4313974
2363230
5993930
5626029
1674577
2383188
1633273
5029069
2396569
3326271
3569633
3593440
1314350
3110307
1124782
2659656
5168682
1192677
2328212
1706796
1211733
1961502
3502260
4652640
3249849
1062534
2404354
5552657
4873800
4375934
4001530
3505373
3847500
5412838
1050791
2763625
3303827
1647443
4201934
1823038
5716756
2405679
2118838
5424002
5365247
3667719
3230182
5362944
3244192
3159816
3529108
4856466
4382866
1018016
4572976
3161816
4589477
2934598
4505384
2576172
1148450
2843657
1861961
5205152
5744293
3977886
2291423
5084475
2857528
4053845
2581120
5267151
5597597
3398110
5223597
6015566
5454681
1827234
2476347
4041845
4837351
1265141
1558502
2191153
1659825
2593353
1052882
5563867
3340602
3255550
1565992
3709129
2025482
3229699
3348681
2005649
5579631
4261128
5753997
3273177
3658328
1188827
3767061
2439720
1924075
1171912
3193872
2303176
2619081
3923249
1108036
4044563
5856265
2526633
2857534
2211765
5082572
1872587
1680685
4428852
3642829
1955739
3175650
3743182
5379731
3927214
3774854
2013464
5693772
2217685
1198784
2033422
3998713
4007412
2753245
3130826
1634341
1712729
5844040
5565511
1175730
5025830
3793782
3006987
4839416
1933720
4070387
2639602
4097454
1244340
2528569
1518852
1359714
4988571
1931138
4418605
5002836
4119040
1646898
5988355
2459986
2327778
5699585
2846661
4424775
5298516
6024064
3351747
2181652
4741171
4215523
2740162
2237443
2198900
5959493
3975078
4705788
5748195
5104397
4903832
2232602
2176510
2650780
1051494
2935256
5404106
4519065
3845598
1755183
4776274
1961689
2058556
5951160
4164949
5645902
1513870
1847546
2660735
4331359
4743550
1087043
5726399
1839327
1819705
3817231
2957327
4458785
4483271
5680330
2629288
2368462
2620497
5870047
3621849
5994764
3900194
4576587
2189162
2807160
3922949
6007154
1648958
5724383
5605726
2178145
2569884
5241611
2123566
1342817
2680620
2087478
4769495
1216048
3577577
2535546
4144449
2876795
1093963
2110277
3064907
1177498
4348058
3668706
4008898
5789388
4562105
3811483
4343786
4552418
3115232
3083279
1390832
4971227
1986010
2345102
5188530
2886037
1400394
5061403
5971129
5796458
2580994
2091877
2275764
2036979
4447011
3303866
1757883
1694323
4484351
2598987
1177382
1786293
2875361
4322980
5643452
4080804
4703238
3587707
5831639
4876806
4207342
4195307
2029981
3850794
2329340
5624100
5824269
2578740
2268373
3970393
1074881
5483852
1929590
2770111
5739394
2047506
5889435
1482479
2454126
1038943
3325237
3227290
1561647
3179970
5105857
4998186
5129664
5623732
5616880
2107716
1602175
1928415
5878166
1703245
4857999
5166208
3686121
2298047
2853704
4262414
2981369
2664393
3409675
4427526
5046985
4027593
1331742
4030662
4933507
2757758
4977892
1903377
1367857
2254756
5651885
1245447
4618307
4498738
4824307
5356103
2407321
3479016
3053260
1532122
3623193
1072061
1183137
3706047
1506689
3065708
3267322
2643235
5961442
2126877
5953472
5129446
5219321
5768170
4213712
2776395
1106061
4146811
4368508
1732245
2666942
5258397
4484756
2229341
5802110
2523505
4020328
1558523
4847481
4432872
4893577
1356141
5292162
3049916
3127834
4360125
5395412
1654554
3412804
5027533
5796743
4363963
3493917
2338376
3829592
4757416
5169645
2211270
2157208
1931243
1281635
1334119
3313590
1585749
1585708
3608493
4131728
2605954
3587370
5567667
3515362
2864123
3058567
1017195
2541189
1543785
1016375
4984776
5597712
2164527
1122480
2781574
2591822
3212845
4670895
2635502
5411798
2963732
4070583
2774468
5749360
2621378
1789698
5336168
1669787
3246672
3558940
2813041
2206022
5484085
1849851
1717418
5239167
3297495
2101393
4250538
2929956
5556569
1392216
2768065
4628772
5319918
5049892
5743733
4286555
5623357
4354153
3776661
3906548
5347800
5180841
1583902
5593657
4233022
2800733
1330492
2660468
3645378
3396041
5418867
1611484
5399900
5679213
5988098
3622133
1624810
2067512
1205661
3935056
3221414
1853716
3105054
2225684
4290856
1630098
1451570
5885724
1551461
4299790
2990247
5290376
2527032
3936274
4764191
2919776
1578575
3621574
3860346
2153888
4570289
1422803
5163691
3189781
2111215
5550881
4819534
2386271
2311053
4828092
4595389
5629234
6021744
4399019
2026767
2639071
3750056
3496026
5084372
5473492
2786226
1943758
5032815
3583210
3590648
4773271
4163354
1115914
4913498
2270184
3308235
1900069
5086552
1596070
1502514
3557138
2904317
5239208
2728968
5583590
5653240
4109991
1647045
3994607
4807989
5585131
3202488
5760117
1952974
2079987
5994615
4875639
2120995
2303511
4664409
2649157
1111576
1504017
2157352
3907260
3904265
1987786
3100879
5193925
1151823
1874649
5928152
2187994
2050350
1830559
5581020
5154062
2093670
5985621
2510976
5162616
1670158
4741568
5921523
3901518
3398458
3870440
2559925
2449571
1230133
1639018
5883637
4394554
4410905
5253222
1593842
2068487
1819673
5589307
4593244
6004067
4520321
5399546
2026170
3917447
2052987
1979126
5654121
4787859
4519155
2671413
4019530
4150606
1436462
5627473
4277099
4638531
1888759
1075069
4070694
2843020
6016610
3005525
3911861
1872847
4812672
2018004
4988520
3017385
1580473
5285465
5295017
1193537
1181468
4714292
3046859
1686609
5904998
4647151
5289322
1147335
3332237
2865343
5259872
3927664
2446040
3990818
5259459
2529423
2895827
1536522
3024275
3991215
4263212
2086897
1917601
3532818
3968043
3385910
6005940
1098964
1984772
2556267
4134653
3975430
5759031
5930168
1705094
4824424
1179402
4652413
3686457
5888531
3388381
2981461
1800167
3649660
5519386
3839353
3143528
3832016
5409907
2516970
2052501
2573060
5720752
4502908
1231861
3921148
2868625
4082539
1348790
3858412
3241972
4909672
1834686
1962976
1589722
2786392
1047299
4508923
3010512
2311029
2601838
1270042
2063289
2704435
1851432
2125729
5605450
2622838
4632421
3620913
4228240
5823870
1297063
2339402
1606374
2033818
4981618
4942759
3273024
3784875
4100410
3528223
1620983
4134727
3023336
2227923
5934820
2756812
3190553
4940502
5327771
4598002
4931103
5023994
5350486
2297159
3598911
2725235
2368968
3486531
3816965
4586792
1415125
1510548
3236181
1838721
2785610
2103273
3229114
5962861
4738038
1796582
5891757
2379836
5744529
5447183
1597408
3847788
4845157
4098783
5473594
2195879
4673651
2535126
4105333
3800750
1585317
3964677
4082315
1605538
3490952
4035693
5671502
2673659
1655892
5991044
5540045
2214817
3683935
2378500
3969701
5016957
1287652
4760579
4316687
2075518
5459021
1681534
1347372
5411279
3781407
2295578
3654336
4729823
5001974
3339258
1265624
4373504
4069709
1960225
2165382
3540066
1230494
1673233
1582583
1110910
5857433
1334865
4852252
5040311
1517361
2411011
4761129
2702715
5727610
4366091
2427627
3546224
4735912
3406399
2625598
3965070
5363887
1009836
1651258
5412081
2508867
5231047
4947219
3393323
2758548
4555255
3155364
4251463
4120905
5631962
2263733
5251083
1086127
5938490
4669203
4677251
2009838
2918051
5426792
4291067
5127907
3533790
2202793
2878460
3305834
2722585
3337007
5556273
5936542
4230394
2767238
1338731
2056387
2717897
3816427
4324122
4203702
4285796
3267442
5395420
1676333
1107802
2949254
1455770
3193026
4101974
2758176
5081443
4838805
3424985
4406639
1619067
5486910
5065988
4519481
3755621
4780452
3087390
5202795
4228548
5698503
5496376
5616337
4603838
2091720
2957228
3382438
2622744
1500478
5962594
5590818
4433500
4016589
5532443
4051742
3943807
1253191
2743807
5280542
3040890
2383479
5002565
2413170
4061466
3004425
5263703
3232532
2678908
5420498
2102106
5974743
1242531
5972438
4589933
2505835
4199099
6005634
2961632
3309685
3362869
2391568
3815060
4074045
5617967
4522259
3337196
1289921
2913949
3394015
3205822
4382777
4884119
2120074
3349322
2223667
1858143
4584900
3980651
1049763
3474210
4314385
5004392
5676942
4539054
5154759
3255725
3567135
2254433
5033373
1747143
2283194
1443564
5133913
1212443
1097821
2465220
4997086
5290424
2818756
1439057
3548492
5673738
4260805
5845134
5916185
5200075
2917042
3499268
5553774
3842153
4831414
1699938
4836326
3009719
4515011
1834066
5889784
3012389
5422239
1091084
3755230
3132438
2109901
2627059
3189159
3892029
5280894
1979175
2643933
5406235
1789265
2913106
3882779
5333859
1124946
1219612
4469486
4819784
2259403
3826134
4920006
3314302
2072486
2398335
4560391
3695171
1630640
2988939
5529839
5805073
3831836
2972192
5638731
3613289
4927510
5074282
4263220
2031556
4136282
3429936
5124918
1458873
2540823
5833324
3112998
5634202
4454059
4629865
4373495
3652303
5574188
4528593
5443545
3985521
1804252
1126180
1358756
1573880
4677535
4311205
5173716
5839954
3873678
4330258
1613443
4214457
4867193
2773764
3970077
3138805
3499548
4803786
4118289
3587531
1011034
1250277
4506131
4156966
4811771
5426593
4786838
2116473
5414539
5730350
2065270
4103538
2877700
5875856
3984414
2692165
5080255
5048392
5236571
1408773
3203879
3237531
3497469
4546371
2618766
3994736
3338107
4477243
3142656
1203926
5943348
4305520
3675905
1516968
3077934
2224572
1995549
5513736
4504236
5447356
2381471
1139515
3953904
3476496
1940213
2661965
3403957
3586712
2077673
1162081
2965643
4700971
3711318
4259597
2934151
2460120
4987779
4950957
2998013
3445741
1791870
2155272
3411130
4024811
2313629
5415182
4109077
2499503
4151511
2334103
2052092
4103020
2422996
4073332
2457200
2212781
1647196
4112734
1881430
1685707
4977764
2340322
2258171
5771793
4057404
3380763
2439018
3206177
4696939
2073086
1722078
4763755
2907549
2887473
1021136
2782880
2467366
3737183
1511623
4516579
4096761
3153815
3484979
2866710
4506654
3091830
5569287
1392400
2605991
5444683
5495757
2285637
5124897
5246841
1435245
3381861
1110463
4985488
2165622
5918471
2395491
3783101
5908596
2930784
5127285
3896507
3857925
3155949
2580114
4984260
2380450
1796780
5159557
3515826
5586462
4508056
2512479
5998487
5985307
4313859
3431885
5660764
2314032
3104083
1655771
5516870
1410735
4588501
5762543
5494264
5656912
4826033
4770040
2809031
2085744
5343252
3542717
3060858
4333052
3514371
2052978
4906882
3357296
4116533
4446657
5266014
3773684
1552655
2456336
1193703
4988404
3787292
4495826
4663540
4437240
2041655
3986760
5271483
5584920
4374041
5817512
5907356
1412262
4559005
1146091
2532092
1066413
5655595
3248067
5454074
2945747
1507387
3243029
2497021
4952205
1278556
5950311
5116355
1685943
5084309
2182277
3392136
5000358
3374390
2891471
5811514
4041703
3988585
3585741
5476572
3582298
4038207
5707739
3067366
5102865
4547574
1999673
2649195
2536354
2280198
3536480
3086185
2940756
2354089
3695813
4915125
3732466
5773072
3108447
5994438
3545658
1060539
3037647
4833365
1528664
3144732
4125218
5307429
4575193
5666760
3269481
2109119
3018990
1224762
3532454
3237914
4814351
5303060
2736060
3743755
1564468
3260605
1716476
3660258
5340359
1109925
5304041
4402241
5209683
5916893
2072635
1765614
2342010
1722595
4814433
4270164
3543324
1935813
5819617
2777621
5644860
3030808
5660548
4373973
5646787
5537154
4377979
1707316
4792600
2118799
3506127
1148861
3081633
4388295
1700261
1193402
3006088
4322335
3784719
3237867
4020023
3078171
3568502
1002220
4799650
4859727
2501771
1459058
5535365
4801534
1222870
3841843
4786920
2563657
2083665
1239994
4408806
2659734
1840298
3991436
1678914
2394513
3419889
2370984
2666639
1936889
1756030
5466382
5786040
4446808
3469878
2120835
4682707
4406770
2092947
3484485
5634190
3519372
4191876
3119528
4300643
3946558
5377383
3204937
1869708
3587516
2861070
4925022
2047394
3451543
1191207
3156260
4927031
4195436
5855300
1621753
3485828
1982774
4044841
3463281
4223918
5878485
5567364
5965505
1062367
4047078
4451611
4826830
5373109
1371595
2751035
1428464
3690857
4559033
1797180
3744372
2682717
5606742
4505838
1499326
1108217
2998897
1326901
1826399
5778909
2551467
1987354
3662342
4444938
3564032
2208439
4829893
3111295
3983633
4942216
1085102
5979553
2816323
3024074
3326922
4026930
4509926
4660131
2432114
3221767
4904805
3737317
2533331
1817519
1653752
3022252
3271872
2168890
2726793
5040122
3579402
2082114
3563233
1816157
4084902
3941366
2348457
5015276
4239104
5840080
5396846
3076048
5338365
4257936
2194538
5525817
1243138
3407464
4520404
5964116
2996947
4490895
1825109
3290234
2004002
4752214
4513934
5005845
5792545
3811961
2935048
2501190
1167934
4423082
2464739
5817533
3578497
5221250
5656492
6018267
5777628
3974537
5613098
3442653
5374032
3688939
1766417
3226422
2505676
3642671
5016404
1494184
2132158
5500520
5624491
5547520
1547870
4091021
1884662
2903809
6024253
3594980
2517885
5659499
2939987
2484024
5278573
2639285
4587518
5880040
1282956
5774279
3788772
3184975
3552949
4511917
5066672
3584757
1515123
3538356
4281106
4686151
2843047
4629932
5522150
2939618
1162800
3124460
3222720
4486834
3681720
5785612
4678855
1661998
4653447
4657379
4220139
5566542
1079020
2574839
3057359
2538499
5564938
1975123
5180723
1319374
5259539
5731143
2634908
1321024
4249298
3143885
3674236
5497959
5475199
4433187
1584311
2090144
5874362
2836064
1724477
5090377
3303229
5489540
4657959
1412296
4438421
5466327
4772838
4299832
3814748
4832843
4868995
2953619
4500561
4453940
3676464
3207765
2807749
4437176
2703210
3902205
1727374
2495860
1881260
4313741
4901559
4112260
3544388
3186374
5905308
1783935
3318320
2020065
2411188
3254566
1215166
1942868
4354527
5973984
1500686
3004442
4931458
4207361
1796758
2896629
1062519
5015550
3322101
3203111
1368675
1326806
2802950
5951006
4541391
4909889
1832342
2347160
5331220
1222911
4712077
3098601
2911464
5134908
3656435
2061058
3515272
4757024
5308829
2260879
4367190
2701504
5772144
2544431
2957207
3097991
2771841
3807478
4294231
2648743
4338815
1323964
1025141
2632321
2767261
4465692
1885156
3071354
2749054
5761249
1245550
2109085
4712831
1185578
1655627
4950571
2986188
5646529
5945529
4778147
2920240
3935547
2789472
2293998
2810021
4350279
2945018
2299811
4431621
4105819
1372146
2931864
3584049
3448830
1742358
1762903
3829691
1914812
1580329
3195478
1052204
1531087
3696153
1905183
4797868
1171971
5255847
4127314
2312551
5140025
3466847
3244293
3417359
1974530
2171914
3731059
4839626
5089364
3201181
4912830
5452102
3408319
3432598
5057218
5410208
1992881
1851684
4659869
3978904
1117677
5613122
4502819
3026297
2549071
4114222
3912821
1897364
5552348
2090614
3420411
4719184
1143574
5770959
1602578
4259888
2693643
5336550
5583027
3850361
1662944
5565958
2003494
4520280
4325342
2247100
4847922
1154880
2640984
3306752
4690829
3757003
5100752
1495681
5177599
4725680
4714117
1175884
3708749
2957366
2149015
1827953
4835374
2183617
1127959
3108654
1490785
1523807
4474867
4978780
5248925
2912057
2423542
2391451
1598538
2274175
5318623
2115915
1016837
5670537
1949848
3519110
1562984
4854748
2640916
2982185
3460570
4912467
2043108
4633969
4792046
4117766
1144772
3359051
2378792
3329318
4902250
4431068
3830196
5986524
5569861
2718345
3813311
4332361
5124123
3833402
1287418
3967613
5976243
5483364
1658946
4027952
2729378
2877327
4084377
1611048
5891265
4266177
5104589
5808712
3367266
5923669
2644435
5786650
1333106
4811932
3174142
3536721
5745781
1788224
1936492
5280827
3857770
5451942
2357651
2610592
2106330
1547243
1394458
3136469
2139921
2482321
3438459
5274619
4568834
5982389
5342467
3023882
5175330
1568622
5444222
2385187
5523002
5486868
1225354
3912070
4638921
2067760
4729532
1531734
5555478
1134692
1178390
3419019
5278655
3560381
1862140
3777070
4593173
1009678
4183512
1601433
2460046
3955885
2820675
4490987
5078361
1483472
1336021
2618407
5555519
5103822
5636481
4231854
4247400
5752557
2515582
2369029
4628995
2620230
5696214
2265950
5216319
2171502
2116297
2757443
1121133
2778550
3239351
5176365
2388911
1365809
1225705
2807006
4014016
5699667
4813910
2114835
4084663
3419775
4945501
1012107
2168570
3325309
2658487
2980569
2132016
3442259
2128383
4805625
4471532
3015424
5109060
2993865
1304297
1754517
3658273
3591281
5833285
1958073
2952461
4987422
4838328
3674965
2022571
1251796
4419763
4267556
5639362
3745342
2944812
3127402
4807900
1756605
3805235
1174721
5430236
1138987
1630432
1306276
5245749
4689993
5747864
1133341
2697301
5288891
3890875
4895399
5563656
1952900
5644717
1656047
3306776
1273443
2469242
2183198
5584648
4220537
2760897
3915286
3775529
2006397
1193150
1374501
4736789
1550227
2228671
2621425
4921702
4968671
3007645
3393477
4692918
4841426
3079605
5489579
5562576
4224558
1248217
1286766
1602989
3735349
1327209
4517018
3010995
4183645
4716821
4306703
1966472
1593291
2721111
1992150
2572898
5129896
3476093
1532413
4173921
4475316
4892270
5332484
4032149
3819356
3600097
1370055
5924782
5473414
5378656
2759645
2421002
3781389
4332109
5132244
2684755
4918814
2886107
3589168
5417110
4526649
5145390
5005431
4795013
3062223
2810637
1274581
2974719
2692927
1481501
2812931
2474026
3651316
3287185
5617975
1164610
5064890
3461858
3697522
4973706
1186369
3162863
1770750
3642576
3382747
5719892
5257707
2434186
2347730
5493459
5268563
1775856
5460990
3035235
4383044
3883248
2975594
1160023
4759986
5067898
1510705
4484622
5742711
4957790
3963858
1122679
2473259
1197586
4446444
5492191
5128091
1098118
2915413
5408315
2872560
5676847
1397678
2338643
1714524
5243115
4335455
3536135
1489279
4061209
3669717
1670002
1925213
2529658
5738146
4059832
2019130
1342052
3129933
5515954
1714509
1448057
2120869
5810508
5458222
1418489
3837995
1479794
2911498
4665901
5629315
4501111
1137402
3050774
5083619
2290783
4791372
5386825
1267277
4932921
3966882
5067472
3239405
3290116
1865863
2451931
2426473
1148235
5275431
5802229
5109541
2524739
5188527
5991687
2749297
1846611
4170725
4335900
3187645
3045265
2659638
3588432
2459395
1863706
3429664
3579722
4382928
4887772
3980888
3754686
2757170
1005113
4372126
5323296
2552035
4851227
5176979
3668413
2549383
2798825
3427154
1623851
2176718
1747261
5681711
3832643
1990765
3068522
4461333
2757636
3479704
4859233
4976022
2311037
5843977
4330607
5915776
3887457
3896633
6020370
2330899
5441237
5381768
1326134
3236843
1635933
5640614
1787135
4332558
3439467
2527498
4759340
5019095
5078481
5035731
1920665
3498343
3314081
5615601
4540578
4827009
2464990
2488937
5201760
4119805
2447291
4635213
2607774
4262817
5057296
4545923
3307806
3727688
4218157
5841061
5896406
5727026
2971021
4628645
4385073
3315420
2956161
3544025
1648536
5545086
4856186
2230529
4423375
3192788
1257999
3429698
5068116
2677476
5921078
1683888
5457524
4260215
1847886
1283289
1076920
1813068
1465397
3260841
1588424
2417801
5727327
5421628
4782887
4735406
2790073
4712708
2706649
1217679
2611724
1917333
5337367
2042354
3626418
2005901
2446762
4922093
1145048
4300016
2232574
2669127
2949998
1393760
3758981
1765718
5183098
4779768
5784670
5353133
1202306
5805768
5843880
1203456
2246883
2443058
3672188
3462071
1321305
1022791
3753443
4384751
1232128
2859128
3275623
3078977
1649869
2471369
2011255
5483083
1162744
2416509
3291462
3455397
1146557
1676778
1717267
3136008
1875064
2164817
5626085
2855323
5532196
3684970
5825498
5727635
5502050
3264887
4926775
5235550
2889058
4678962
5563557
1107935
4108488
4480460
1130848
2642653
3692038
3203802
3722108
4055122
2718942
5707383
5921992
3532277
1281290
1662004
1398704
2278946
3459734
1109328
5636286
4426619
3052563
5739742
4631369
1200428
5467911
3175208
3563884
5978068
3141499
4108856
4229213
5551584
5411346
2543705
2499068
4853047
1915913
3838422
5721450
1899162
5367366
3314019
3894237
3954172
1144878
5550217
2652215
1014154
4576282
4598785
2759232
1328556
1968806
4689455
3125597
5955076
5644315
1308166
5234508
2619492
3387860
2076763
5300609
4481181
4749724
4540175
5776389
4651617
4723815
3028998
3891170
4260718
5235433
1534730
1449106
5791151
2223537
1725929
3013959
1313792
2184692
5958267
1205091
2480006
3644956
2156222
5031283
2707370
3156147
3712827
5540368
5824726
3085579
1723051
2978130
5498354
5110276
1325974
2169614
2413090
4082245
2320565
1829658
2658837
4516408
5352367
3948563
2587775
2117583
1319286
1504108
5394964
2255042
5890197
3048295
5150636
4131112
1756723
5651909
3549954
1634875
3140786
3540909
1892528
4563454
2557463
1295117
3455561
2876292
5298540
2479716
4692276
1219829
4227384
1148799
4514343
5715443
5759614
5323640
2202953
2523275
4037864
1606271
1335098
2872764
4039517
5029451
5053434
2459767
5096615
3056765
1578879
2638184
2466469
3748175
2529097
3087472
2428406
5185644
3184231
4016309
4671313
1571598
3077229
4234614
5428476
1385850
1778724
5463390
3891477
1658910
2010890
2164104
1160510
1439144
1662821
5502685
5597608
1490448
2436102
4621696
5218821
4915239
5161943
4370323
2835134
4879565
2751719
5451381
5909031
1359721
5957723
3106874
1971426
1520655
4135716
1963929
3747774
3710192
3477773
2504918
3308118
4843292
3201268
5300582
5891422
5998239
1253071
5278291
1041872
4734832
3807563
5548563
1551666
5075240
4268568
1803567
3999831
2773705
1074200
2503544
4523291
5530770
3665942
4571362
4696353
1236534
4013010
2032921
1061232
1239791
4183485
1411579
3373362
4656989
1019613
5491198
2960783
3429422
3748993
4775127
2776838
2587655
4320965
5750555
4575590
4198413
3252776
3134154
3773383
4569729
5502419
3070796
1076508
2175784
2103132
3088872
1742193
2458637
4331852
4254674
4887607
5363571
2014220
1901697
1647269
3131379
4353332
1983945
2141176
4577488
3285082
5211914
4187131
3753465
4706476
2199930
3067252
1274909
4940362
5888776
2882910
4267679
1001529
4437107
3562986
3600845
3814902
5782154
1215108
4661923
5609190
4096860
3896829
5076538
1805232
2546443
6009358
1459330
3540206
5942471
2019258
2582556
2741848
2832277
2945705
4293834
4547765
4838079
1899414
4557762
5173435
2782540
5867449
4830010
5234185
4549534
2725905
5302455
1409573
3314986
3540590
3973926
3954300
5829345
4328820
2002885
3320210
5642732
1297998
2424559
3061118
4035523
1777288
5024456
1360666
2150490
1572534
1305609
2427310
2334907
1606317
5732532
1338435
4716417
4717728
1695603
4469464
5124195
4299693
1242813
2677111
1098655
2315783
4228913
5201736
5937416
3856118
2248258
4754510
2749965
4329601
5207632
1290139
1289272
1895583
1259463
5930836
4607516
4101282
4608191
4942096
4824266
2894231
3067883
2698232
1870045
5401189
2448062
4808588
5356849
1518293
3459943
1968798
1369554
4767588
3246196
1790389
2875419
1710549
5746573
3473528
2176411
6021964
3546211
1137114
3107002
4197813
4051860
2821776
1786908
5171623
2420367
4024382
4775869
5754222
4744452
3597586
4010635
3021132
3491749
4937434
3619415
5997520
1240932
3928676
5020034
5537714
3014545
1943767
3549092
1596814
2050711
5679979
5042192
3539912
2900192
1740252
2719834
3557576
2385110
5912314
2455630
1458311
4982828
5788310
5303305
2099161
3467624
2293141
3587091
3570719
2973812
3801708
4427580
5307748
4980792
3628440
1556423
5345156
1867257
5783691
5179925
3145687
3234698
2430882
1852171
5221049
5981009
1770309
3006183
3140548
1283398
3822419
3614712
5220428
1706833
1380543
5956044
2579858
3202104
3706788
1200884
3934985
3250096
3953234
1562173
1946560
1542675
3745884
4680786
2105959
1669769
1119517
4362793
1109639
4691917
5419174
4572952
1543569
4855722
5532235
2629082
4583763
2025209
3578554
3769906
3035063
4602895
2755829
4499981
4598249
1391624
3793670
5246960
3682971
2106373
2999033
3674147
3119955
3242485
2921866
5503492
1055239
5449023
3588981
5821556
2286117
3617258
5382275
1732700
5625677
4203027
1871315
2059498
5884245
3492667
4400845
3211124
1749964
5092259
4156541
5656573
5592195
3935598
1200513
1079432
4571171
5559149
2658380
4938949
2347342
3156832
5981289
2161928
3447022
2600133
1302787
5662531
1883228
3518761
5385781
3985464
1501591
3888092
4321775
1935341
2354931
1852248
3727938
1686551
5523363
3600613
2574176
2752602
3046497
4188898
1458593
3791442
4679556
3660182
1855382
4211779
5962998
2457632
2156573
4200231
5826042
5075284
2506735
2887003
4514931
3024441
4399842
3552541
1868153
4194686
3453735
5088688
5155229
1412218
2021051
5698614
2133966
5262424
2994994
2044556
3903287
1186096
2139728
3067327
1743260
4544855
2199371
1193973
5779921
2334401
2581880
2032523
3267303
1104450
2830032
5015588
1061429
2900562
4746227
4735636
1774112
2533254
4413165
3148200
3503313
3805920
1088769
5604272
4426350
1006322
1358848
3643164
2846091
2821385
4605554
2217868
1410570
3995626
3410539
4316506
1453210
5949325
3429576
2282666
5989234
1569426
2175082
2523891
4263685
3080434
3288944
3380272
1690759
3007835
1264880
5838269
4440592
1729859
5577158
4219383
1053738
3759412
5159451
4081483
2415101
4392478
2143342
3981218
5724191
4586721
1962499
1570228
1731448
4728912
5400969
3904174
5617821
2513023
5909871
2274227
3046665
5319700
1417515
3894556
5389059
5828371
1830772
5621398
2837680
1355112
3963297
4613797
4984965
4060699
2796950
3753508
3013278
2747108
5278063
1749488
3696655
3417320
2663044
3363798
5140979
2589392
2977545
4563545
5040499
5256630
3375786
4109816
4252261
1881211
2368957
3819782
5852747
1645051
5409593
2468614
2317397
1429882
1124021
1310125
2625564
3267926
3367016
5785332
1080128
4330559
2291097
3925316
1240759
2769594
5358298
2753811
2193258
1954231
4288187
1313561
5049666
2082982
5723755
5965093
5422686
5156197
2277908
4805642
5253838
5766451
1450074
2905301
1906422
5442745
5394357
1115396
1900449
4148607
2753099
1661947
2623148
3337758
1525827
5256967
2204089
3784939
2571382
4528963
4728697
4240647
1769486
4667596
3132461
2118141
4230550
4651734
3146923
5031826
4673096
3038772
1241348
1432600
2448536
1622687
4014436
4782226
4325356
1414092
5650092
5338093
5641892
5335893
4736394
5145208
3374208
2627981
5419094
3877905
3944555
3380826
3085707
2075055
1729266
4678276
3420040
4651858
2013123
1099526
3660470
5716635
1766649
3173488
1180017
2847037
2289596
2880127
2621018
1731460
2967880
5862513
4898176
1133899
4389089
3704282
3813631
5017766
4664729
3054587
5645418
2912942
4561788
5411391
2907825
5808085
5417059
5451871
2136857
3898587
3397939
2046779
5298304
5186763
3608682
5750070
5711463
3673101
5424363
2199177
4726540
3863326
4061396
3368860
1854655
4228152
2857206
3568211
1139045
4639206
4417343
3668934
4431016
5477209
3832942
1489720
4446919
4420107
1181966
1658670
2932592
4067838
5764275
5614404
3950973
5282289
5649552
2439615
5978167
2911506
3910362
1945993
5079800
1631183
4273321
2023119
2906718
5693512
4422112
4163814
2836706
2678139
4986327
5945890
5492064
5581777
1173038
1481136
2652886
3955265
5738071
3559821
1286831
4012435
4733522
3624732
5747167
2691708
5999719
5680373
1346754
5090343
4728235
2488985
4710173
4806063
2839800
4447359
3950024
5265311
1611541
3863049
4281982
3516076
4346340
5879764
1168272
5900346
4163597
3864744
3869113
3710710
4333672
3818162
6015384
3010267
5563579
5452382
1932902
1442489
1585715
2793934
3398894
3566562
4240008
5800601
3770576
5247459
1020792
4078699
2337756
1870697
4380769
1454277
2643726
3963832
5413526
1052976
3818210
2432320
3963078
4256327
3460504
3172831
2690426
2049722
3115074
4761465
2569708
4222086
1377340
4801189
2290520
2983954
1597661
3073148
1811599
3352331
4336511
1791239
4720193
4244681
4510698
1503005
5388669
1716006
2356272
3898230
2311284
2360355
1849500
4716806
2134536
2176023
2547002
5847890
2529951
3199429
3436118
5340982
1577778
4869202
3489300
1249535
2068795
5700535
4476687
3822903
4910927
3252069
4990704
3914426
5505282
5539870
1978386
1495571
1466831
2517779
2230863
5593574
1572491
2789113
3460807
1253110
3843148
3634339
4648795
2825804
2792420
4123735
2517911
1801649
5019167
1722209
5320027
1841435
4192782
1643860
3700588
2840239
1794658
3016322
4842482
1196021
3539007
3443291
2901674
3613613
3851731
4108170
3264437
3751293
2107841
3540358
4779288
1194615
4065380
4134124
3087546
1131772
5409714
4598503
4351360
3977688
2034713
4783999
1008169
2382352
5197491
2788769
4939436
1215835
2786736
4500311
3662567
5237794
1449359
2979673
1136355
5209636
1196325
3265973
4046560
5027571
2539140
2794232
3160827
5600976
2486732
5555138
4342755
5283510
4717341
4271076
2104523
5922561
4186454
5659657
2222132
4520968
2772571
2344488
2897056
3946434
5331987
5458302
3719093
4308719
3164337
1937199
5003616
3257065
4019235
2048737
4920544
4519978
5789755
3735610
4281541
3140442
5397172
2956403
5463334
1820638
2393207
5419403
2817132
2330385
2115200
2004208
4733665
1135085
3808940
4437163
2328766
2202577
4672108
5429549
2313903
1514780
3349391
5478792
1345496
4747508
1891377
5130840
4722366
1818108
3351257
3683434
4848479
4130293
5545589
2227000
1280775
1733640
2857841
3635320
2768428
5837190
4674083
5469843
4738783
5720329
4100094
4199498
1468534
3129856
1494962
1026498
4903579
5831535
5074554
5866231
4713081
1517014
1193876
1416460
5923824
4534335
5558070
5568840
3859005
1675628
4740431
6009671
3340204
4594218
4152368
4180595
3441632
4127512
4032598
6005388
1723534
1466092
1801630
4378519
5282601
1265278
2121238
1930014
4083285
3671935
5720297
4955522
2693345
2015446
1094724
4961373
4387357
3626306
1722584
5979484
4297166
4781491
1747009
1176399
1475994
3731401
5201724
2946739
3385065
5118389
2989403
4372796
1715218
1205921
2237052
5941737
5099577
3266353
5857809
2892282
4468480
4261257
2010192
5728917
3882534
5585459
2389272
4428150
1699688
5404787
2940245
1294954
5040253
2042493
1871349
2082440
4466018
4454110
3456298
5474686
5593851
2910081
3703430
3218267
4319673
3502914
4769398
4450844
1506209
4604896
1480934
1669289
1224282
3947547
5550994
5700208
3418727
1754047
3001789
1239261
5824624
1736078
1205584
3753893
4699730
4455490
4111064
4318194
5078823
1623593
1115318
3325336
5310462
1005266
3965705
1035598
3993444
1422854
4195455
1277385
3518131
4350085
2507270
2632108
3675153
5788240
4242941
4633685
2362601
5735688
4566166
4650242
3518738
5620968
3828348
5046102
3272230
4677002
4451767
5445603
4749748
1380179
3899675
1316875
4062285
3998636
5779939
5737943
4784951
3423393
2407822
2352654
3327559
4920884
5352446
1118756
5620810
4912976
2144184
3404336
4014770
4818341
3666608
5574735
5434064
5772692
3464567
3008239
5730453
3294363
1253788
4032392
2386136
2225556
4917508
5954370
5263852
3621679
5012875
3594181
4381272
4692550
5640510
5194950
3221800
1686045
3553650
5165250
3032416
4698732
2690499
2990910
5064188
4877693
2455583
4353008
2381543
2407173
1393598
5578953
3009069
3376602
3212791
2913791
3345986
4013482
2355722
1257369
4363413
4504801
3952285
5172728
4488078
4188820
2556979
3455500
3162097
1438097
3903421
1574294
3502943
1381748
1875229
2953810
4047164
3670525
5445687
3800324
1466532
3739847
1498337
2631221
3666843
2316333
5055404
1007353
1427805
3600305
5997462
3345582
2006444
1552817
4517597
2003965
2589115
5494220
2326191
1038523
5115764
5543807
4777750
4152527
5693258
2285148
5541471
1720608
1567993
2037895
4344562
2387365
1628492
3817771
5886402
1178718
1843932
5557861
4482842
2072793
1036024
2009368
4378818
4964295
5404504
2075881
5820284
2959121
4857944
3299007
2988415
3306965
4832649
2560313
4199075
5373124
4960636
3068591
5795720
5879975
4655138
2741550
2234526
1237577
1006354
5239363
2222704
5119912
2400045
4347522
1588175
2443774
5236000
2536509
2148198
5516829
3523996
3072153
5627078
5763788
1756507
4730538
3579703
3942737
1125138
2067194
1305758
3030714
5767417
3098416
4189699
3963943
2745059
3520949
4009333
5545372
1585476
1574230
1646535
3719038
2701951
1648134
2456952
1433612
2631576
5683003
3894849
2632418
2169068
4397293
4978104
2389408
3824094
4416361
4835715
2496598
5766260
1262242
4768900
3326197
5792507
2769856
3806970
4245106
1225417
5072375
3152717
3944759
3407860
3517587
5409191
4884877
2742230
3233933
1656706
3230520
1074312
3655077
4895142
5985230
3017693
1716259
2544055
2381506
2122868
3045757
2670627
3323423
1621886
1089448
5278683
4891105
3737831
5404371
3221775
4466572
2803073
5123298
4629062
3396560
4319608
3363901
4173147
1072306
1425449
3908122
1141227
1898618
1918136
5848021
4030155
2354564
5769109
5499586
1541109
5893615
4479560
3256258
1495365
2503884
3639696
3000185
6017702
3305188
3176524
4634687
1387613
4547135
2901813
1290852
4442422
3602684
2750667
2283681
5109769
2759748
3805414
1882556
4706513
4658456
5052357
4144078
3035162
3610488
4030325
3421877
2635171
3762522
3998594
5197015
3659601
2279825
2225360
4010514
2606948
1556256
5386744
3362151
1400471
3869621
1199728
3004257
5484303
1692625
2128808
5806898
1051482
4154855
3006021
1981460
2112075
1241475
1966805
1509183
4019118
1748662
1281412
1148609
3642716
5941345
5271554
5444196
2002519
3697942
2757395
4048285
5475208
3585057
2620227
2700760
2568912
1616806
2079092
4957965
1744113
3927422
5831132
5075322
5418260
4761515
2440699
1674228
4948847
2323656
3098949
3694570
2037264
2519041
2378657
5880101
5230493
2066802
5903117
3212951
5553550
1827985
2098105
3362127
4212652
3160285
5427024
2807903
5693485
5280475
4225082
2041549
2412445
3986182
4982440
5235700
1382885
2263387
5075926
1851517
1738395
5391765
5572797
3512854
5049975
4726977
4326997
3442124
1851467
1790641
3910939
2573562
5434928
3799909
1608094
4562046
4220890
2800442
2694693
4607211
4087694
5757575
4606705
2712536
5415226
2084105
4958296
5679931
2111898
4375684
1863602
2049256
3243694
5110742
2978822
3841733
2512011
5366344
3309259
3682775
5358991
1339858
2216736
5723512
3293875
5820202
1607182
4230904
5801557
4987487
5051536
2003466
3713774
5218747
5211297
2488123
2458794
2347111
4539600
2708178
5447077
4820140
3405567
1122059
3340616
1015259
4063669
4980556
3829962
5016797
3130078
3511161
3493729
1192688
5065656
5910481
3708987
3837748
3542013
4927436
1166386
5255578
5187231
4572413
1762868
2348769
3059959
2234445
1373394
4474899
5377499
3210458
4041675
2505314
3233118
3470673
2087936
2487535
2575110
3439500
4704583
2468132
4785617
2441899
2207096
5137942
5413991
1633016
1396189
5346126
1740013
4273803
4436054
1002670
4050933
5586634
2130933
3372491
1107637
3704167
5503141
1379042
4294583
4057619
4587807
5333812
2764917
5694866
4846984
1598765
2683714
3431239
3852388
3578796
5086620
5460934
4940329
5708427
1759274
5206517
3290506
5739001
3136125
4785988
5559365
5635808
1112822
5270757
4631062
4444606
1403171
5608275
1822850
4978465
5970728
1489892
6014362
1001398
5262273
5763684
4247821
4880222
3793212
3788571
5108993
4095683
3077657
3987021
2041800
3994173
1116683
5084777
3754960
1014500
1125528
5379804
1273384
5751990
3624246
5553539
5879041
6003490
4857649
1692752
2290869
1360489
3084256
2818366
1842000
4125882
4474329
2350221
3419933
2550202
3471154
5058625
3928418
4009778
2105998
1661331
2581832
1618668
3331502
4484996
2126176
5980017
3779077
5497384
5100763
5302273
4145701
2474179
5738324
4409628
3863768
2073525
3972690
1202607
3649971
4376749
1882574
4898747
4214949
5666115
4416823
5357966
5084765
1507268
1787103
4382154
2632267
1848366
3674370
2954593
3057949
4607661
4141526
1685776
4520108
2310084
2018190
3244165
5353992
2066670
4184218
4377365
4148598
3587693
2087206
3997649
2783478
2111376
4990886
5782589
4773111
6013688
4378686
4698817
1289159
4016919
4560892
6002964
2286469
1994283
4641373
4386718
1276615
2318939
3547303
3345971
1151014
1071326
1032527
5089570
1068342
4457486
5729949
1916542
4162201
2733043
4305607
1762567
5326329
1547399
2584637
1247580
5206777
3910790
5769840
4000642
1570669
4924852
5684068
4507716
5393125
2338503
1964286
1906972
4274480
2116186
4834706
1785267
1624559
3105906
5006689
4014208
4248912
1275424
5064293
1131280
4211647
4161740
3591366
3916265
2482797
5339759
4116392
3480454
5090690
3891986
3442160
4485681
5050796
1645174
1508045
4443466
3656659
2457188
2509380
6022627
1150695
1562887
1195657
5287804
2660060
2185107
3005285
6015713
1774091
1640097
3047744
1427554
5074436
2340892
2824991
3482565
4163489
3253375
1147627
5809151
1181828
4188938
3412174
2440966
6005485
2869633
3237147
3132107
1989356
5786974
3499062
1554290
2211218
2427814
1658389
2163740
4346414
5811195
1890308
2832924
5569856
1911878
3253716
5800060
2904356
2810922
2405593
4442519
2091839
2213528
5412701
3704900
1411638
5832207
3113006
2985628
2550892
1039740
3851841
3983804
5506096
3758788
5986733
4097841
5022805
4848036
5576515
4413562
3599858
2752792
2201079
3060304
2196073
4683534
5442557
5140760
1705138
3549935
3443998
3777560
1210737
2303335
2997820
2562219
1024494
5472356
4459097
4242351
3407001
3404866
1494366
3666821
5232211
3752419
5603199
2622203
5147449
3204044
5070603
4925875
2557730
4586064
5804501
3306224
5325423
5786068
2850146
2627475
5590909
2697664
4460339
1818505
3298766
4797043
1466696
5615994
4159214
3410756
1798592
1542541
3589565
4118347
5117423
4895288
1337258
5910271
4704128
4892882
1695848
5237220
2175326
5252407
5718429
4459951
5483293
5041910
5951935
4175694
1984089
4314304
4173625
3300698
2355908
3661828
3002900
4508441
2423098
1352931
4274631
3440404
3568656
2874262
4639563
2345996
5429582
3747610
4273571
4551576
5576081
3607185
3297819
3872311
5491832
2586126
4028304
5514574
1069488
1360958
1244141
4002354
5282200
4956303
5200789
3681850
1708555
5644929
4524399
4847946
5846593
2621555
3884753
3534455
1550650
5670386
4323736
4744662
1338664
1205120
2331515
2684547
4238662
1344962
4752174
1981587
4601312
2246099
2938959
4008925
4348550
1518011
5247883
5233435
3878391
2889941
3889477
3428147
4815093
3769105
3254137
5851235
3418021
3501169
5513681
1887357
3955853
4417607
5960942
5465701
4516813
5423914
3244097
4210317
2255564
3140839
2785327
5769922
2424803
5190815
1499563
2066727
5332537
5734214
4796979
1568883
1266654
3777814
5279501
4664381
1904458
4520377
1192345
4978278
4210088
5970415
5284054
2755605
1100152
4038486
4556861
3506854
2837735
3854632
1987176
4221427
3435502
5374234
5915625
3359174
5383975
2053672
4384513
2190693
4250963
5356657
5655054
4966653
3191318
3033497
5098218
3813218
2856471
1199625
5156802
3996642
4052554
3991989
2627098
3529607
3766903
3262514
4538620
4175798
5125783
1126472
2019755
4090743
4829758
4728076
4265017
4245585
4993419
1952040
1242133
2271115
5512926
5555487
5765553
3492048
3853240
1516709
5254519
3422889
1077741
1236581
4814793
4777866
3232727
5603569
1777030
2763642
1011063
1453530
4918694
2718569
3789720
3762319
4981978
4707127
1635889
2962476
2412389
5376746
3463075
2523931
5409963
4921740
5751623
3406030
3182704
2438709
5043859
5826093
5094534
2210705
2743735
1020467
4592798
1890179
3567064
3575782
1648004
3191112
4971614
5956929
4392563
3687679
1156717
1052640
5293039
3362429
2844571
3671361
3093997
3268210
4324640
3460791
2522980
2191530
4794278
1436404
2385071
5813150
5397393
2573192
3048085
2471673
3743995
5552739
4679372
5255251
2647728
2557325
1204036
1575163
1988986
3114904
5409237
2680239
2017028
3626878
4828014
5077024
2034971
3884762
1962882
3819831
2504330
1258838
2572614
5919401
1820260
2968135
3538696
3923639
2932774
5642141
4497942
2318617
1050060
1758363
1206302
6009647
5550951
2794267
5454968
3206949
3463001
5925633
3031463
1667157
3811925
1830149
1247544
3698543
1809519
4555523
5626630
4354302
1731704
2649290
5106784
4787614
2100397
1966614
3919541
5751866
4545074
5780364
1122976
4757791
4679542
5239569
1181225
2016319
1597638
2916233
4595136
3848236
3951105
1831143
5002281
5423010
5356777
1698787
4701761
1956356
5225260
5275177
3164224
2817796
5127928
5450027
4688484
3855283
3189531
4908259
1041742
4524534
1815573
2279775
2837431
4166933
1573988
5472766
2402956
1849706
4643359
5961053
5229383
2865598
1984681
3837000
1002160
2851233
2836169
5621242
1454837
4777103
4587966
4045175
1998854
2351704
3642125
4247387
1974357
1795826
4437134
2567346
3679029
1446100
2196818
4820565
3276259
2585731
2447246
1017904
3781727
2959973
5798730
3056574
1112306
3863094
4434957
5465170
3411151
5992677
4750811
5567710
1334843
5581253
2206260
1375581
5876725
3985937
3029407
3323217
3766160
5186832
4872618
5697179
2792405
2322731
5412185
2230828
5358043
4212645
4806861
1032573
3235942
2954739
1243454
5727565
4993831
4779784
4931253
3021016
3128922
5283068
5407002
1962187
4707520
1822705
2016917
2258745
3917228
3946580
4102420
1767451
3660760
4271414
2323875
3182688
1138247
1787907
5062634
5222968
2804998
2002367
4256102
5713455
4422642
1839872
5998997
3622502
5896137
1510369
2697051
1188593
3923230
5100341
2674137
2316994
5392921
2003502
5589424
5412732
5560195
4222525
4531080
1181238
2503077
4704649
5635976
2660951
1409624
4684331
5574601
3333521
5522994
2547812
2319972
5472463
1456346
3696357
3906865
5525566
2370634
1744040
1610968
1666698
2792123
4868957
3736089
3868570
2147866
4101376
4264996
4686258
1220738
1529329
2401276
2132639
2540300
5483537
3082748
5780305
2890964
4509509
1443559
3391114
5011296
3615311
1828345
4920653
5468127
5937305
2652805
4683948
3627749
4559657
5575719
1446358
2759437
1731688
2890905
4089575
5075673
1814584
2788667
6016058
5645496
1448753
2897957
3545114
5689780
5801272
1535491
3540997
5392362
5197581
2895005
1613384
3773952
2467327
5171657
5062470
5634181
1517751
5239497
2591547
1285372
4763598
2646821
4627818
5836304
2618325
2320131
2869576
3253620
4446602
5247953
5485739
4575446
5176533
1354658
2940498
3122853
1943203
1019699
1167372
3464884
3594190
4887984
1834454
1249266
4637355
4664650
3118752
5800416
2452795
3483154
5402108
2895500
3448336
2517757
3505001
4458812
1772791
4080344
4356878
5803420
5947747
3029987
1397700
1060756
3934013
5031992
4011267
4145573
2120854
2070094
4446500
4235814
5737674
4254531
4923536
1153737
2348703
3446608
4564331
1625852
3628225
1040889
3958202
3609074
3352063
2477383
3300779
5269531
3786327
1835230
3054294
3347664
1618808
3435523
1804592
2870164
2425632
2452073
4563528
2567850
3158323
3029544
3850463
2483029
3732790
2530201
4918062
5048783
2947791
3849647
4186955
5784823
3246713
2838043
5941643
2167978
5678134
5199627
5159763
3040570
1926787
3067929
4626228
3689410
1385733
5261592
3182167
1546026
1774899
5566679
3630605
2257714
5850078
5862434
3942307
1651547
1087802
1007781
5913572
3221137
1647118
5974934
2428701
4210580
2480782
2115386
2974054
3755917
1834422
1047803
4696337
5169350
2342752
4811417
4116299
3666786
5593146
2653423
3450697
4030954
5774417
3758792
3653496
4296618
5379519
1684667
1816687
2920888
5874617
4821182
4005879
5120227
3652865
2536062
3916862
3523691
1061392
4054223
4230996
2559352
1227949
5826724
2266920
2999990
2575426
3066576
4528475
5879085
5051489
2230305
2371570
3470720
1723410
1802780
2581531
1132049
3262080
3934026
3163002
4219296
4868441
2285501
3078396
1224101
1219422
3154130
2163581
4924596
1649559
5522289
3003371
2876410
5847440
3144196
5156136
5395687
3129817
4627221
3058077
5860392
2163250
4413537
2123920
4154565
4516858
4696875
3551317
5220490
4539638
5235315
1500784
2613362
4675693
1828688
3248756
2800107
5397006
4177121
5527138
3756145
2143148
2365697
2073851
2204760
5282966
1003744
2160257
4282773
4530170
5674014
4656925
4744575
2768077
5887444
5551763
2682669
2412513
5558865
4269049
5298642
4489358
4275935
2173860
5841350
2658051
4855261
1796235
4356797
4567670
1095364
4236059
4947918
3321985
5528267
5977588
1710817
5005949
3187267
1037542
5530294
4156703
5571161
3633262
1630059
3757689
1764784
1396243
3633631
3825251
4941203
1066444
4011213
1542769
3627342
1139767
2130799
1182233
5688463
5365580
2571836
5806546
3079193
5907021
2431513
4522991
3656082
2205055
5716349
4471111
1118366
4047642
4401781
5572571
1527709
1600701
4544498
1248927
3365337
4090538
4403157
5892709
5804558
1689593
5263518
2326218
2653658
2322375
4554537
4804398
1428883
4782115
2339256
4143328
5244122
4610466
2451194
4549403
2746088
3038736
4958919
2238926
2172397
4218687
1583887
2302115
2168787
2130947
3473818
1199921
2497434
3064012
5305348
2567070
2722072
6020568
3622473
2816162
4927095
4509240
2497532
1055534
1106748
5762044
3577382
4657395
5888523
5843939
5004151
3472625
5456198
2018096
2177636
4630900
4787833
1313714
4559695
4799942
1520861
2971670
4670823
3673650
4360174
3376059
2618065
3199724
2598481
1942580
3410761
4038026
1348595
2992470
4558219
3780047
1946018
3384721
3297778
2878569
2062522
1974450
4960964
1022710
3531984
2385851
2978275
1643067
2210806
3146149
1683378
5245065
5103564
5103803
2037575
3903701
1806787
3517569
2355364
2318164
1603613
3124328
3264496
2292434
4000427
1248238
5521286
5572724
3768214
1631298
4442936
2214222
1736415
2531613
1564735
5768185
5453135
4800374
2710147
4133603
1962963
4683605
1189471
2343214
4598436
4988564
5272471
1511324
3135155
3601617
2936164
4939898
4899822
1177577
3893350
2819110
1338142
5988981
3726874
4195591
4409772
5237124
4710025
2207999
5793875
5498720
3763529
5994850
3520200
4234900
4630886
2544613
5624030
1833384
5315938
3463725
4399912
1119952
2807670
1353759
2635531
4092083
5312868
3502209
2215044
3169240
4844530
3542669
1102054
4892815
1390689
1109535
1557178
5004441
4691249
5310533
3546745
1572214
3804939
2738867
4284332
2362256
3664924
4739257
1831106
3368276
4468064
5639781
1644220
3481158
2274079
3615432
4320826
1785453
1012627
4033901
2973665
3018237
1118855
2059394
1874202
5637017
4254396
4995628
1064455
1776486
2435254
2756510
1739895
1218719
1609661
2413648
4685953
5157404
3057398
5358148
1988660
2627432
4886490
3158246
1567448
1744820
1590299
5725298
1026412
5120621
3409949
4296419
3783753
3684168
3984912
1920741
5332386
5700460
2914053
5664515
1650654
5900119
5718676
4886393
3569862
5100337
5618611
4227477
3789572
5986417
1914175
3853555
3809037
3945882
2798920
5080415
3831577
1084697
4493572
2703838
1712079
5275845
2053660
1003874
5129030
3526737
4973059
3425213
5933120
3490574
1427249
2867383
1666008
3497277
3510342
1402853
4713838
1561344
4616469
3756354
4728758
2639721
3838647
5797553
3534833
2360033
2421522
3855171
3400516
4321732
1909048
2698470
4703703
2708012
2027251
1023833
2484238
5548620
5491584
2107723
3089657
1356443
5259382
1888004
2374265
2319301
5139480
4278886
4792776
4879131
4868343
3187619
2492451
3764901
5754964
2432177
4764020
2063009
1295862
1469255
4167974
1630383
4502143
2888684
4436353
5186781
2834510
3856947
2754641
1547292
5109402
4339521
3734573
4826059
4243154
3534016
1514406
2510679
3973932
5738401
3599473
4624728
5675779
2161714
4467523
5989700
5203844
1667420
3154724
1756243
4025441
2204783
5860520
3200068
4443430
2069579
2741725
4507784
4431273
3322227
1369282
5579413
5519484
3575766
2993892
5794974
4677345
2464623
5186198
1975855
5116679
4929191
1105058
2232309
2177235
4301004
3667707
5316967
2477005
4336369
4479888
3039493
1164228
5145692
1011825
5246344
2055650
1420361
5691530
3228925
1327656
1033751
2088437
3972984
2329726
6017723
5532744
3607384
3984624
1971296
3660166
1831495
2938611
5236505
2304951
1467462
2922337
1536535
1723367
5714950
2522560
2586859
3227761
4201981
3651609
1958326
4195390
4052436
3911170
2771545
2948065
3982283
3188853
5704405
2292879
3150243
1341216
1927792
2312052
4082459
4020886
2603533
2846776
5901679
2801218
4282212
4092192
1965795
5168018
2490555
1210215
2409734
2389112
5315040
1046857
2189141
3926577
3511288
3656326
2296967
3945981
1909927
3423766
2055833
3760076
1974081
5099327
2492988
4329011
1597992
5018746
4441232
2636530
2195580
1581045
4340567
5974467
1778512
4375866
5619879
3499240
3683868
5343738
4361546
5539983
1943964
1902295
1952762
2323813
3182307
5946209
5488008
1073771
2753855
3417225
5305750
4631597
2731877
1730410
2374552
5968260
4041746
2952926
5545285
1643327
4419466
3345726
1863204
1202377
5115062
3997310
5914949
5130696
4553597
4045294
2367193
3245415
4776457
5230489
3147476
4891977
3306283
2230347
2247301
2320349
5397637
3438985
2905862
3322886
5696422
2127449
3027202
3807454
4842091
5744139
4852116
4507399
1165365
2555860
4619504
5655003
4592980
5964032
2330069
5273542
5455320
1024776
3666913
3927156
2483694
4186469
5761180
2757998
4605643
4546225
4952039
1344774
5562924
5711476
5108230
2664452
3872602
1426302
1974368
4774646
2981295
3185990
4193129
5441851
3135558
4206652
5930327
2909724
4281819
1258246
3802060
2591533
5691302
1463495
2169251
4416407
2444259
2132606
1903619
3280966
5028117
3119142
4400562
5973676
3748227
5851162
5101624
1710611
2885158
1891194
2547040
1514530
2358028
1292122
5397338
5332930
3981426
3183114
2503043
5171556
3951069
2629936
2899914
5059702
3534180
4374181
3950626
2140266
1994260
4485115
5528280
1134898
2455387
3853018
3510575
5686475
5641070
5544843
2356992
2744694
2469238
3007453
5277694
3169425
4253095
1838556
4846321
2517671
1689657
5197545
2625891
1543900
3286167
1019845
3758098
4379516
3202203
2080187
5457806
2593133
4373261
3883745
1572590
1486610
5278609
1601646
1626415
4594657
5870830
4267750
4425872
3222029
2153493
2277553
2676559
1172310
1317107
5882302
3692628
6015799
5467073
4146514
1901624
2364362
1409530
4396556
4444925
4183505
5073054
2051667
5809280
2977605
5902638
2040341
4944324
4907537
2210865
2198230
3537097
2008662
1031391
3976861
1788337
1220315
2963905
1831009
3362025
4089868
1123044
2822296
2822851
2894335
3319961
2326907
2069171
1162933
1288779
2679956
1706859
1381306
1261782
4265797
1601394
3418653
1763090
4140919
1406721
3846192
4267146
3753137
1332208
3689161
2904532
4075678
4178389
4290384
3977847
5333319
2439967
1434683
2750402
4656167
5676569
2937163
2901385
3638269
5616159
4872124
1731859
4672314
4793671
2666251
2545362
2914176
3667171
2815880
2213344
5848109
4486036
2225593
4627633
5727459
2077720
1891957
1917769
2680702
5843752
4659760
2331780
4450120
4532812
4337693
1506523
5174874
2552248
2211135
4713196
3959869
5449282
5395970
2065866
5902600
5935747
2446535
1539149
3848035
3406422
2089134
1622756
4645229
2917923
4124181
1664285
2617787
5253357
5893877
2980503
2859223
1800665
1336794
1582747
4336145
1437558
2744649
4608480
3643091
5149116
2602865
4236204
2669115
1130918
2039522
5262925
5808240
5685400
4817882
3679134
5765863
4632551
2429317
2572101
5932288
4301806
5812729
5531053
1447809
2244595
5759864
1499277
1857197
3148778
3499967
1765376
1978048
5190480
5899467
2750484
1202232
3977859
4746381
1928579
5826388
1622281
5153009
2695465
3193646
5170378
2479870
3421850
4226643
2034007
4801435
1997545
2738763
3727650
4604239
2824445
1521308
3946111
1696496
1696676
5649422
6016738
2196955
5009840
5975946
1555418
4493865
1396358
5124793
5995574
1609906
1588497
2067711
4552061
1639536
3146130
4073221
3357952
4210428
2265600
2471583
5282431
4991181
2461421
1549346
3584008
3886990
3071712
5652663
5557744
1549892
2582285
1579246
3256377
4498904
4482767
3235079
1537196
4550766
1626661
4712183
5219392
1435836
3985351
3067646
2413141
1237123
3360567
4864209
5892429
1315596
4455271
3306415
1902944
2470961
1807012
2303843
2464059
4008334
4678691
4425102
3613722
4077567
1900159
5082975
1327921
4210155
4901968
1052788
4665821
4120045
3546362
5269921
3499391
4984078
5435481
5380220
5530900
1360651
1897807
4579194
1871738
1867145
1824866
1539869
4102001
3413353
2158539
4527921
5594074
2865017
5350099
2170982
1023796
1974439
1205318
2710022
3791967
2292374
3637786
4641102
2530772
2067149
2825288
2323236
5169571
5069383
2243448
4801664
4933698
4112164
3252385
1816447
4460803
3727497
5720826
2927463
4395821
4556905
5479394
3315962
3901495
4511812
4507015
2304106
4630199
5667544
2494443
4361227
4689704
4925813
1640364
5854432
5454634
1742716
1677739
2351307
3562933
4596066
1208543
4802995
2910971
2753929
1798761
4247673
3138002
2777334
1730156
1522175
5029353
2225218
1092539
5152436
4177982
2292727
5979562
4285345
2663349
2973578
4402413
1487100
2056843
1014882
3431633
3377541
5675030
3183072
2749329
4040748
4960203
5142021
5952371
5948573
3437886
1345343
2956647
4092312
4431704
5885854
4327539
5468496
5222520
5788461
3269629
2467168
4033303
4424384
1916990
5246552
2217696
2053170
5116556
5202082
1003196
5557488
5044595
1521471
4063308
4382103
3988834
3271929
2852746
4379867
1545582
4577450
1351156
5023048
4340715
1299388
1114746
2166025
1347556
2271505
3895407
4664273
2331450
1768426
1960150
2850657
2200862
1612172
2309792
3161782
5217775
5069253
1862099
1590902
5537616
2591201
2924893
4730542
5941925
1754894
5723571
4674949
2412452
5327240
3841814
2279893
5449199
4765039
5412162
3062493
5134484
4434496
5634673
6018984
2239748
1995477
2083729
1322197
3021352
3980627
2023152
3589080
2396917
1700083
5558176
3894815
1667080
3974876
1160503
4566173
3342819
5598701
2936813
4542527
5419731
5454520
5453827
1382507
1027853
1387675
5571841
2578605
2387377
3110639
3830028
1278064
3461003
5361235
5809931
1214646
5463805
1659672
3604006
5663528
1106533
1054685
3884503
2828085
2362876
3917099
4387655
4647350
4956560
2756079
5430875
4955126
5120961
3952475
3346635
2238417
3244787
5128826
4917443
1445991
4455155
3601752
1897722
4940625
3346290
5458964
5518273
5008582
2255149
1103380
1177793
1116153
3380171
2139781
1474598
5859553
3363705
4790053
5830277
4083593
1653625
2806350
2961562
4803417
3654285
4954243
5022390
2603343
3371115
5426355
4662049
6000871
3039524
5295232
3183398
4739062
2096347
2507218
2616851
4059988
3576955
4231056
3825016
3206787
4251259
5170798
5188222
4414474
2950826
2042720
3267980
2700979
1180321
3399603
5546857
5643325
5952966
4240948
5415321
5412758
1784373
3190778
3821787
1550175
4902620
3757707
3668602
1365366
2012336
5852798
2263346
5218085
4333137
5972489
5266338
3225259
2336576
5011684
4233304
3684937
5265990
5239974
5485602
5985016
2966053
4659306
1106902
1068685
4972577
4373982
1423231
2763752
1327832
3786290
1743046
5608226
2073169
4691294
4818943
1463703
2989292
2419687
2653364
3924248
3826536
4045917
4733688
5208513
1364450
4058469
1113322
2050810
2476217
3078035
5885441
5084098
3333315
5672919
2002125
5109994
3223350
4119614
2380780
4068705
2022000
1760232
2923277
1341806
2460353
1621898
5045683
2896575
4983113
3718747
5580425
5723869
2978115
3199437
5021195
5525323
5748219
2093428
5527250
5077908
1064266
3431784
4116418
2468328
1089273
2872666
3996844
3034557
2039409
2343410
2128348
2945666
4889790
3873026
3491361
5435428
1739773
4205433
1609579
1356488
2757964
2272885
4267792
1046513
5049682
5696507
3196376
3799664
2652227
5124622
2838558
2137343
3801715
5515773
1618963
5321569
3730958
4110029
4898798
3738423
2352809
5357312
4973815
1310250
3519750
5274061
4993879
4609610
4540079
3049392
1986943
1884823
1476370
1176620
1384249
4283998
3151522
2775531
4317620
3893453
3251178
3605563
6003220
1836926
3886071
1939882
2806038
3020612
5198663
1534155
2548032
1355531
3569647
1563474
4952356
1103534
3221611
4179947
1358929
5249261
1263294
1887672
3272016
2111424
3482962
1255626
5538600
4558263
5281006
2285715
5683164
2140677
1597329
3090335
2461291
4159435
1500239
1625675
2415503
3482848
4547218
5636749
3111524
3852232
1746499
5943873
1126294
4768319
3852846
5141114
4471463
1691020
5022974
3764821
1851706
1887170
5210024
3608489
3905812
2783605
5200588
4207715
5381804
3316074
3419153
3343898
3004759
4806439
4035965
3355074
5150414
3332178
3856624
1770981
3552097
3986559
1343532
5108770
4576938
3642030
5576357
3866201
5485815
2217434
3754454
5088677
5413300
5616584
2216634
3917486
4999528
4065612
2143751
2459185
5124420
2289807
2463437
1137423
3429073
5024572
5536479
3144838
3299052
1553895
3251750
2666864
2301924
3906310
5751285
3898692
4188282
5863477
3522187
4821000
1594605
3307461
3007017
1368951
5559995
5976534
5293946
3916671
4224393
2181772
3717492
1226657
5831230
1794150
4609691
4641962
4645253
3576633
4206957
5465573
5554481
4000078
3155828
3684836
4778906
5725782
5693377
5635146
4489870
4675728
5699468
3437249
5645173
3590153
5647623
1250015
5627557
5911545
5468559
5470093
2438201
5064626
3982531
1347270
1108312
2821171
4968757
6012570
1738611
5021756
1818902
1771978
2705345
5619014
1472543
2160438
4834397
5038597
4869720
1627128
4755181
4249197
3887504
3128233
3815359
3898805
1800455
1857599
3004018
5031198
3495964
3516007
4383774
4700732
2884972
5014800
2647318
4464829
3066344
4726396
3857460
2713299
2047026
4261303
5077305
4675408
3415524
3936791
1445065
3757875
1127210
2212236
5528258
1938102
2510397
3561888
4467693
4293876
5990800
1178569
4566968
1462319
4889776
2107528
1610388
4635690
3362607
3943386
4129867
2204724
3090456
2657194
2685778
5726446
3591872
5565369
2631332
3650260
4029008
5760576
3584073
4789309
4007654
2579186
3328885
2999631
2713453
5964281
2625194
2949726
1754679
4492634
2202252
5970362
4484245
3507910
2759127
1442128
4601188
4671528
6016044
1027326
4924177
5409561
2083847
2232765
5111887
3006039
1938349
3530058
2735923
1157073
2907817
5355417
2023839
3480885
4593485
1442509
2472450
5774303
1791410
1131404
2638123
4560456
1311993
1156464
3433843
4984557
4521680
4144844
3348923
4127470
4655605
4339669
4897530
3882528
4401304
4900774
5229668
4430576
3821562
4333594
4347319
3806610
1804996
5113283
3795299
3970532
1841686
2252450
5773312
4641498
4578029
5684345
4918572
3660619
2310718
1755991
4857694
3314278
1798263
3091020
5483200
1223858
3650914
4397261
5309451
4567419
4091014
4557917
4928026
4353206
5107860
1592751
1822536
4099839
2216350
4864297
2894733
3274511
2415974
5891716
4548914
5778454
1475915
1019994
4944426
1342141
3342200
1870636
3976254
5017513
5816954
5763894
4921117
4381617
1549096
4413951
2756621
3022116
4754273
4912851
5488049
4523573
4557215
5907077
4595077
5750806
3789843
4637110
1447565
1497397
5449424
5588305
3607090
4048808
3581225
3417009
1955360
1285475
1256054
3657669
4700566
4270719
5447730
2287281
3706695
3083865
2644117
4523648
2172071
4104598
3866676
1799360
1906491
5970595
2285039
4697018
1951131
1169633
2050429
4456768
2367686
5267365
3097205
2425200
3421145
1685430
4773092
3828631
3661009
1545406
1251266
2660644
2366918
3746723
1669347
4825181
4336555
2321392
2105170
3291755
4395029
5426561
1182172
4090602
1358179
3003242
5034065
1769809
1338837
5819164
2700931
3391143
3017078
5754594
1134864
5576316
1747644
3248184
2326064
5041342
3933903
2197514
1113694
2344947
1031442
4486746
1012555
5978436
3364479
4485194
1213043
5459197
3486451
3744458
4614777
3111555
1592286
5726174
2833502
3282657
2495228
2708952
4500204
5238778
3469598
4529622
3839557
1902163
2568269
1943624
4913669
1521700
1290312
5150222
3016666
3886204
3681764
1380366
4182958
4269853
4240292
1707028
1491134
2045749
5155602
5706746
5703233
1971309
3076479
2380551
5465063
4018575
4250059
3861218
2365800
1380756
3638492
4243542
5422288
5634560
3460746
3130531
2577437
1729871
3920945
4276948
1427334
5063944
5759587
2381373
3824265
2746782
2057661
4703200
4716877
4345502
3742279
2370891
5106030
2559554
2078153
3860257
3853926
2585446
5943241
4564838
1596303
3579114
1577769
5129545
1355164
1500174
4840029
3984905
5805664
3029637
1914016
4711165
1757872
3902604
2501223
1490554
5100105
1777757
3017950
3754125
5555545
1693686
1527810
2232426
4016623
1013916
2186542
4129171
1741755
4168102
2404980
5810019
5444443
3783785
4458569
5214575
5926917
3633517
2127430
1920546
4021387
4132005
2092222
4963402
5975670
3417072
1200342
2684061
4963423
1546904
3077849
5074961
5286464
5828876
1353682
2068221
2869301
2829586
3178631
2910573
3474246
3040048
2986658
2159122
4974520
3627910
2503233
6012305
3824671
1604932
1566594
3931387
3959797
5034935
5031776
2940872
5458406
5572916
5846866
2117322
5759101
1627461
5526654
5623439
4769518
4503741
4108655
4596936
5196075
2243266
2056682
4119886
4245982
3794725
5272116
5090404
1900781
5285624
1244713
5128584
2025595
2946475
5520372
5458971
4804293
3567309
2459492
2662475
3363555
1603072
5513547
4954214
4512366
3267806
4995280
1339826
4670857
4014227
3130776
1407242
2032159
2078947
4892218
5997437
4545931
3762639
5627661
3442794
5291145
2943297
5683283
3583893
2825576
1388599
1844242
1719337
4061198
2027917
1198997
5798670
2255258
5070577
5116059
3850696
1641763
1146617
3951763
5707336
3896117
5531615
3756163
2071381
2670400
2051011
2384958
1316781
2872119
3640102
2511662
1530626
3197196
3846754
3722586
3748411
2319896
1964271
2767188
1362745
5315650
4203301
4294627
3350510
5067390
1080417
2146791
4154464
4688541
3695939
1305775
1444945
2021818
2457165
1837689
5915523
5224114
1145398
5249994
3855408
3112893
2539207
4717531
5584611
2129195
5773139
2156492
4954702
3379019
2247716
3961869
5120535
3007061
4608154
1234241
5894431
3262498
3496044
3292528
2354505
1491649
5587730
5707432
4030532
3855600
3001228
2244584
2902593
5166569
5806031
4380386
5034670
2014434
5019974
5016339
4962796
4510030
5511076
2377826
1325650
2985299
5322044
3762762
4549265
4177386
2713280
4858414
3452363
3718310
1502330
5995538
5209780
3836300
2039208
3509334
2816028
1916324
3347507
3164579
3073653
1021155
2780181
3678343
1495598
3277166
1079907
5192596
3260911
3648766
4617985
4323676
2214090
3284271
5759871
1924276
1825212
2526446
5824302
2928667
3907939
3212908
4836125
5942405
3208531
4837610
3032364
1453488
2995337
5521670
4308329
2010072
1702348
3625809
4392534
1053382
3582259
1749655
4382355
2169424
1127920
4209522
2076781
2199570
3836155
4889272
4481771
2227388
4233466
3136358
5229849
2342105
2017660
5232304
2060063
3734732
4455935
3424550
5236803
3644974
2772783
5898263
1779456
3259483
2872806
3419196
3895043
3812234
2379738
3670241
1158736
5930883
5001578
4883242
1686302
3717799
4834355
3220693
3669539
5529119
2600595
1782609
4803615
2746264
3173076
3730682
2866009
1562429
4049471
4097239
2405561
3867580
1426153
4308813
5136582
4048963
1688918
3687788
2600540
1531943
2516941
3203604
4517223
4786933
3015497
4732927
2334253
4794007
1952132
2919318
5271023
2423808
3639637
3935736
2706107
4147620
2364430
2454591
4334049
3470536
1013127
5825013
2816153
2433334
1777633
1283658
1908729
5412636
2343292
1251040
2074628
4522604
4427476
5147494
5933693
1884751
3137263
3516697
4193780
1438667
3357270
5040907
2484200
4913382
4906788
1661323
2304644
2505226
3000986
4526152
3764181
5798233
2691088
1313218
5147858
4041769
5448347
3787239
1869065
4168464
4699604
4146836
2779098
5791711
4532650
1905014
3869436
3563513
2072506
3232148
4137971
1816058
1658823
1198563
4481062
5819531
5627584
2408288
4643011
2504471
4601876
2988054
1812601
4761384
2149829
2775353
4822528
5550060
1624760
4250360
1646785
1978791
5339839
1032889
4366408
3238668
4251050
4358699
1509946
4493268
4352112
2994966
1418303
5031112
2673581
5050591
2762757
1922611
3608821
5806113
4701464
1692449
4409042
3795365
4515908
1089381
1109796
5224746
3675196
2150879
3808025
2970360
4667386
4484761
5264712
3500202
3756630
1039344
4089580
1142099
5153537
1224352
3896446
3145809
2573289
4025000
2240324
5308671
4311172
4751299
5664052
5034840
5207703
2217987
4229485
4034225
5064072
3405831
2438902
4672559
1517580
2291596
5547547
5573284
4264678
4774789
4965135
4982949
4052762
1754976
4848746
1788415
3089309
2066452
4802343
5204796
3773976
1490688
4710995
3748871
5015789
2470158
3060776
2860319
2025950
1238227
1934457
5290273
3047893
5666923
5504519
3999641
4332043
4147094
3209686
1531781
3986676
2627538
2608436
4426772
2557991
5595746
1214756
5844864
5718074
1644969
2677991
4905511
5126114
2005651
3550383
3411887
1089718
2433273
2107027
1418980
4154349
1469078
3707484
2507919
4540606
5025695
5225224
5205004
5962185
5663633
5543754
3320933
3081659
4173595
1662615
2867866
4427895
2895241
1868838
5711148
3130159
2563324
1582536
3888558
3233235
4340903
3956729
5734422
3534002
4686365
2590116
4694074
3524629
4458227
4855036
4086531
1751222
1287453
5428419
5419581
4188639
2593899
4133654
2338621
2987336
4469824
2424505
2891026
5163412
3220595
4887115
5127071
4932813
5321974
3086775
5098827
2288762
2382208
5491826
5254027
2561363
5389458
1274534
1262320
1615126
2661790
1529826
4880076
4083146
5893004
5545311
1431296
4152340
4374651
3897872
4941316
1212861
2991698
1543677
3568752
1105044
4693372
1371010
1353163
2497342
1746355
5299563
1009635
3181742
2748581
5061784
2577760
3607153
5578234
4808996
1864891
2437955
2402900
1716342
5675403
4663035
1139492
1040636
4209040
4196901
4834743
2353241
3726986
2232169
4380024
4742103
5700411
2363833
1487731
1461464
4602077
4422832
5648430
4482340
5558759
1311095
3520431
2371423
1369079
1171799
1158957
5524921
1994813
5941249
3329003
1140277
2929718
2790399
3272677
3698514
1828847
4432953
2006355
2020342
3529365
3266211
2832659
3170810
3804540
1704476
2187320
5421891
1826313
2643118
1201117
4531433
3260563
5978917
3370366
4430189
5432764
4287579
4273115
3739208
4481202
4454071
5946337
2059742
1234640
3774453
2667368
4643048
4375668
5310130
5395610
2026986
3196390
5822734
5085434
6011111
3294455
2314506
1839824
1536938
1001479
5577497
4700406
3643482
1163428
1994449
5745844
3616325
1864634
3561240
4189165
3907318
4195718
5590837
5627466
4475566
5189978
1399658
4913793
4176169
1396193
1813503
5838964
4449515
1169193
1642336
2323408
3375888
4888117
1224334
3667003
4919226
5979863
1056199
2019470
4833968
5243404
1229170
1124183
2134438
5525889
3079804
5773667
2410149
5853108
3374956
1358622
5030097
4703658
1036143
3273036
2351167
4446169
4380106
5390747
4460226
5913062
3305819
5035066
4761302
1968216
1283188
3614705
1137658
3865691
3552601
5572429
1184768
4280258
5259550
5255522
2452896
3509510
5772993
5781719
2346267
5746222
1720369
2526911
4603384
5434765
4566343
1530951
4251476
2332786
1581331
1493884
4607988
1721827
3484017
4079215
4687816
4312658
4374555
3483355
5976125
3862734
3044111
1857910
5616642
6009435
2682646
1321238
1275847
1062250
4549117
5169878
1439917
1988947
3986149
4813884
2506320
1869857
4235489
3058109
3715576
2372317
3706012
1974063
1860049
5798513
1069028
5405776
4797987
2299514
2233855
3258468
1734365
4844515
2319620
5980201
4155025
2489631
1490068
5540611
1942445
4058948
4584126
4584002
4844817
1254979
1750568
4614919
4636060
2198436
3034035
4549435
1874310
3769693
2911228
1854170
1331550
5944676
1081695
2070082
4013112
1908886
5584492
2794772
5791628
1179495
1064737
2180985
4879394
4196096
4893824
5117165
2579763
4774985
4078966
1657009
3614555
2694906
5540170
4490136
3927125
5771412
5215344
2545304
2377781
3250163
4227800
4010918
1891441
2538372
4362234
4578202
1347005
4782127
5416613
3414390
5233841
3152725
3414961
1950081
1953402
2607498
5925983
4344553
4843664
4889988
3537305
2536733
2405005
3716942
1292714
2388015
5788572
1884205
1189116
4398823
3315351
3511552
3484663
1503990
1780016
2996697
3036738
3060689
2628211
3559608
4664606
4826135
5480063
1525204
4718640
3773928
3351649
1464119
5227704
4798484
4237675
4328079
5538362
3641485
5706114
5920479
2181025
4797884
1694488
3365557
2100830
1702873
3002591
1353771
4385206
4595629
2556755
5931923
2734918
4606999
1939005
4315947
3566845
4736067
3112235
2956082
4566923
1058555
5755761
3232526
1889854
4265619
3519851
4773558
1577658
2238649
5237910
3704208
3142105
2781311
3518904
5536541
5669266
5187400
3427110
5576063
1325199
2040255
1103612
5722128
4240469
5302390
2169925
5233174
1248261
1660899
3251401
5005644
4293256
4614928
4119578
1298944
5686815
3052723
2924185
2203285
5514873
2402569
1360877
3562825
2904708
5235521
3539933
5517123
1720980
5447286
3501981
3378903
2648270
2001151
3434320
3111223
2921499
4754352
5362190
3923251
4911557
3574750
5722786
1698754
3782024
4837131
1390826
2760622
1240107
5254948
4873439
4594237
4803202
5736999
4185300
1030546
5003444
5573354
4471708
4354701
2406954
5290363
2723319
1618059
2247292
2261633
2174264
1331433
2490062
4894629
2652546
1510627
3042204
5215837
5411378
5885485
2335884
4398317
3900940
2730938
5410167
2436026
5587205
2850616
2068189
1174945
1741470
3285870
4043655
2734308
1821549
2960598
2721356
5215189
3681041
4372639
3265930
5519188
3303589
3057973
6014133
5346503
5283057
4765124
4566089
3081375
2079434
1517264
5039226
3543679
1625951
3210593
5841462
4920271
2441010
3126827
4649353
1930445
3612016
3167519
1161085
3190440
2073098
5429153
5298858
2383024
2831017
3225868
3627247
3819749
2947541
4388555
4205929
1942205
5643816
5611180
4036291
2918885
3193459
1756288
5204925
2932366
2259174
2780134
3179592
3057242
1958740
5961223
4734531
5377743
2080631
5809810
2222282
4632368
1472603
4773043
4185969
3783363
2748829
2732874
3368123
2992690
4816994
3863519
1623684
4062743
4087400
1498209
2066653
5876848
4485607
5184645
5044674
3280667
4009479
5242128
5066986
1644374
3773517
5161642
2944319
2344893
1346951
5358696
1741968
2807092
2201898
1494276
5993915
2830789
5659103
2770895
4684825
2970499
3543952
4911728
2453198
1755662
2579408
5666810
5559462
2123838
2262772
1811715
5242958
3912417
4622320
1102211
4346368
1203085
2549348
5608652
3516384
3266255
4748279
2883254
4079002
1996809
1396896
5604211
3614018
3570255
2326187
2374117
5649664
5725490
4276030
2453272
4143833
2559718
1895240
2378739
5537788
3051365
1819303
1332307
2533063
4402981
1261183
5057458
2140167
5767806
2964936
1431714
2234910
1830887
1832160
1310239
3065342
4210978
3264350
4456620
1982941
3243053
5467837
3395820
2919260
4895403
5340114
5884742
1666435
5110860
5792008
3984316
3560961
5314960
3797589
5765966
2788200
1494080
4894662
3841202
1908180
1349015
2117216
2718704
2715730
2667799
5219074
1407347
5738714
3700654
3408989
5920139
1850284
1174882
2003745
4149786
2439892
2080593
1489474
4634032
1835334
1349292
3067080
5411231
2408955
4363110
2783664
4186380
2216496
2332865
5226395
4456911
1698024
1531977
1596152
4177754
1877365
4879234
1774734
1502058
3608387
4624568
3439882
5338453
2560367
2901728
3682566
5549763
5366265
5392304
4833520
4715812
3034950
1345485
1058029
3687059
3427296
3898729
2886257
4681033
2705569
2220278
5700282
1943450
2437326
3640953
4415458
4079917
4158516
4734451
4966092
2479784
4860372
4711675
2593965
3754528
1939952
3961748
3176387
3445460
1891724
4584785
5396645
4689497
4102774
4491563
3368717
3841967
3189752
2993967
4995887
1647414
1522381
4871333
2929614
3079784
5099809
4766552
1535768
4478979
3754671
4148350
4316937
2703530
5159921
4147487
5884373
2282119
4080082
3349474
3937788
3009790
4103383
4500849
2643104
3822567
1877835
1905730
2982414
3178952
1900224
2957263
2007289
1968369
5860571
3036459
4946367
4241535
2064821
4761090
5178274
4115498
1094182
3611420
3101870
2365007
3890595
1995081
5418112
2656599
1856232
5042722
2349785
3483631
5419702
5617029
2214129
2153128
3291017
4983796
1430070
4874837
3179669
3536963
4283636
5420131
2373713
2595190
1146147
3560424
2029146
3239506
5207423
1642467
3323188
5935798
2502323
2053406
2793020
4038447
3423629
3305139
1997332
1578065
1866260
2135602
3077059
5889326
3547712
3195446
1784883
4983040
4000719
1741299
5488073
3486595
5393605
1761398
1802799
1548453
2472235
2794485
4274976
3903379
2100981
5432932
2685200
4156416
5118259
1187661
2089493
1206861
5882384
5235774
2558927
4997110
4421270
2437795
1664047
1529147
4868377
1497907
2385178
2126615
4941104
3529470
2644214
1163773
2388478
1798918
4056910
1599929
3396018
2526784
1287280
4518414
1869407
3335491
3005750
3442946
4820918
3499999
4338963
5752826
2971991
4644202
4750506
4298174
1609473
4016657
4618614
3280121
1950660
1313426
3283793
5421968
5448675
3540117
1036876
2063601
4492388
2440024
1375051
5208884
3490309
1873312
5311256
1233652
3583477
4950835
4459601
1302238
2514105
1704641
1318861
4746737
4606438
2616146
1165869
4553029
1656103
4669379
5757685
5520146
1739884
5326147
4419600
2950875
1693612
5232164
5901444
1145845
3050742
2808274
4324237
4491862
4571449
2990575
3862977
3533693
3483684
3861739
3810972
2554076
4763453
1457362
3864368
1656894
2964818
2835901
3535583
5943005
2797163
5499891
2235082
2735201
4510156
2918332
5249876
3426036
5713650
3954567
4744021
1225892
3797169
4149378
4288679
3678681
3284298
2701139
2904823
2337140
3173081
5630947
1670472
4157033
5429340
4178857
2711222
4370636
3841417
5639297
4646629
2166607
1384497
5842399
4444376
2632891
2120652
4008864
4952006
1683152
6018891
5655656
4149705
3926276
2511879
2079857
2331874
5508765
1105168
1123168
4801446
2212617
5800951
3901106
2539635
2916463
2724430
3051709
1250862
5388550
4358927
1998470
3656563
1498719
4065250
4022340
4557587
2730864
5861416
3957697
1773762
2368321
4150079
1425427
4004849
2008653
5656379
4663776
4458251
3966098
5668386
4855468
1668497
3769656
3028090
5568501
3088774
1875432
3340743
4458095
1796611
5441750
4016372
2721840
4712006
2860266
5765055
4216767
2615279
2886975
4454033
2581198
2507444
3390533
2514965
3774056
1528605
4725562
1469112
5175717
2979176
4180147
5889960
3767505
4612145
4352638
5416200
5581561
4575375
2504459
4693110
4139343
1749368
3327979
1476557
1168396
3472950
1794828
5161211
2257593
4209796
4020522
2306316
5947958
5050328
3748665
1008945
2618155
4141637
1253047
2394445
2586483
5618971
3228424
2386831
3558127
3745356
5519601
5003458
1694912
5704860
5829864
2621119
4576578
1373290
5579426
3554642
2365340
3144767
3470572
5437962
5841533
4679827
4708698
4480282
5759249
5340675
2482940
4934379
5266300
3708172
1523754
3478333
3914721
2033911
5860619
2228301
2775617
3374266
4636834
4424800
3765525
5886735
2151446
3185657
4063420
2025674
2206078
4053710
4685996
1781181
3664125
1075813
1296436
3215235
2109798
1739730
3539170
4105114
5944628
1201862
1612247
4728019
2833186
2771552
5241889
2710087
1198410
1893396
4649568
2534193
4828356
4823046
2006990
4952338
4984430
5164696
5045090
5834547
1350419
3705651
1894938
2820710
5635059
2074619
2903433
3078790
1388922
4976939
1200599
4256351
1074807
3700941
1312382
4256610
2117085
4575435
1966215
4370203
6000497
1696869
2106603
4757553
1888303
3975939
5069668
1417508
4790268
3057966
3356632
1524967
4310739
3174829
1389465
1287182
2793668
3939659
3640756
3226277
3860764
1737417
5057593
1411790
3474141
1451139
3517113
2592659
5726784
2496724
2887625
4146001
4892695
2155595
4526548
4144451
4580848
1076291
3958509
5014861
3979657
4965309
2299405
5715683
2351023
1505845
5328162
4507066
2159241
1917596
4146687
4202579
4179799
2288805
5216175
3561004
1241788
4818396
4392066
4111882
5280086
1498318
2838160
5528350
3049061
3383505
5628679
4640912
5547663
1193658
5157724
4828831
3523366
5102295
4449488
2554912
5214991
1735177
1445452
4823880
1343879
4240487
1580781
2902866
4241859
1652955
3446747
5496578
3307456
3317021
3295240
1326257
4338525
1770500
3963844
3560864
3975977
3181102
3747001
2184334
4509145
1306809
4863535
5378516
1443108
4535623
1536101
4737563
2134764
3025423
3826705
1619860
5061972
2284750
3435078
2746751
5672012
1458480
2187585
3980425
1944896
1524877
1172786
3922150
4750789
2356826
1452077
5096310
3977993
1578452
5752642
5442415
1716205
4960465
2843882
2958023
5002588
2346321
1234934
3842384
5805870
5587895
1635235
4782470
5951111
2278670
4926269
5219038
3550355
5919827
2634927
2085137
4249727
1563651
5005256
3209344
3616708
3943863
3887644
3417347
1427126
3361265
5230673
4701179
1226285
4003418
2723578
4735648
3882469
4022395
3290394
5881839
1568013
6017853
4875522
1989088
3553614
4421383
2457852
1329420
3576454
1278538
2392849
3850935
4384567
4382444
1575190
3608284
4437346
4826556
5253582
2811740
2353623
4187412
2175051
4064212
4561792
2593091
1192199
4995089
5629742
3846807
3027240
5154524
5375173
5663367
2666101
3621866
4570973
3519714
4571385
4770294
5145925
4782533
5713871
4120683
2429205
4932674
5541382
2197330
5209269
1572156
3990605
2739948
4700964
5789166
1598981
3252531
4506327
4493975
2082819
3212644
2277083
5998399
2383863
1378257
2143685
2322779
1828578
5075346
4536233
3826279
2504985
2571420
3860085
4867051
3156164
5673471
3282589
2037727
3788232
5465530
4792120
4708620
3875924
1751713
4230464
1524310
2413287
2557823
4753617
5458566
2069595
2038541
4712043
5858101
4261759
5481774
3735514
4066770
4259649
4281114
1333242
1396015
2834345
2276178
2418372
5292947
2921679
4619667
3393573
1742885
5993601
4059790
5882203
3558619
5372316
3773525
5529980
5163824
2114755
4194955
5505974
1093593
5893062
3384851
2338273
1892507
4667915
2491616
2313271
2903459
2621548
5820850
3536005
2610824
1508384
4942850
2999372
1967893
4932880
1436056
5810964
2281842
4729374
1822096
4429833
2411644
5744570
1977445
3573512
2714574
3634968
2351770
4913678
5949338
5649659
4871165
3681493
5095409
3853913
2501085
4062098
2654630
5115975
2154359
3162293
2102791
4513020
4425809
3752374
3597377
1042424
3326356
5165027
2024097
2588400
4835233
4172818
4273772
5995413
1153729
5823454
5527051
5562193
4705296
1662128
4972276
1591256
4786302
3782398
2264518
3890642
4302825
1216754
2685834
4054764
1632703
3335545
4001331
4416969
5861024
5277346
1378509
4298804
4205412
3482447
4883217
4572815
4694984
4904587
2574438
2114634
3164164
3483064
2193173
5902091
1371198
5718093
5184663
2877263
5666979
4373386
2778691
6004883
1231799
5998757
5652339
3068677
5776476
5766689
5161745
2186593
2970270
3688858
4931538
2941404
1321778
3364106
1862308
1898077
3101265
2068313
1440875
1820950
4364437
4400320
2259491
3172773
4460902
4556439
2389728
3650880
1047748
5041021
3818104
4343764
4681064
5310690
4347294
1956641
1371329
5453792
2525954
2293800
2613494
2247983
5981819
3952574
2538561
3866755
4839791
4570915
3158019
1790050
3753775
4641351
3961108
1677616
4197557
4806912
2580769
5958748
2517804
1044555
3026171
1600964
5519529
3895575
3998278
2287962
2090363
5901336
5418087
1669320
1277415
3243176
3371835
2140554
4406812
3723913
5978741
1469906
1677815
1758989
5805094
5187152
5917208
5058776
2733050
4530856
3419357
5466687
5112292
1716823
1776184
4345248
3337551
5319234
1094736
2614650
5083869
3480206
2810445
3768410
4131906
4697901
3800122
5283833
4476588
4402169
3985032
5796616
2093393
3834257
4377441
5671781
4793519
2986177
2377304
4661000
5568298
1762109
3179929
4125640
2853180
5566241
3073727
5531843
4770381
3589603
5086250
2865306
3196175
1903470
1458542
1221038
2311346
2290968
2395288
4324296
1310326
3243417
5076750
3502600
1142471
1074386
2707318
2461477
1676699
3222705
2387061
3085430
5318657
5214109
2258451
2218852
1859095
4336322
6008693
5405318
3425940
2318370
1601824
4260079
1705380
5822728
3081620
4945544
1597674
4805337
3839950
1125534
2856486
4737605
5740490
4832295
2295956
2489777
3604109
1470779
5724623
5118014
3288536
2879908
4512405
3753905
5001249
3193252
5801899
3994984
1601102
2812520
2626541
3445546
5093799
1430705
1231450
4204825
4029948
3062279
5696125
2458220
1913105
2181149
3013129
3754189
2109493
4969540
2026323
2728846
4944945
3947418
2358959
5347185
4333701
3727621
5252481
2551589
3020664
5421462
4215054
3665665
5508657
3510014
4324191
5296440
4900308
4708478
2642419
1803220
4857461
2407226
5338166
4028992
1941320
4145477
2446057
1561576
5969073
3335507
3696817
3651775
4748913
1568464
4692351
1231889
5619599
2462145
3468145
1426609
4706823
2767699
4104343
2005798
5467997
5881926
3167478
5022040
3542809
1705664
4228597
5735639
4815194
4954326
1931853
3587494
4533876
4636585
5945083
3760185
5036578
5842454
2980023
4827746
3366905
2046545
5871264
5275632
2607157
3114075
5464318
4020334
2429445
4035087
5534420
5149646
1550031
4495625
5894644
4907632
5744274
4691805
4400930
4353716
2607131
2962868
5004127
5382755
5943204
3381019
4067842
5414756
1552971
1768458
3425869
3915544
1773113
4963518
3357467
5713704
2532922
1994977
4728573
5331544
3049418
5563950
1357578
3112141
4347956
3234885
3690987
5478218
3803606
5767649
4836073
5460020
3112019
4329468
2934690
4526128
5210225
1935801
2850191
2740269
1483614
1784157
4422449
1398319
2184497
3875534
4950810
3354412
5916986
5935438
2095038
4854074
2908572
5795018
3742310
2291238
3805713
1785275
1032998
4042730
4182053
3933662
2849088
4648206
2322066
1210692
5686952
5070610
3082690
1530710
2428492
2882730
5535025
5575186
5603208
5117863
4950017
2097372
3717573
5003360
1910382
1069893
1769099
2244087
5550876
1787631
3651636
3762497
5978448
2449984
3478072
2840779
1185352
5559760
4686512
3559877
2789199
1358603
4753801
4993300
4506811
2850714
3490372
2544114
5029813
2514353
2726252
2995408
5429269
2590486
4747986
2101300
2919638
4517913
1950246
4580725
2771008
1080705
1486811
3846188
1965590
3266858
3963595
1614358
1258842
4816305
2605155
5544107
2121699
3971344
4340077
2361111
5502183
4580789
3477823
3290405
1910026
3521813
1186597
4418292
5209137
3754936
2865441
1082943
5890220
2742424
2613087
4516159
5167291
1336749
3518918
2159679
2999122
4970534
1785108
3394936
3236536
4821846
1860576
1188981
4158939
2416913
2085052
3894064
5532379
1312860
2563241
5520086
3375901
4035133
5275562
3993154
4108357
3734414
2432570
5056845
4210823
2792918
4550111
1453395
5755687
3494776
1601058
4225277
3918113
3964974
3808267
3381636
3420057
2729583
2837927
3035421
2353309
2530074
4494386
5062663
1054014
5692932
5102096
3615695
3836823
1285830
1015637
1679344
5395195
5172661
4754859
1722826
4055262
3108635
4405960
3511671
4624557
2489103
2577042
2242915
2998349
1237592
3222682
5426928
1207900
1891496
4286694
1781369
5595217
3797934
1395065
5487453
5621710
1577537
4594714
2415251
5584780
3886593
1973563
3535673
4085200
1030266
4566505
5388498
4950267
4283081
2621070
4551545
1101873
4601626
3028566
1645633
3964294
2907636
3842340
2699152
4722471
5708159
5566517
5294577
1820370
1592766
5774438
2833248
5710500
1182247
5890685
1727434
4225581
1789301
1465873
3414016
5931783
4538469
4336666
1546013
1622315
5037063
2080071
3492927
1307740
5408577
4936462
3696028
3414762
2098010
5063202
1836128
1722186
2540264
3500720
3533396
2502210
5314841
5308193
5052063
5815952
5211482
3144323
3840704
2974745
2431021
2729391
1909703
4669648
2544699
3921264
5201343
3722783
5576838
2824006
3128136
5214155
1684845
1048358
3488655
5025981
2942552
3154645
5507105
2281609
2920190
3377710
5987337
4434244
5767369
3177112
3235639
5877960
2028738
1806048
5923897
4164699
5136842
2537255
2807794
5587298
5836568
2474592
1632601
4735732
3981866
4954870
1970555
1652344
5711513
1597337
6023846
3339957
1776941
4835580
2274132
1798514
3345323
4020688
5752236
2073907
2276830
1047923
5824964
3657195
1060276
1705671
1689631
2786429
1268280
5373014
4794701
3620181
5299576
5043665
1062552
3156171
4404816
2911067
2874237
1997686
3450582
3415892
3488713
5176429
3693231
2981303
2347580
5600237
1128128
5705365
3722437
3728123
3917929
1293809
2079629
2180405
3017133
5736901
2572084
4042407
5891193
4446792
5514383
3712815
3871147
3856137
1805940
1338545
2587246
4673070
3755363
3365159
5585179
3844080
4073605
1629766
4762176
4052126
3913130
3282684
1668424
2888262
2368663
1001982
1628636
3615169
4244520
3889636
4067235
4474752
3266224
4714702
5805051
5733477
5246686
1200160
1550409
3648840
5500797
1789924
4207155
2484852
2227940
5836719
4776754
3437199
1909364
4191852
4804562
3689581
3465410
5230839
2034905
5444582
3345905
3218173
2171046
3057529
2031458
1755935
4014095
4828868
2561639
2536474
2749069
2618513
3645163
4023481
3799138
2776368
3512213
3608279
1697969
3371571
3655922
2203458
2755142
2767333
4037002
2412205
2452698
4671507
5553032
4976209
2999919
3390628
5635623
1147958
2982856
1966833
4182018
5316181
5205666
1201221
1093187
5568452
4243765
2552112
2891366
1164382
3174326
2777503
1453767
4154738
4196474
2209233
1060565
2769076
2826113
1739653
2311771
1101657
1560501
3948380
1035619
4352617
3959365
1600019
4463609
1352736
1360509
4448946
2152957
3144744
2071424
3461087
4558811
1644618
3947724
1284369
5681520
1973193
2271783
1215182
2800119
2734228
5478059
5348096
1612580
4465643
4500499
5328861
3951693
2552087
4471604
3348244
2038177
5454755
5934068
1209475
5302692
3309987
6007894
1928159
4937884
3020563
2825590
3805331
4620432
1791768
1415768
2464851
1209695
2108822
1139912
1445802
2846531
4269507
1167348
3565957
1263199
3592938
1800578
3531201
4446426
5664549
5531958
2734252
4118484
2255061
1486654
3247113
1844570
4729212
3150795
2936638
4654021
4295285
4414378
5229589
4170514
1892367
5206593
3146038
4941508
1241135
4219714
5724561
4137527
1557480
5074974
3437390
4590091
1048723
2086058
4078398
4024809
2002757
1607388
3718720
2692819
2334169
4663164
2253342
3037403
4183571
2195954
2117346
4913032
4874853
4035921
1730380
4320719
5343308
2623637
3056589
4252036
2044311
3038115
4199131
2126608
5377808
2080064
5383555
4749244
4708885
5663422
4952077
1064938
5684307
1324768
2523923
4507671
5569488
3742926
5204864
3803436
3579699
2238295
2345464
2879440
3017209
2667196
1131887
1593566
2663228
2537707
5206657
1751007
2568379
1676217
4623319
5478788
1209538
3461988
4501148
3154564
2248846
4903642
3301833
4875688
2234884
1212357
4138387
2498876
2514120
3133505
4871364
2054620
5132441
3405696
4743918
3456148
5027724
4575552
3194356
3478024
2041611
5281532
5693923
1364129
5178703
4155681
4275014
3374621
2657547
1744334
1607000
5960554
3364994
1969429
3151925
4524221
4382640
2074182
1500027
2409466
5192735
5135745
5686976
1861273
1790629
1114845
4069878
4861910
1668614
5358111
3749024
2728736
3404444
1005230
1318933
5362560
3028170
1038091
5456728
4005978
2407166
4140229
1361739
3080338
4956257
3075783
3970300
5787933
3046409
4640594
1402206
4590272
5532905
1096353
2877464
2368931
4897034
1366803
3685038
2683657
4986058
4699338
2844940
1847535
4140981
2381102
1902608
5700040
4263476
2440570
5620404
4461364
4674754
1938953
2090175
3358502
3978678
2168973
4791721
4097740
3006271
5497697
4069074
5369596
2382871
3556207
1397315
1614292
4964369
3599693
1466575
5085618
2967198
1142725
3312272
4143144
2563952
2738494
2766827
5325834
5208895
5761472
2229867
4987142
3253784
5767932
1112149
4937526
5306715
4481821
2603931
1861898
3523592
1004243
3419488
1248072
2013793
5983744
3179308
1463626
3510773
3844836
3075108
3414812
2707091
4571209
3236694
5890868
3263556
2653908
2308774
4930932
5783373
2025198
3387610
3247175
1372945
1776075
4000087
2124015
2108441
2857633
1495173
5998896
1469858
4524206
5988830
5962291
4637679
2600880
2179017
1520683
1042167
4233078
3826346
5508348
3064668
4952155
4883863
3537177
2244408
5766385
2951744
4749846
5519680
2839971
4479018
2644576
3444277
4328294
1373252
5731778
2684365
2535900
5399113
2898948
5649563
2373624
5880167
3379655
1327661
2503220
4815681
4012344
3516713
1779145
5728900
1575627
1666795
4772986
5167052
5734469
4539133
4344320
5347964
4589744
1807657
1358290
3696492
5726422
5706735
2997569
5076086
5471675
5696344
3280371
1268512
5985917
3267190
1449553
4854437
1342701
3016310
5274598
2486799
3989692
1174241
2038951
5749500
4706160
1447687
5385283
5091562
5114510
3288747
1652367
2094099
1911645
4077039
3843374
4880933
3739158
3051453
2670070
1363375
2760471
4025822
1951013
4997401
3661927
4739461
3359841
5286610
2768749
3568260
4674225
4060791
5649671
5012091
3669970
1529734
4807864
5425085
3860786
5230062
5118567
1188047
4049588
2265939
5433681
1754383
2234148
3209620
5089834
2854781
1280893
5914242
4523825
2731387
3223343
1761787
3367535
1616442
2657213
2730411
5831961
2239854
1326322
4302357
4673666
2986484
3742747
5259789
2918716
1106505
3915148
2385815
4353841
1160016
6003895
1121171
5105727
3298233
5370942
5873718
4574685
4946612
5397374
2964174
4018361
2833297
5313137
2604808
3158549
4883915
6008209
1872650
1254533
1356551
4803181
4300307
1610429
4351928
1750297
3279283
5911960
5861188
2984281
4317125
5607030
2182100
5575473
5690745
1069874
2140023
3836109
5587580
2354586
1033356
5547306
1998878
2299058
1477888
5922589
4664101
4087181
2875715
1117002
2119428
4894445
5814733
1885410
5045838
2838039
3793148
4167334
5440474
3338555
5847787
4926947
4796025
1867053
2438350
3269618
3587875
5242107
2183211
1770324
2843616
3459617
5529926
1773925
3748938
4328144
1192606
3380977
4368800
3386403
1361103
5919270
4240686
2451108
3575342
4732845
4309066
3709203
5972417
1357961
3599353
4013752
1121091
4718285
4937039
1284240
5892869
3287331
4654481
3146127
4929981
2341830
6016447
1302165
3035672
1913752
3975272
4092364
4930747
4827150
1251294
2767632
5583955
3953985
5127750
5558202
4499894
1567665
1492905
1276176
4963553
5932997
4047943
1467115
5653630
2796661
4383116
3266408
2922370
5668644
4401801
2553326
1086108
1170826
3576519
5721141
3114635
1517124
5773626
2111079
1307757
1508799
4742012
2317444
4975908
3240708
1677561
1291531
5626152
5649051
4264669
4945419
2510500
1926457
3490963
2318297
4603395
1917890
2018705
5785837
4440603
4338086
3655670
3830874
4840944
5908274
5722649
3036970
2259313
1554412
3871091
4889078
2260452
2876870
3195909
2424299
4394503
4347113
5281124
2438061
4599828
1300640
3559747
4551094
1561301
2152470
1659492
5357289
1620094
2779110
4230349
2658375
3079265
1061652
1450586
3823118
4627784
4919748
2178041
1988549
3675368
5599476
3095717
3003845
3828668
5257105
3596532
1497765
3481266
5500258
3228737
2101558
1903042
4195729
2463453
3457854
4718012
4032760
5942855
4468849
3655233
5453616
3091556
2510372
3223676
2013756
4701228
5333057
1725157
3528493
3526273
1061093
2036350
4045101
2066935
1314724
1428234
5503222
3759603
3328960
2004704
5964412
1195963
5918184
5274869
3122380
5211105
5636604
2044907
3103152
5941497
1244780
3697455
1766085
2507542
5703987
4060440
1675343
3254648
3493381
4321947
5744778
1161346
3555971
2435697
2378919
2578214
2913819
4991037
3740120
1790513
4558738
5892339
2321470
2188111
2092291
2894821
2675075
3884227
3851082
4292002
1647331
1738701
4304738
4603196
1387177
3252482
4484075
3613845
4654264
4635173
2357041
5005613
2565060
5675955
4205918
3869639
4174864
1890738
2468273
3163497
3219176
4758727
2888103
5504723
3524039
2215514
4969992
5400183
2699456
1515447
5109852
4159367
1790338
5990594
3958572
4858856
3205690
3337660
4006292
4119460
2511481
2087647
5505729
5790471
4404338
4992421
3793039
5716315
2344998
1763246
2938439
2364790
4983227
5113776
1679156
2293856
2181533
1249974
1393564
5610983
3674133
3216970
2220551
4706434
1647959
1271320
2101629
2735437
5930245
2138948
2371908
4097082
1966328
2670216
1895572
4572750
3915868
4948859
5937787
5692442
2271462
2476537
5116311
2282975
4078305
4627193
3136633
4165523
5797667
2951825
3513085
1310375
4703754
5517486
3680704
1915572
2354923
1831242
3301578
3135730
4469252
1732433
2496108
5060575
2011728
3835241
1925115
2256819
3869307
2280466
5311667
2600260
4845717
1288008
1616926
3931378
5759989
2697581
5909113
5820560
2034508
2711246
5689713
5029689
1445884
3053943
5975419
1376974
3761330
5085840
3696758
5016149
4262780
1877547
3842421
3245813
1677169
3644942
5043503
5860056
5601823
3490413
3041516
5375404
5731386
1439411
2250718
1516314
5643342
5500979
3230598
5519518
5208183
2184424
4946698
5376347
3568661
5436936
2789158
4864091
1519101
4389676
4172870
3352767
2777812
4186841
2665552
2265337
2487227
5018966
2715419
5915584
5884836
3630358
5628047
5309224
5544190
1857696
4306333
4794465
5769428
3555893
5947536
5561810
3532590
5210139
2076236
2237492
3884535
4653646
1280838
1411867
1659842
2578094
5839148
3541409
3209250
1327133
2542887
2349409
4032846
1828785
3414974
3319522
1573353
5208298
4239118
5954638
3353604
1389379
3256388
5618254
5679736
1289844
5631717
3102634
4405972
3752021
2911263
2695697
2795570
2311651
4801545
5528748
2362261
4901437
2167172
4481806
2733513
3372435
3714831
3377518
4338467
1318508
3081829
3827781
2488234
1083948
3536945
5545743
4516516
3281642
5468061
5012844
3132850
3889443
4151583
1269310
1308854
2039554
4491633
1035846
2419315
1316801
3728756
1765704
3399420
2453625
5878258
2228142
1003287
2027665
1721684
3409973
3430567
1090174
3177595
1778017
5297005
3824049
4152090
5664636
4143643
3510264
5661309
1436429
3319993
4229108
2047013
3368678
1673407
5167340
3667255
1491666
2331701
4713090
2075121
1785149
4734159
4219444
1068407
5179606
5280309
1041252
3483311
4446012
2099049
5048166
5545851
2260857
5944258
4294107
5590534
2028824
5701474
2962730
4084676
1421870
5124603
3326148
5018192
1829333
5905447
5484163
3900392
3346539
3960131
2229906
5204871
4295204
5340398
2350664
5031988
4562875
2597982
2712630
5267724
2196189
4292144
5285959
4923181
2065623
1398650
5775976
2530783
3251556
3920538
2285513
3437688
5276248
4875328
4198765
2177515
5622513
3380255
1785724
3738150
5550274
2030627
4215600
1992398
2134524
4387842
3782114
2645208
5874046
4175786
1427068
1338576
4749533
1137312
5271665
5806208
4421475
3642301
2446230
3810367
4752027
4520923
3446493
2451968
3624081
4977975
4672923
4984656
2792855
2192913
1121595
1668729
1590968
2178630
3677545
1405070
3084398
5945754
2515291
2854255
4774366
2116813
4493004
1280566
4756229
2113657
5632328
5957795
2326360
5088510
2565735
5026247
3917970
4713933
2748972
3356200
1825039
5444439
5346319
2802248
3203342
2109839
5075694
1006417
2555116
2948879
2170386
2160901
1737223
4806076
1408670
1054006
3275218
6001999
3951867
3177159
5705869
1182599
1616509
5525624
5537743
1770866
4619881
4316394
3118451
3010258
3762208
4522895
3765191
5675804
5935391
3120351
3339676
2444428
2898853
4605522
3276356
1423425
3280529
2206427
4102700
4596403
1466991
5844859
4824741
3190347
5096572
3436998
3028697
2128005
5563776
2316570
1594552
2008946
5512913
5532959
4016706
4806222
4916591
2477336
4540917
2614319
3443683
4025470
4889661
3780401
4948833
1176659
1387036
4174273
5023072
4244226
4158003
3756583
4638164
4655716
3322144
1807963
5903563
1487193
5231623
2599920
6008054
2309110
1231331
4981428
1755575
2043194
5184275
4185342
5007673
4499324
2441112
3618380
3849909
2099469
5943866
5419375
2345539
4403550
5457096
2123368
5073283
2749579
4718355
1399675
3806433
3022195
5605357
1507627
1282208
5923635
3682744
1720694
4835445
5650816
2468961
5205747
1418181
4618215
2011844
3557358
4821512
3153963
5135236
2249322
1609003
2366252
2274847
1927372
2608227
3742572
5002996
5013740
1440813
4275526
5292594
1137440
2939526
5554325
2722518
1160113
5052874
1653427
3573628
4076810
5081655
6019892
1279219
1763019
3511138
4762850
5488545
1510615
1937546
4444180
3989741
1326456
5176470
5384601
4947044
1392489
3150936
1431739
2753459
4761683
4581089
1772735
3081896
4550452
4428791
2246263
1540684
1415142
1686817
3596910
4498026
1395428
3999361
4944360
4961179
4457433
4021145
5881958
4219103
2315350
3419920
1243576
3742176
1781489
5403786
2894509
1082584
5022307
4150718
3359326
3969905
1076090
5117036
1581137
3375018
3118091
4625893
5713665
5917587
4187809
3087859
5683171
3522556
3898677
1096781
3350569
1846799
1841313
2753058
4575698
4288827
4591732
2953755
1787934
4739932
4003462
3795984
3890304
5483188
4380553
5085954
1688700
4801552
5689246
1957652
5113832
3769054
5327806
5453499
4316904
2436013
2708241
1692164
2579600
5345731
5216785
2188006
4413440
2399441
1076959
1154899
4368573
1654381
5541985
1973094
1905629
3792141
2391826
3138497
5821792
1953312
5280873
2443276
3193382
4249247
1243896
1805869
4203659
3777850
4666178
1693380
4610430
1632819
4698439
4077476
4894637
5926729
2787434
3021522
3231024
3455285
5048869
1164366
4139709
3662954
2517138
1228969
2223863
5127237
4639716
2958144
4205985
2970191
1029608
5271167
4480741
5089114
2370194
4826640
1870368
3474912
2336138
2277994
1041793
3049810
4647441
5848794
2126029
5505390
4728636
5736926
2953663
1866965
4502289
3481643
3634619
1253851
3203544
4574730
4741022
3283263
3785905
3352203
3586369
2458544
2146060
1270470
4771310
1232673
1643742
1749825
2697375
4330619
1843085
2156527
5278527
3124376
2794676
2881320
5349166
2405981
2643660
5887401
1009918
3430604
5901721
2794681
3066519
3166809
1798366
4484026
2111554
2600297
2065679
2328160
2938530
3311360
2748243
1926675
3089154
1186176
1422887
2420301
5672336
5824357
1860375
4690576
2660423
4700672
4895094
3101478
4002877
3277173
5895054
4868547
5782765
2582873
2425667
3303792
3039673
1535073
3033692
2566304
5860485
3128662
3909486
2029894
3516986
5821262
4823035
5194752
3110016
3659710
3166550
5275915
4052956
4371349
3782982
2138301
1989325
2360574
3117981
5500711
1056472
3564044
4865331
4518624
2751617
1464335
3359049
5715196
3295018
4164416
2570340
2044882
5954164
1018606
2139516
5766069
3277151
3758270
1033782
2807766
2847107
5315101
1956317
3612328
5789835
3497491
4978007
2455268
5356296
2161525
3969368
2170876
2754727
1668273
2784034
5812472
4517456
5433462
3797401
5041155
5154163
3726933
2899112
1500671
2748997
4768230
5150998
1640009
3393196
5216411
4200786
3432916
3290929
3355275
4751267
5736932
5274547
5850449
4174569
2381263
2029873
1159892
1240128
1945376
5300838
4473785
2265875
3948301
3135039
2369627
2715558
1129441
3711625
1812915
1751492
2962831
1582284
2091967
2773216
4932625
2077442
1891321
5970867
5980878
3202331
2641537
4026644
4634550
1701625
3297416
5556785
5909805
3956175
5720914
5701509
5644351
1620686
3366034
3703133
1957810
4955729
3418782
5293136
1909192
2917339
4287943
2512613
1873121
2084813
5683875
5435317
4611203
3498201
3003949
4171470
2187632
1676553
3217117
3665785
5272506
3946407
2115060
4086112
3022412
5307470
4025089
4401693
3086090
2037802
5458767
5086507
3091743
1855635
3844937
3909904
4828782
2920944
1701427
2420659
4388004
4672645
5167713
1536606
2968990
3042241
2988523
4900577
4040404
1600443
1709803
4711828
5625023
1969017
4342280
1764757
3562323
4038539
2569109
4143031
4467557
2278092
4387874
1333680
2636246
3724305
4203094
4457646
3876974
5231311
3117750
4474661
5600135
1637671
2067957
2189998
5172595
3996248
2271652
1403914
5339257
5454056
4425687
5559676
5432511
4662983
3235307
1323594
3113751
1165130
4872544
4198679
5064274
5450239
5401156
4865947
2623969
1533506
3693958
5888638
3647667
4878882
1323384
1917973
3864063
4737829
1639901
4871386
5683022
3592448
2886284
4076628
4424905
5098336
3394519
4802607
3366222
5544391
1418145
2976228
3940912
5583277
1411813
2779086
1070220
3614839
1198469
5993261
2941321
1143401
5269568
3645524
3846930
2869818
2284517
3180530
1876374
4035304
4909508
1398886
5244458
4581496
1176138
1858680
3399281
1111243
4603799
4220951
4865287
5947705
5559108
5622271
3696477
4161702
3230760
5074057
5269337
2964410
5259953
2350924
5648427
5702488
3367132
3209948
2728258
3052716
2754653
5364538
2609359
3080580
4215943
4935327
4271947
1489682
1325307
4762877
5851278
5143488
2815728
5732708
4261145
2938508
3556032
2217558
2877592
5707765
5001665
6003816
5664395
1941845
2802022
4099666
1023084
5945570
4952050
1597858
5906902
1200374
5564718
1734724
5214481
4727085
3530717
2569773
2054576
4422719
4886910
2873957
1393244
2580242
3263616
2542607
1173388
3101545
2890340
4006795
2615303
5406508
5032110
1868573
1534092
5485122
4893131
2513938
4490434
5932552
2728182
4094844
1205781
5237476
4108406
1368200
1847961
2031714
1728807
2003880
4339420
1090545
2606174
5947391
4951261
4348067
3173636
3124409
5033918
4804791
1163445
1725498
5369200
1713359
1449083
3611646
1508443
3616092
1506337
2301082
1479111
2356069
3615706
2224764
2184472
4454012
1178621
5743216
5966359
2017340
5911380
1598830
2096852
4121789
5046075
1871459
3974359
2740799
1388749
3484350
3918057
4080784
2300148
5627502
1094607
3375181
1378999
1939945
4465762
1920251
3276407
2779500
3930898
4117014
2293611
1039698
2549005
1341975
2908442
5491531
6008362
2296295
3102437
4039743
5351902
2226727
4739029
5135813
5865770
2315127
1632570
2043453
3615792
2455958
5428662
1992242
2833880
1299314
5407989
5313636
5225595
2794663
1101426
2055215
4860525
4741329
3788388
3961533
4109300
5481373
5679074
2531036
3850840
5767967
3404517
1479599
1459577
1180226
4012008
1640114
1797352
5160468
1655560
3313659
4846038
3338303
1074930
2665066
3171416
5220325
1415410
4110555
4098803
1545515
5505770
4695518
3531628
2082927
3313239
3844486
1187054
1491555
1247696
1502996
1087641
3433524
2008823
3434440
1492636
1678362
1067601
5854542
6019682
3649269
5274173
5967372
4907746
5765852
3318927
4567006
4803438
1485246
5476747
3839482
2492370
5874255
3152811
2060421
3149113
5492237
5747409
1611518
2561938
3982781
4563576
1906997
2079526
5016846
3516672
6000737
1534604
3051151
3778137
3731538
5478383
3877222
3091928
1088072
4141077
1727039
2924838
4582972
3214105
1662216
5656090
5049597
2343446
5527659
4357708
2570912
3382608
1390914
4296526
3369218
5016377
3979827
2448733
3780873
5129768
1712208
3677399
4960170
4564254
1778690
2975856
4323979
2218072
5879572
3450443
2839905
5627899
5372137
4443752
3334544
2973307
2240098
5372933
4994725
5366885
2809510
5591249
3526409
2250753
1473750
3243190
3830758
2727375
1788656
4812287
5737801
5861457
2243510
1623743
4882230
1364549
3217435
1613129
3139930
1193320
4089286
3515943
5411839
5161091
5620314
5468485
2904816
2656922
3572720
2913312
5427504
1919379
3921884
3712372
4814102
3107328
2685951
2205828
3432869
5769969
1044400
2453875
5578245
2603194
4637146
4194818
2883081
3590141
1519688
1950450
1074667
1854920
1834924
3281579
3467838
1779913
5200635
5522699
2804959
2049402
5013487
4356995
5009155
3259503
3779233
2967171
3327533
5938987
2904501
3611738
5639224
4450427
3322900
1799919
1651108
2851766
4791383
2114377
4976899
5432145
2146055
3460479
2654037
5457369
4228901
2524122
3482131
4713573
4606128
1356527
3663861
3845547
1480640
4764241
3151900
3396303
2408066
2078235
3886517
4638304
5963109
3018372
5894011
3991692
4718059
1947224
1446030
3531244
5191840
1212414
2353499
5605594
3907415
3842964
5783013
5826995
5393664
3001263
1728333
1213637
3226740
5179864
3880996
3478769
2117999
3363295
2599045
1920753
3786140
5243586
3727031
4570060
5678673
2689043
3004572
1903453
2358758
1753547
3290207
4063179
4708117
1100190
4825335
5983889
2919988
1004698
1764221
1763104
2749600
3924988
2105090
1365245
5703604
2428549
4962227
2030018
1064762
4121099
1379607
2233080
4137185
1768064
5704550
5304346
3436129
3865373
2258248
3623214
2329964
1710222
2986722
3368131
5428155
1803751
5715450
6007355
4412411
1641171
1352711
3808869
5755941
5222151
1467968
2476225
2953564
3509522
5501915
5323976
5654055
5223627
1880973
5902965
3094340
1660120
3057457
3817279
2029397
4635404
4167993
3130224
5484759
2919875
5028161
3651744
3710011
5937011
4822633
1286463
1852211
3673158
2068156
3588668
3961619
1677309
1166114
1444191
4366022
3791926
3576301
1909261
1527299
5664780
1812468
1651783
3565453
2724858
4063394
3829929
4403102
3572284
2537906
1070766
5158612
1585782
2460329
1978347
2778635
2646456
1302484
2260298
3679489
2713056
5912418
5452904
2899579
1633282
2630476
3827540
4027480
5299265
5522431
2127236
4101411
3744237
5766921
5679017
2851903
2600091
1450130
2048031
5051798
5566739
5857996
3013235
5367058
1631749
1280530
2408189
4525057
5135707
1457642
3889609
2074931
1630976
2532840
5541809
5214935
2259647
3738828
5204411
2895154
2213156
1391549
2988977
3068095
3688091
5032919
5415645
4882273
1741025
3693354
1829845
3929461
1446117
3942319
4474035
5844334
4124176
4744338
2883379
5348536
2085905
2518520
3912720
4814245
1949543
1608125
5480933
2996636
5076360
2438299
1852353
2931472
4324602
1762884
4972099
5872915
5071025
2413874
1682182
5642045
4185670
2872400
4952727
5971414
2642567
1403337
5781707
4530034
3979593
1948467
4166185
4464161
5220050
5670807
1124356
4491757
3617042
1797319
4167833
5482436
1371568
5606140
1215201
3573854
2730898
4858395
5358088
2681230
2975549
3094817
3913392
2340651
5977252
4489818
5510638
5021486
2831343
4794920
2151545
1552624
4276686
3389217
5267957
2109932
2577803
4432996
1151039
5035051
1304494
3522383
4359363
2554874
1866211
3177763
3118832
5800791
4163839
4082013
3016387
1087428
1714004
3590443
3924186
5064165
2962160
1657293
4359023
5548605
5383877
6023321
4898369
3631497
5467795
5626892
4988984
2734953
2112717
3683599
1744677
3612266
5005876
1110356
5546065
5414032
3679268
5752531
5451199
1168516
5047829
2389260
4115245
5568286
5082442
3727455
5308015
4890359
4282637
1943421
5073625
1828643
5746316
1818213
5589031
2984080
1881745
1351375
4521819
2244054
3557948
2055578
2162557
5532893
4990729
2888882
2194808
1043495
5684095
3715924
4036758
2693762
5184093
4844800
5049630
3624052
2015082
5747113
5855696
4344423
2054410
3585510
2049845
3997231
4739295
4271825
3690109
4600213
3148055
1675676
5432284
3301101
3778530
1829364
3348392
3553113
2055812
3883568
1769687
4643416
2853753
1329738
5363619
5958995
2744980
2171171
5200941
2680581
3988658
2945387
2277333
2190516
4235335
2461302
4485017
2841040
1609255
4899586
3533385
2778228
2525513
1512977
3282873
5391135
4983820
4487657
1819901
4616924
2075908
4092072
2512529
4787591
1002434
5379422
1013887
4172997
5537475
2696929
1632484
5219182
3360077
4479041
4431643
1676791
5697327
4660351
1036468
3501602
2482000
4008621
3072611
5809711
1975860
4430156
4649304
1013520
2671426
2321822
2187165
3112874
4998427
2659988
4959234
5410639
2722570
5418595
4861445
4707350
4361762
1856797
5902584
4234974
1489489
4843870
5801939
1389222
5555250
5124855
3792959
2581147
2555252
2775010
4019492
4994405
4166331
1832361
4470631
1170880
1475457
5005121
1457147
2259972
5948118
1459102
2472384
2855465
1159597
3135629
4487739
4913860
1769904
2973692
4515541
1522989
4439751
4661690
2838501
5952613
2563401
2547900
4610396
4304872
5453990
5993613
2887584
1453384
3473491
4648612
3730926
5017356
4276936
5711969
5624647
5237233
4032314
2184989
1156315
5668083
3523075
5895133
2292481
1511743
5863278
2910045
2534367
4035236
2353616
4994970
3731187
2614208
5534691
1723277
4601495
4462884
2337550
2458910
1226229
1774595
5008368
3416262
3921155
4218836
3105728
5508849
5028955
2928423
4661957
4821314
5020648
5839727
4065487
1767832
3908714
1881010
5425892
5523886
4364025
5718025
1803014
5281361
5665872
5197997
5753612
4103033
4871484
5284523
1331543
2882481
1760586
3710495
1251578
3568790
4366745
4325463
6005453
5820391
4551829
1481039
4434299
2166151
1152626
4500907
3336483
5727382
4754688
4776562
1048399
5452809
1843682
1222117
3073111
3972089
2570527
2878993
2289982
5852053
1769742
5759068
5187134
1838309
2868557
5290282
3145904
4804828
4161066
4118192
1633900
4432308
2697605
3872270
4689847
2974255
2298542
4675318
2270855
4962424
4026060
2447611
1832910
3872765
2452100
1619123
1738203
2948670
4880775
3921271
3865635
4894160
4286489
5389103
2992810
5048280
5467581
1832868
4765452
2877001
5282150
5560700
2617570
5537777
4490575
2711323
5453851
5683035
2406286
1927033
2129543
3567467
3497686
1896270
4868968
3343833
4794269
2090677
4137406
4691113
2345195
1675377
2782112
1775775
2914771
1320748
4526096
1948218
5513984
3163925
5310619
4303823
4909063
5296966
3029317
4527880
2592552
5815309
4516304
2865979
1231246
5363797
1093919
4314781
2103864
1723528
1417775
1650026
2987706
1682453
4848828
4092541
2723002
3650353
5612394
4310033
5693748
3704718
4070391
1354150
4819265
5324755
4508275
2672466
3420925
4043379
5931149
3676116
3542058
3132062
5682288
3517925
3850730
3342359
4716798
1519639
4112473
3683782
4947565
2883331
3784600
5794753
4030501
5710218
1765448
1007159
5612985
2181404
3391680
3473454
1303215
3889573
2141712
4246988
5447580
1367172
5770655
4831817
1835023
4408821
1834647
2205484
3697535
3229680
5649804
3139915
4786222
5869588
1225489
5305866
2656463
5200824
4583069
2848530
5420603
1542055
3955478
4040042
2402718
2863685
1591060
3762688
4599710
1295239
3836172
1224084
4868607
4316373
4905163
2178223
2942030
1129878
5337716
5725935
1855486
5479405
5819069
3113935
3906335
2607330
3263444
5767489
1935091
5999473
2439913
5319691
3260454
5884032
1044764
1426998
2300696
1458499
3294294
5576439
3885240
5761917
2532895
4786594
2245624
5634391
1111375
3757186
5696885
3968136
2191421
5498877
5955856
4051678
3587304
5494794
2622861
3521540
1781975
4485711
3523635
2356415
2153764
4396285
2779413
3547814
5669503
2327994
2342568
1359103
3283123
5629252
3138741
4905608
5449591
2678165
3595739
3896896
5968337
4632767
1399289
2162466
4510829
5634295
4335411
2782943
5671255
5810726
2125319
3201615
4854089
1987037
2671714
3701559
3752463
1213183
2583774
1490144
5060050
5582516
2786350
3286785
1471057
5164910
1728242
3836021
3930424
4503938
1629618
3038571
5127830
2963439
1295997
3276050
4482323
5888943
4074384
1121473
4254844
4287415
5173795
5792702
5241450
3901791
5322789
2665206
2487692
4990390
2792207
3941013
5294330
2685787
1189420
3864636
1797503
4541597
3887529
4538664
2647159
3538567
2499665
1744472
3204725
1497426
2393669
4292665
2779311
4273869
3306248
3483204
2503599
3767194
5816077
3555034
3723651
5067989
3271405
1838851
1334489
4323645
1243375
1823404
3669577
3701995
4453803
2129263
5554445
3615684
2297046
1571115
3165203
2119124
5224333
2806709
4998304
3773475
5785896
4751628
4651473
1535519
3408956
2727779
4860792
2430122
4032258
4674440
1453340
2519119
4782736
4088045
4278796
4443943
4402285
1785485
4137889
2227645
1286501
3748208
5490504
2208697
5050113
4761701
1082318
4515479
1796594
4677424
3501792
2355371
2715077
3100111
2455176
5959369
5653295
3770997
3168437
2590918
2701703
3296383
5493234
2536041
1230617
4701075
2086459
1646796
4550544
2492523
1837832
5562250
1733229
4796607
4460923
2883842
3118318
4829185
2481983
3127106
4745671
5739872
1616438
3666839
1939830
1008033
4755442
2187238
3879760
5130434
3129874
2815408
3213079
2458575
3856090
4729124
1906189
4988130
4665279
3282907
6013175
4960672
5575272
3046126
3244121
1586454
4859050
3536086
1294857
1523256
1772386
3687589
1619013
1349936
5355913
1263319
5878902
5024369
4586285
4657269
1608731
3209326
3372161
1647549
1575932
3346001
1564644
3000302
2111040
5339944
1449994
4504209
2576618
2619477
4091490
5465800
3237283
2694105
4446146
4506678
1022024
2117378
4981946
5605683
4122084
4340794
1317511
2642050
2656653
1889377
5683236
4410636
2606731
3721909
2036607
5171480
2261795
5471242
3131081
1219435
4429472
1824047
1644039
5297413
1691866
3083231
3523811
3274037
5173156
2950880
2058788
3842414
2532558
4064205
5993468
5355877
4066753
1829927
3831195
4071589
5603535
5424993
4138892
1560708
2174298
1120504
5596003
1500829
5893493
5946329
1957000
4084645
3760697
4738711
1556949
1176768
1395903
5923855
4343926
4634941
3644023
2907697
3108315
3239447
4692811
2105323
4976707
2727403
5949006
3326558
2075890
2600921
4064286
1552340
1316337
1668249
2548394
2763875
5761016
5254326
1788950
5627449
4512026
4405519
5521662
3865742
1206624
3668458
2644142
2613875
4873701
4262465
3577550
5089274
3273915
4858838
4460995
1428252
3734893
5775033
2782482
2575187
3224020
4869913
5119874
1901421
3943150
5003311
1816459
4768208
2085874
5575617
4688791
4211534
1433277
1765363
4134338
3204970
4698971
2135413
5726250
3877933
1680599
2659120
2920865
2074547
2484139
3808645
5579086
3869132
4063996
4217938
5752832
5406998
1440516
1873347
3321327
5615416
1121801
4682105
3537416
2889207
4361729
5350669
4907011
5598384
3723821
5912404
1927012
1947482
5559350
1452264
2615733
5305684
1914938
3536657
5789634
5740910
2107633
3232662
2730522
5077009
5189481
4675502
3636337
2155087
3404589
1927005
5259245
2652345
1442119
5694990
3203434
5061960
5409135
4727877
4150068
4900498
1742487
4655545
2367189
1615614
4149417
1239703
3267747
4506102
4843605
4457252
2195910
1273368
4681426
1204274
5161010
3969439
4701067
4519014
1625293
1853265
4020249
3048958
4389681
4117513
1972516
4092048
5778380
1970303
3520845
4423784
1394383
2303615
4232008
3303270
5857140
3366959
5538133
2903860
4470218
1296448
4585268
3160542
3722127
3423708
3325311
1847753
3795130
2331566
2179923
3937086
1834633
5438643
4721126
4139512
4206042
5764429
5289461
2955300
5697603
4114492
1923361
5914293
4276795
3262219
5728180
5017618
5235219
3435595
1985699
4006344
1655128
1754169
2214185
4571781
2832853
3062295
4266541
2713645
4832980
3773071
5758601
3403441
5535130
2142609
2963090
5109915
6011816
4219990
5339666
5618856
3057570
1004344
2340284
4196865
1814010
2648311
1592727
5404150
5315215
3038902
2557361
4900962
2595417
4853401
5110717
5659169
2565722
1070264
2092090
1578685
4717595
3777608
5250429
3308933
3213436
3273537
2057408
3620850
1166791
1613210
1301727
1319006
4460388
4561631
1404961
3313117
2308308
2156964
4977583
5205369
3600908
4642770
3435415
3056110
3345222
4351556
4854453
3357499
4935498
1063734
3933212
4458510
1779070
2848278
2435492
1151794
4761817
1517043
4963570
3126241
1804929
4167472
1823314
4676368
3432984
1692557
1564951
4797014
1842748
5889117
5251966
1792984
5927856
4891272
1940280
2932184
1038781
2545054
4915647
4961592
3352210
2112588
3078449
5096223
2193822
5303416
2688170
5267314
3310999
5691384
2328021
1872993
3623403
1691873
5896118
4050034
4960034
4666309
4114701
5674935
4964107
4394993
2603213
3926897
3841489
4250401
5770842
2585612
3911732
1140723
4052230
4405161
4323822
1926658
3135987
1527115
1934930
5692295
4538862
3175796
1914436
4243750
2636052
4486484
2800310
5328384
3279943
2528352
2598749
5183739
5116012
3172501
4144858
2688933
5719391
5805620
1581611
3543830
1908472
5018710
4360375
1500073
3684102
2072654
1248890
2075371
1890742
5885957
1940736
5830590
2553410
3641878
3665522
1124727
5137266
1637620
2379918
4590171
5046577
2838286
4800428
3339280
1333982
5361137
5841093
5132634
4082116
3047090
2807088
4266834
5362257
3479614
4077065
5075814
2750011
3202076
4803303
1574345
1700139
5984972
2565072
3743681
4475920
2181201
5550009
1093894
3728654
4198229
5878878
3510987
2404694
5263121
3857688
5239328
5082391
3209936
2770749
1306678
2797524
5590375
4098586
2455560
1764837
1914448
4401914
5393534
3089432
4838917
2509633
2365439
1542256
2096083
3575629
2437367
1541782
3081612
1421909
4948328
1812675
3221660
5423449
5532874
1270226
4591893
2129738
2203907
1209103
5373599
5927551
4626789
4413114
1001305
2138702
3569030
6019673
5283900
2828901
2119599
4570261
2813892
1095060
3712309
4950681
2451306
5352545
5402127
5073943
3136841
3071733
1650809
1626790
2365196
5640770
4571248
2124983
3950274
3256748
4927737
4891880
3342431
3976137
5384562
4349827
4917838
5584672
1819771
5400727
1560629
5830983
5811700
1300033
6020329
5567423
5057270
1772217
2562099
4991597
4348290
1297713
5702045
5030529
1576444
5293124
2444481
3916837
5249982
3856340
2367936
2405146
3169673
4386376
3140378
4895519
2109865
1369460
5868020
2099870
1704356
2576969
4733167
2634769
1261476
5146037
3985514
3633894
4551731
3514386
3231165
2058086
2636081
1180232
3852038
4853616
3787528
5033897
5618799
5899830
2664148
1474512
5030927
3316089
3183143
5304651
2738069
4877120
1229443
4384259
5867801
1633266
3165732
2030967
4019104
3139305
4836487
3220728
1929239
2234317
5441064
3131203
4528616
5761535
1596682
2223722
3500759
5519238
6023878
2576356
1150154
1499997
6023559
5097977
2995362
2522053
2675394
5706890
1685353
4245139
2069105
5880282
4578694
1019188
5289649
5056570
3257879
1236671
1270496
3910003
5665026
5860645
4966419
2133097
3139908
3935496
4650632
5114522
4427840
5848220
5524579
2648830
5639209
1723138
2015073
2469537
5695155
1438312
5126703
2909652
5984563
2775449
3600807
5628444
5723244
3469441
2173058
5445985
2702580
5098191
5939594
2459246
1761121
2023759
5192778
3444375
5250891
1819798
4981749
1547073
2827998
1537203
4738182
2992275
3383258
3528511
2175804
5032981
1611083
1336879
5916302
4263434
4739850
4975951
2188428
2522438
3950121
4577034
3655662
5762001
4803682
3749949
2099671
2133828
1395050
4621532
1345748
5213738
4297496
2497978
3813739
4425717
2912016
2639146
3776283
2083175
4706879
1081714
1437946
1385438
1026514
2394685
2500942
5788202
4970478
3000767
2677298
5642713
5933844
4053431
1847805
3202889
3454747
2931796
1170427
4879539
3057834
1559740
4898705
5664450
1375757
2872901
5789350
4603594
3793183
5422576
5881548
3247898
1262807
2499718
1641906
3348559
4316678
4372820
4939266
5651620
4129965
4561695
5994041
5636879
2066816
4188753
3003217
1381810
3498321
5427468
5459532
3925549
3541319
3002864
4331966
1630229
4099764
4398389
4401625
4075459
2015818
4528907
4971643
2377396
3331159
5259498
3880349
4962554
3472209
4564527
1487576
1526604
4220011
3074308
1292525
1093467
4091857
3974468
2954218
2420936
3421843
2059756
5480780
3028732
5797386
3383634
3472466
5013896
3130540
3358283
2664050
5196700
4101587
2242083
1406623
1249101
1480309
2310101
3486120
3535999
1408092
2783620
4442206
3489247
1594841
1042282
1288936
1666375
4557956
3178098
3711790
2474405
5353899
1078872
1458640
2072067
3000594
5288810
3287648
1482484
4911674
5982109
5538035
3093581
1897097
5319001
2203229
2905686
4152222
3587022
1356076
3951689
5966613
3578785
2462303
5470232
1323291
3696874
5774814
2267251
2401941
4881962
1859587
3887658
2887674
5503838
1379437
4252192
2285969
4903427
3492949
2653553
1120431
2167599
4474209
5743378
4395597
1415301
4090458
5982021
3081117
3506275
2387772
5327037
3504331
1301662
1048326
2168048
4080818
4863871
3001985
4597412
2523130
3399263
2437936
4391547
5762382
4238532
2303489
3907790
4567172
1346495
2335325
3293003
5209998
2105566
5171616
2786437
2458662
2705215
5194427
2274352
1205988
4526029
3143435
5394986
1246343
1803987
2617828
5847632
5258907
5486148
4360189
2235590
4292554
5081861
2542783
1024449
4576864
2713267
3435159
1666265
3329297
2190396
4312484
4155321
3895393
1111671
1901081
1719353
1291638
4672453
2607102
5166079
3731830
2663761
5321688
2395576
5397407
1349066
1745771
5087565
2689445
5198505
1959502
5280574
3715214
2602284
2386653
3472781
5032262
2541073
3657001
3527395
4875411
3777400
1861753
1109144
1497750
2650316
5553872
2513273
2420221
1807976
5088424
1055277
1439805
1929066
4271549
2243334
4818813
4763736
3981788
4562734
5784653
1007329
1303974
2893440
2383518
4487849
5550982
3927997
3472568
3592864
5100449
4760147
5649837
4440678
4838363
2595346
1590149
3892705
5305480
2744651
5518587
3513509
1968176
4988299
3992725
4495557
1994297
2664884
5258218
1208351
2207322
3677612
5554220
5019820
4667994
3695362
1528983
2301731
4739018
5511701
3947869
1189447
1317630
2372014
4537709
5227796
1172967
1598086
1201686
2979901
5762793
3918101
4464491
2248571
3774931
5131375
5339456
4886954
4598871
3076966
2296438
4684732
4619177
4271655
2800888
2236820
1568459
1926769
2840073
4531102
3956251
2088377
5590435
2616919
2111319
2689065
3991833
4476405
2331414
5232091
4471513
1749838
5435183
2007915
2797085
1290596
4944237
4690936
5957082
5818647
5598129
3676234
2812645
5665725
5991464
5663731
5747938
1243581
1936052
5320896
1998108
4002627
3447801
5626037
3881634
4557614
2282322
1172759
2990463
4364598
2782674
3862120
1563944
4994904
1776001
5844460
1078001
3354588
4671239
4611323
2093567
1767875
2095213
4702167
5069296
2148362
2705016
3229585
3594888
4419186
1815406
3560859
1012152
5616826
4372319
4262527
1780993
5657016
2507059
2327242
5156463
1427753
3016944
5093379
1162137
5386573
1086429
3425429
2654877
2569766
3573173
5534824
2707451
2943977
2095182
1349189
5894457
4488283
1567002
4201047
5433559
1146880
5780834
1666671
5756226
5188287
3873263
5039244
1051198
1605355
4703710
1389817
2305523
1768981
1933387
2424571
4626290
3803334
3727762
1575666
1938742
5001729
5802237
3108131
5709015
5421108
5118136
1436232
2365775
4760832
2313604
3889594
1844735
3144799
4362860
1345586
5754118
1332665
3680199
5808615
4662552
2218055
5361842
1515610
3679682
4402808
4387235
2211146
5146128
1427345
1737096
1555485
4907024
3040807
5657282
3007365
3361454
4906154
1618500
4203885
5892586
1445428
1632305
3633401
2815674
4852904
2807618
2047366
3297769
5289041
5143141
1454972
4874862
2816800
1743617
2074350
4616731
4054877
1109961
3640577
4425080
2839744
3916545
5190963
2776611
2214395
3789694
4083866
2356046
5257988
2465868
1971348
2673161
3159298
5125559
3752490
2043061
3690155
1102502
1955517
2318473
3128043
1187255
2306141
2876301
5170474
1280104
5044693
1348858
1049579
2102722
5561377
1614221
5297122
2201448
5019587
5643092
2784090
4947315
2317963
1098395
3815188
2068576
2555700
3986485
1906612
4283063
5236887
1896593
2977292
2523797
2633489
4780148
5389827
1740234
1108121
4009200
4708528
2585997
4840231
1730612
3794824
5244169
2863922
5940972
5933283
1219948
3577725
3424809
2005231
3481554
5570481
5999867
2412197
1358687
4581392
1115370
5891671
1635063
4975746
4299362
1696166
2073616
3335757
5506806
2813442
5633188
4193856
3587763
1104007
4896704
1197520
5431034
1405163
4404580
3133748
2316177
4388456
3034689
5445366
2247528
2359670
4810942
1122005
4124085
4209820
5126927
3111615
4624584
3191950
5358271
2871551
5384431
1012335
4427773
4959405
2244801
3791223
3938595
3748376
3849332
4569251
5634975
1307469
1013979
1700431
2169497
2567053
2637345
3522033
3918688
2422789
1966938
5128689
4325513
4550481
1607902
2985485
5024442
4362970
5425461
2893966
2528411
1745346
4914599
1198221
4994140
5995372
3125489
4542254
4014230
2486959
3675838
5812820
5890434
2178096
5036591
5158647
3943890
1044202
3879783
5381142
4590826
4206339
3938171
1338960
2006218
2735182
2141279
2117720
5154798
5362268
3143250
1829457
4554242
5507430
5890476
4083309
2030223
2044229
3171402
5269408
4104388
4111444
5880113
5826441
2340181
4794414
5011777
3885231
1169221
1723885
4882158
1949962
1548017
1931841
4031784
4620154
3243442
1675923
3502516
5524046
2216418
2298631
3821256
4113581
2862611
2248512
5271820
5371240
4649260
1510771
3552143
4620907
5565438
5039598
5954408
1485379
5380077
2693737
5621225
3611058
1489764
5411733
5061633
2227418
3266091
5487803
4490050
2639360
3445497
4876369
4317779
5739521
2567303
5128353
3215683
1940968
4955692
1232310
3210739
5701223
2760080
1292241
2505810
3477233
2931812
2861053
1276536
1960495
3263397
5330792
3481729
3063797
1511336
4701412
4933972
3608944
3189186
1778130
2465356
4872389
1606006
5923811
3072185
1438320
5875287
1546691
1033160
3185830
2926628
4542648
3029831
1098775
5364467
5887640
5961438
4075420
3158170
4515024
1637156
4218506
2742871
2621608
2684496
1538279
3533906
2315957
3870949
4636881
5148086
2414686
3919468
1833842
2653710
3854371
4795635
5518376
4182202
5885470
5943355
5420123
1918879
5930281
2211033
4733363
3388692
3449904
2793538
5826772
3480288
4122961
3808127
5439106
5041160
4928433
5145227
4644223
4774351
3657809
5354770
5592725
2760276
1587207
4794527
5774231
4300497
1932628
4571022
1636080
4630898
5869717
3811753
1396885
2358439
3255394
1722914
1159489
2445265
5429203
1834375
1545395
1228490
4272524
5487350
5090365
3194407
1235342
4227515
5833253
1638017
2032430
5814378
4021004
1527343
3775585
5029674
3400248
4139115
2279477
1687126
3076703
3763613
5018305
2834587
5494452
1298630
4309214
5631013
1648391
4498603
4252746
4919628
1224785
5870739
4295684
5101780
2549525
5958940
5386933
1828704
2515780
5857941
4316985
5414635
2995826
3257884
5407363
5290886
4321384
5674604
4558588
2888928
1977393
5332927
4442659
2635482
1385705
2614820
5752638
5669770
4654039
5004314
2057415
2028195
3689100
5517756
2607738
3518588
1448820
5340256
2033702
4102498
1116672
5379446
5985833
4249050
1657242
4608657
2926711
5360858
1944698
2954792
2218537
2652002
4344778
5340553
5272717
2315736
3092224
1913899
2276383
3040036
3768301
4118570
3136605
1724998
1178057
3411418
2198989
2245316
3629227
2037014
2889774
4685290
2455096
2964100
5879555
1218584
5160710
1509532
3181669
1798032
1628713
3511829
4879761
2439821
4552453
1866236
4815755
4286223
3121244
3123120
6014728
4801193
5711317
3398324
1546824
1237351
5443469
5985249
1714369
3897219
2964647
2105758
4477469
1906193
5642861
5795037
1125972
1205540
1392759
3901048
5704654
3636209
3739737
1365447
2457562
5390240
5401239
4444741
4291219
5507451
4144790
1519273
3815305
4700986
5014530
3724658
3902183
4049970
3139143
1948851
3129185
5496175
4801100
1346601
1905389
2667076
2452487
5174414
1909778
1190170
2815844
5321381
2687649
3021606
1453660
4544603
5209527
2406160
1009219
5968638
2247545
2664124
2958345
2210096
2091202
1131127
4185751
5987304
1291858
1490864
1968085
5697308
4835653
3123112
2354760
4680391
2026203
1265655
5756000
1005079
2266573
2099189
4894575
1247922
4873379
1155357
2226389
3554337
1468015
1040254
2870595
2261519
3921325
3051213
5387199
3192668
1488887
2567163
1982498
2557969
3833982
5073921
1012070
4318226
5545229
1902037
1452580
4503864
4452231
2278794
2319924
1247749
1913867
5249416
3170822
2463533
2104147
5724169
3861981
1342028
4638728
4325558
4152683
4275618
3380642
5844376
3375843
5867745
5668769
1150873
1104683
1332390
5950894
3165701
5339798
3468843
5750369
1588002
2333232
2808881
2560243
1303812
1036667
4368104
3124621
5134930
4500990
3664156
1998025
5982782
5587317
1409964
2402578
4866742
1020882
2627684
1541197
2774570
3491599
2767951
4316742
4632800
3226125
4326082
3586548
1105996
5328912
1053521
3070031
5544511
4919267
3790650
4507332
2660852
5471994
3183951
3740133
4357831
5348176
1951498
2442849
5174799
5907298
5998948
1301751
1617656
3321646
2259375
3880904
3747654
1973015
4366236
1907761
2128640
5727872
3432388
5664063
1161176
5714638
5838203
4788157
1285556
1113572
5953328
2080928
2385500
3690618
1700312
1395816
5481937
3977871
4235493
1156937
1228481
4501021
1001106
3231402
3039119
2323198
1472234
4270899
4942712
4481096
4394448
4126727
4106867
4476349
1159176
4161612
1856437
3488129
4671633
1395599
2925678
4747893
3890734
3485703
5821721
2454503
1357639
2608677
6024237
2049966
4381427
1341295
5950324
5285905
5297815
3894928
1902425
4546675
4449582
4894300
4462271
1912478
4808327
4071739
1596712
2883222
1549524
5344685
5303106
5342020
4239196
5299620
3826597
4791499
5962515
1983561
5774806
2143452
1526172
4281261
1276335
4557002
4804994
2066271
5757452
3858228
1330713
2017302
2686595
4827553
1642830
4183404
3389048
2628171
1923197
5621658
4613089
1598241
4033295
5741410
1838849
1956212
4451379
4588823
3574830
3999481
1615961
1007466
5126440
1934845
3582580
1990919
5124405
4769217
1494102
3979413
2140812
2816611
1864571
3195955
2079946
4070536
3549685
3510823
5111571
2007791
3932817
1230283
2222095
5730127
4486537
2889996
2203873
3704307
4506044
2070469
4582853
1830061
1002172
5439819
6006274
2774359
3530075
3811522
1899527
3635537
3630100
4563491
5811809
2224888
4471445
3641520
5394697
1346680
5558369
4161960
5116146
3386239
5229517
4266217
2771731
3527986
1505150
1268547
3860391
3588187
1460076
5658330
3142171
2866596
2355165
3892682
5000507
3699657
2754434
5539702
5431153
5505956
3261251
1297316
4604633
4932022
4056751
4641700
2044103
1507560
5869962
2100336
5445577
2853688
4482406
4468695
1459738
5945143
5668106
1368495
4651992
1990830
1069986
1546366
5759455
2034278
5210746
1769577
3865252
2861967
4506366
4092722
2097851
1744639
4954818
2347271
5493179
1680879
1375686
2985151
4358320
5440712
3987715
4822972
2600568
2015795
3340750
3608536
3746716
5501060
5761554
4063157
3990716
4018300
3989614
3303336
5257965
5636389
2246588
3551544
4225073
2449869
5418054
4353960
4089136
3689768
4448685
4802173
5711286
3952270
2143604
5047221
1738726
1180151
2109474
1886273
5018735
2967473
2525641
3612436
4132631
4908050
3816875
1254232
3655407
1146003
5975481
4457228
1092918
1703315
2318430
2296682
5254292
2141786
3910255
5503758
3577565
3079250
1067658
4731991
5217660
3009728
2428861
1654113
2101580
3992577
1277921
4106396
3972772
3505032
5882594
3578031
2652079
5286058
2733476
3690148
1483692
1448917
3653226
3846537
5079291
4792297
4034876
4820514
3136265
4465230
3889235
1136657
3125070
2710091
3768117
3918031
3461880
3889893
2325877
4035105
2777606
5556956
2677393
5773188
3577793
5580134
1479183
5660536
2393738
5736747
2571276
5557732
3250029
1247910
2948136
4240250
5603424
5822482
5588217
4166278
4494613
5293155
2147963
1530518
2306129
4508258
5491977
4472423
3247614
1808531
4101455
1860301
3960447
1398917
5703212
3202450
4951274
1268093
5219377
2620785
1136348
2876469
4472787
3544194
4870275
3067953
2607937
3339056
1350233
3647402
3558149
5791822
1200419
4939796
3293719
1708712
4568966
1614563
2107239
1639798
2880232
4560901
4253753
4669129
3508601
3860608
5541725
5382607
3183121
3852607
3630896
1775395
5020421
5264134
4674024
4676912
3492484
1501455
2216711
1031070
5556175
3923057
5417657
5224024
1135354
4580904
4971282
4191060
2442500
4023361
4847670
5740264
5720557
1812667
4540497
1670460
1355584
5883136
5893425
1382795
3795505
4505799
5388725
3886169
1586698
3952990
1521789
2345263
1561193
3056135
5243306
2729649
2954413
3238866
2556586
2338144
2376999
1278714
4181492
4614086
3306763
2197811
2222409
2599971
2964924
4724314
1889149
3816707
4860919
2461450
4795514
1043541
4434533
2966712
5859431
2008794
2469256
3734492
5677019
5100091
2200528
5935456
3956898
1862228
1832481
1467586
2913787
4614851
4715737
3105105
3504758
4887760
1267250
5507813
2774966
3238952
5608339
2953645
4570106
1316579
1668989
4945637
3420381
2901396
4027963
4002666
1263503
4109183
3927491
5635458
3203567
2107380
5594418
3144316
2101043
4192629
4460462
5239126
6023772
1280210
5800644
2250328
3784858
2589709
4777262
4637241
5812833
3119507
5766010
4209898
2297318
4445980
2476722
2419349
2994632
1967624
1316674
1609531
2024930
4345875
1357455
2954071
2588901
4543476
5217611
2613408
1133370
4875132
4837603
3198798
4364533
5157258
1406976
1419244
1621925
2254080
1109251
4716999
4590078
3758866
1355858
1780688
1438225
3970160
3045740
1181143
1041486
2908649
3079948
2828958
1146813
4328677
4907495
1769635
1397330
3247249
5861468
1022819
5592184
5520593
3108276
4248959
5858578
1814211
2603350
5963300
2659858
4098056
1304584
3485601
3630206
5803464
4626184
5628191
2270700
3282098
2613832
5729626
2016068
5581059
4313591
3093478
4999853
2818131
5741491
3682118
2428278
1553816
2118129
3982260
1790317
4213181
2170217
4286747
5377623
3324597
3489895
2140833
1525020
5937200
4664522
4864164
2449017
5374577
4331416
1526205
3498485
4266787
3325963
5607534
4447371
5694538
3732595
5040178
4986044
4527781
5733076
2418919
5391475
2901211
1047968
4781723
2881890
3693733
4854995
5971222
5737120
1477682
4748651
2454023
5111854
2629545
3168453
1084874
1945307
1649418
1828230
5446470
1616555
1347602
3616124
4855518
4226820
4095701
4337329
3979355
2092648
1860066
4363458
3844610
5956168
1434439
3954604
4687092
4688036
1969923
1031850
4061427
5899538
4054493
1650394
5469597
5478311
2100695
1236221
1518320
3389150
4862150
1408088
3804449
1478893
1789862
2583985
3347326
4493764
4306982
4000880
5616022
4805105
1534575
2910379
4855440
2107686
1331929
4298214
5997025
1516878
3611929
3338295
3342915
4460392
5410578
3787784
4694748
5752069
4245703
5381030
1053195
5504446
2752253
2037991
1036347
2767097
2232135
1045765
5412713
5986839
1009646
3045702
1889350
1723066
3298361
5151140
1812484
2153651
5002691
1794402
1302504
2868939
2717550
2500503
4549829
4693047
5469417
5844057
2759586
1616615
1233213
5649265
3241358
4445666
5356262
3337357
3279584
5296060
1701370
2119653
3212083
2833120
3538910
1990169
1830564
5977872
3942455
3699059
4824864
2070605
5554840
3405264
4903867
5229963
1128814
2628656
1565164
5059686
2459331
2786797
5071846
1999279
3378773
1472349
2853591
3670623
5850255
4412917
3538802
1259987
2323482
3505013
1905092
1168304
2408659
5784361
5153863
4512985
3859426
1909423
3312832
3054677
3136189
3740656
1516854
3222070
2302533
3733142
1018472
1280137
5120643
1132757
1183414
1836107
5958846
4949242
2433113
3029043
4543567
1067828
4011056
4932255
3116386
4037938
1026577
4631572
5784782
4759527
4634464
5374412
4776930
3752111
1597595
5818837
1555173
4071098
5388382
5846684
2087380
3291437
3220540
5195450
5808216
3469887
4484315
5257502
2309517
4237293
4533710
2907780
5777547
5481678
4290421
2061860
4838483
1209808
5444672
2438182
4321090
3338999
2536759
3397752
1491322
2498537
1856984
5775059
1247088
4197112
4710571
1771155
4131992
5525732
3673208
2332932
1260882
2943642
2414288
2770782
4187080
4902487
4756542
5228897
1604346
4633481
1905325
3628626
2005268
4867049
5158924
1570140
3023743
2815198
5709117
5177247
2380624
2053893
1104254
4754741
1843268
3307387
4347639
2640232
2754935
3332059
1707573
3782699
3625394
1117084
4030526
2467855
5315847
4311136
1756997
1009080
5403944
2294647
4789849
2738557
2187787
1112564
4034807
2743484
1502635
2104707
4655265
3911515
4520803
1885911
2049746
2543438
3824221
3533531
3976655
5984545
5295505
5836003
5496215
2395214
2049529
4971864
2234782
4783967
4611170
1521099
4558678
5248785
4666187
4110018
1571736
4017009
2983879
4106069
3778920
3126204
5830138
5057556
2522387
4849497
2363215
4972883
1061663
3551407
4056452
5432821
2740825
5728294
6021439
1302106
5500619
4769440
1511467
5554197
2115242
5318866
6005267
4193034
3631455
5465874
3446489
5639728
5637182
2467308
5309105
1857637
5904582
4462751
3997524
5563914
5942962
1734772
3146089
1205600
4747129
5482448
4126831
5297631
2500820
2537540
2566209
1710439
3473870
2905955
3138961
4224014
5391383
4754381
1481155
2965993
2352351
1031694
5289747
2605039
5024888
5567966
2645621
5968087
5101384
4377453
2346127
5469202
5626231
3449565
3554801
5732428
5824104
3132627
2961834
4429692
2014233
4589767
4121855
2922584
5273020
4930913
5527779
1957201
1546514
4283302
2839648
5371555
1871123
3736891
3830278
2013811
4569199
2278452
5015700
1184686
3955446
1383880
1890315
1861390
2259534
1351955
4414944
1887515
3266494
2222068
1637193
2802728
5797060
4837897
2663622
5185613
3340401
2318159
5203105
3364177
5958470
1777885
3900127
4073837
5884498
5661372
5343610
5623713
1220809
5928400
1029425
3674642
4668065
5867523
5310418
2435235
1466730
1500399
4126419
4897210
2367795
5384060
5437394
5091876
4357884
2076120
5606761
1519535
4078845
2196015
2451995
3033455
2466909
2316293
2332975
1464771
2432416
4373293
1420212
5736387
2247768
1824426
3481546
4436120
1098905
1925923
2829108
1817818
3324524
1423053
5832315
1459691
3028856
4854736
3664239
2695384
3785384
4816754
5122104
2403423
1014849
4609263
2907210
1440642
3900772
5577040
2527761
4909203
2794074
4991892
4342968
5716793
1217538
5599580
5938816
5102163
1067055
1458851
5622259
2525670
2744257
5726686
1850438
5465340
5265191
1940173
5143933
5012396
2161815
3913923
3627389
3733380
5528724
1428514
5538557
5588787
1381586
4414493
2402319
5196471
4732769
2356813
4046181
1048731
5289096
4792164
4845140
3504799
5856612
3698412
5180948
1375563
5003348
2838445
5804513
2728663
5267711
4111311
2818588
1656270
1164953
1343816
3828750
2498423
5459111
1063341
4723616
2182049
3061488
1045110
1823663
5352292
3812610
5115627
4829549
3126556
2728598
5790687
2873822
3274932
5374123
2817578
1407192
3982427
3081716
5538943
1231019
5255249
3806962
3390586
5659882
1579384
1092075
3172088
3385794
2785486
4407767
1982577
1475703
1940299
2566353
5386530
2920085
1404307
3988386
4278847
1671417
2136452
2077958
4144776
3004202
1383950
5361153
4637721
5609958
2239280
4768040
4073896
5533685
1306315
3057364
5085043
5872139
3172481
3692130
3987895
4123347
1846959
3675118
3109517
3579225
1388991
1803109
3143100
3643943
2206752
3183949
5444817
5147867
2362890
1710063
2993673
5289474
1945688
4222355
5124717
5604105
2607929
1024408
4698118
3224383
2156986
5860724
1714958
3647364
4850193
5412998
4816541
3218634
4756383
5164558
4811651
4034601
1765871
4803759
2089400
3980107
5408506
4130320
1581713
4285871
1704637
1149197
4423161
5951969
4121308
2624075
3282262
1398390
5586736
1329603
1557849
1704749
2395924
2505127
2323600
2053395
3033251
5775426
4606400
5181737
3140474
1522251
2568090
1804610
3906354
3958926
1149987
4889899
2763337
1523238
1988492
4627265
5719975
2532389
1604310
3603756
2305054
3008094
2424127
2590433
4556443
2132376
4444718
2219390
4271998
3876917
4426645
2116752
4807230
3454018
3478083
3474019
3648476
1033172
4909527
1672488
5013528
4815485
2572925
2974921
1004997
5721959
5624277
2632607
5971573
2490018
3756400
5151774
4415033
4280533
5905543
5350308
3726323
1285602
3969874
4477983
2728042
2443281
1900147
5374962
2303442
4356547
1941570
5509937
3415572
1483282
1179333
2753447
2696281
3779802
1739766
1949565
3675609
4421064
1583275
4606548
2144067
3215964
2547472
2820930
1090612
3415322
4149720
3322805
2721259
2105222
1806613
4206441
4268209
4305388
3293781
1584296
4360955
1663437
1002286
4996457
1444830
5990551
3070095
1116076
5816452
4822702
4440099
4779612
2956326
4517682
5469720
4575015
6005377
3668467
3745935
5939222
1150444
2560768
3967150
3300193
2980101
2232750
1114359
2151911
4630650
4278917
5917328
2717521
2583687
1318800
1651803
4255210
1483144
5268380
3827353
1514648
3713809
1640570
1032477
1531164
3458073
5082712
4589196
3588556
4493303
5444153
2478385
5901882
5490106
2409790
2227547
1692734
1217480
2395326
1638056
2772598
1380394
1384606
5969051
4140237
1770561
5914484
2906273
3257259
5762168
3464407
1552726
3020403
1586491
3276338
3756572
1906563
2933178
1873359
5312715
1542778
5144862
5402533
1043009
2239878
3174896
1182558
1810401
4052167
5620182
4249172
3065840
4856112
2740384
4132499
5423133
3138436
1552861
2020088
3371496
2654712
2347124
4749496
5954752
1006608
2936362
2617468
4312699
1420476
3281147
4415631
1129822
3964180
2331379
2341815
5092715
1128284
5037683
5637470
5757476
2412532
3676577
5839662
5851019
4619778
3662580
2651373
1810480
5758305
4151786
5877702
5580018
3258423
2820828
3396231
2989243
2945865
4190056
3567589
2233929
3614865
4065698
3779434
3041776
1732447
3040416
3979721
3108521
2067931
3636776
1403473
2394823
2470095
5076135
2315564
4166889
3047379
5963183
3520596
4020101
3998246
2288215
2747299
2520625
2827170
2597097
1631148
3927779
5966024
2316644
2273078
3411108
1870701
3246683
5846907
3115149
2186500
1372517
5946719
3782289
4265564
2931871
5989349
3263721
5189172
1433326
4992492
1815063
5779875
3187350
2188039
2236199
5230536
3623410
2410803
2180195
5087281
4944631
2190790
2626982
4022222
3894432
3488986
3640793
3010520
3646668
5088812
4884958
3927221
4414181
3201536
5800359
2833906
3883763
4116512
4632340
1918685
4363517
5495837
2740291
5977789
5098355
3842905
5435544
1214080
1213374
2319367
5310505
2244224
1168473
5544572
5994303
5046811
4629850
5447946
3988238
5770034
5221853
1838976
1085394
4083721
1428099
2297813
1901323
5016042
1741835
1287429
1004250
3409504
1483796
1689475
1921378
4140907
1174204
4931945
4032127
4851132
3749011
1481050
1190838
3799487
5836880
4385239
6006106
4821462
4165408
3370412
3159428
2811647
4622930
2399038
2198319
1897261
5278825
2471279
5532920
2011304
4403276
4650440
3206289
2367818
5585349
2069826
4165906
3161109
2440305
3952525
4825705
1037589
3044452
2366471
2888679
4521596
3059162
4585877
5514372
5655728
1279848
3231143
5139146
2124698
5743335
2451339
1982646
2135336
2112872
5588293
1779346
2233207
1546774
2054375
2215687
4196295
2301142
4244634
3854048
5802765
2835295
5146666
3510050
1139246
2251980
5858665
3107535
1912698
1389302
3329396
2225525
1306420
2560647
3865669
1927135
4257454
1395325
1573939
4280232
4019856
4704163
5878093
5341466
5017389
1584866
1683511
1820427
4329951
3403299
3529676
1512950
2828176
2239968
3280601
4950194
3492398
5335959
3293790
5463175
2655336
3184509
4435048
1281131
2054100
5436740
2477324
4349169
1980972
1364920
3854359
2639538
5614547
1660255
1995170
4462618
2250900
5613110
4890828
5576185
2893703
1041550
1071563
5770912
4029955
3397120
4676508
1443547
5491600
5662224
2191527
2591797
5131647
5485154
5871356
3500839
3768563
2156549
3444563
1059115
4945987
5605767
4484929
2224456
5778841
2395671
2896580
3179678
5661695
4905583
2246330
5011517
1778681
4588205
4940236
1760772
1390353
1339427
4786683
5615769
5401581
4833226
5055564
1387518
2454031
2754212
1671128
4270035
2608167
2783344
1381505
5011788
2473749
3803859
3151376
3919121
5622954
2802105
5960040
3368669
2148502
5223085
4860467
2633720
3017656
5064423
4996791
4275823
4256543
3460359
5314647
2618794
4426470
5538540
1737608
1797753
5964669
3657941
5276642
2268789
4039237
3876167
1728217
4323598
3677686
5547258
2457927
4442581
3080653
3697510
5418584
1439812
1716879
4430997
3029653
5878056
5686981
3342973
3135954
2657485
1624429
4435364
4054630
5684031
2918358
1755434
3952355
1676966
2462555
5133202
4111668
3668990
3873521
4377258
3925986
3903775
2892606
3230891
5591796
5506511
5558615
1486929
4671051
2657441
4165010
4781367
2149552
4023641
2495290
1488350
2947769
4827828
2544139
3911800
2030888
5871708
4383789
4446525
2104318
3218878
4619305
5506627
2771723
4239395
3776430
4209614
3346669
1689500
1230568
5297849
2049908
5140822
1217750
1967701
1034860
2192843
4707652
5838775
3453890
3881887
2131330
4181648
5529630
3164260
5113502
3833626
4458031
2456830
2320918
6003434
1273406
5473655
3519098
4471868
5296863
3251253
3158118
2073815
2802656
5069355
5899383
2172191
5683010
5931314
2162211
1381652
3982661
4535135
1204834
1641304
3096995
4707404
5269977
3437677
1026116
2104502
2707211
3926506
5812376
4249490
5049814
2158904
4504147
1169051
1103723
1243545
4648082
3530809
2346709
3344875
5253515
5623838
5150912
4564090
2559411
4450906
2998691
2641320
1342947
1172456
4815127
2605782
2417224
5980663
5643749
3933749
5107420
4166660
5560970
3141169
1930065
4832705
3930409
1099903
1750579
5545499
4705383
2597710
4014554
2153335
1165173
3742223
5509678
3915532
1514137
2046605
4333034
3887256
4559866
2069568
2081077
4891557
2298743
1016008
5110848
2394452
5937192
1449518
3643010
4740347
3786168
4317911
1762172
4840555
2114462
4163268
1013902
1408715
2073480
1840338
5085802
2588145
1341901
4009876
5648248
2944199
1870582
2199613
1844966
4016360
3831075
2359197
5464035
5529240
5061909
4826706
3766580
3922828
2901642
2083898
5491211
5826166
2008419
1993460
3455589
3177899
2845504
3371846
3102628
5337647
5781304
1295534
5570463
1210729
1069141
3007772
1360627
4456189
1177654
2467412
4446866
2114388
3165817
3115392
4376558
6007285
1662152
5245544
2597632
4560980
3506902
3763060
4232757
2468665
2884051
1301374
3448413
4171089
2157227
4126868
5709804
4453634
5721636
2910713
4297772
1401108
3104416
3859270
2784222
1998676
2999237
3024108
1692540
4348918
5081278
1864598
3452455
3057416
4940248
2008338
3329430
3117191
1622970
1979762
4453115
2280396
4022052
5455863
5401795
4842939
1019402
5246250
2373465
3578079
1271807
3500070
2726405
4758197
3545596
2461384
3595706
3618633
3404631
1041929
2153181
4544550
3401874
3588945
3693764
5850466
5082354
4750725
1451876
1374969
2824618
1572552
5505704
5569129
3289000
3882478
4568011
4545968
1770830
4610482
2197351
3391072
5191715
1559015
1706961
4405221
5843054
5451126
1555869
4242315
5589886
3201190
3997284
3586798
4465606
2676835
4924009
4863199
5044120
5851170
4491924
5562015
4264234
4044156
5669554
1765282
4632971
4723542
5164389
4777593
3845783
4307919
5054761
1675496
1412103
4218382
3520386
2465604
5777462
3033741
1048487
5361874
5824129
1323683
3292221
5938021
2605136
1199801
1144891
5652586
3218957
4462286
3141237
4733785
1415671
4000329
5724849
2447856
1889462
2168915
4800325
4376389
3246118
3673448
3058259
3164557
3627513
4646155
1627764
3629917
4347095
2661939
5923603
1211417
4802803
1039723
3341513
1925681
3662065
4330321
2836830
3213144
4377736
1284608
3189318
3916818
2543425
3790569
4528426
3792104
1489223
3464374
3450732
2196380
3556026
3139951
5931365
6001615
2180588
4870968
4246224
4674541
1898599
5035896
2738600
4493378
2531371
3228411
5674006
2009450
4084690
2427975
2776129
3408215
3433400
5999396
2830349
1158854
3544690
1224989
1496072
5608512
5934643
4681976
5850689
2504855
6020248
2871076
2573570
4006896
1019819
4380973
3253344
1444623
1323340
1447486
1867387
3005047
5098432
1696887
2770039
5893284
1050242
1890058
2081526
4483092
3899881
2272380
3115377
1693326
3704390
3107282
1025052
1274156
3918796
2488464
2564846
3571414
5167767
5957454
5266136
2755960
5595457
1800993
2696123
2731335
6014087
4237852
4239254
2339060
4691665
5366862
1128119
4262744
3128298
4897246
1908409
4680771
1506728
4995350
3128490
6021316
3642066
4053908
5714992
1346553
4740570
1001722
2929126
3855965
2508035
4180069
3697718
4807621
4897104
3618605
1039326
1617396
1930653
4471935
1977884
1186821
1150851
5207468
4556028
2682756
2650986
2786232
1731993
3353043
1208123
4307253
4328614
5082759
3549160
5782475
2992151
2716138
2270102
5371608
5386817
1038362
2193314
4623503
1399495
3514699
3588360
2286911
5698871
3415627
2615572
4244547
3261126
1400067
5497609
4889248
4069979
4217737
1347500
5656076
3305570
5078088
4130769
5050587
3660244
5850745
3009022
2757971
2959217
1264906
1233607
3763165
5394551
4318760
3637378
3321883
1355880
3197971
2672540
4168717
2675184
3775192
5374918
4679952
4537598
5753784
1229019
3346793
4363401
1123654
3040537
5458889
3672217
5109876
5637607
5651265
1712294
5835658
5365599
2417867
4610523
2906591
2301960
4988676
3129287
1717061
1733012
4675880
3734842
1868998
3913365
3135969
2673983
5071166
1070463
4585511
1502351
5315352
4128326
2792725
1868052
3293164
2956633
5974169
5619946
5616003
4916390
3173515
1154069
2661304
3034906
1318775
3347698
1922379
1912125
2177443
4193701
2136317
3331656
5252434
5350433
2002853
2380549
3906493
5292063
1913992
2606795
1267174
2467761
1467690
5815919
3483574
4146179
2585156
3015993
3886146
4314482
1994801
4608033
4617263
2021837
4313352
1991374
2296615
3716762
1768241
5984478
4287318
1365654
3253288
4721307
1902627
5984454
5174594
5624960
4917090
5402979
2320774
2951269
5812753
4148173
1695327
5948947
4356652
1188561
1989513
2232808
1139465
3880412
4908685
3337775
3066469
5765423
2999679
1483606
3051902
5555206
2012059
1245588
1965948
4188569
1517205
1397521
2613078
5555581
5324115
1598475
4980480
3943011
2928036
3260066
2089284
5929571
4110975
1803490
4686760
2884519
4049742
5847416
3548153
2455694
2984514
3488287
4135552
3524685
1197061
4375146
3148834
5526855
1071375
3922256
3564219
5973166
3623686
2549253
2827254
3514347
1371950
1992541
2843574
3224122
4190093
1418764
4103071
5306935
1491231
3379395
1135694
5228032
5200131
4410488
1432054
2776573
3082803
4016668
6017292
5804452
4806323
4041011
3525221
5585219
2032385
4102937
4602922
3911395
2916124
3228345
1735537
1237234
1767523
1860841
5556180
5216614
3816674
2063562
1671944
1268182
1074553
2527811
4756270
3990909
3490218
2750060
1154617
2258341
3469783
5842174
1268923
3873315
1894805
3494198
4488105
4988505
3119723
3608181
5463319
1138172
2767200
2513460
1848848
3496678
2197872
3582978
2853871
3692321
3150955
2281758
2046870
4204893
3666041
5803860
5869102
4653032
5276661
5801914
1897852
5541669
5166785
1148076
3421649
5926591
3052403
1948262
4590790
4376766
1034669
2301027
5598222
1865060
2880979
5080482
1057780
3400147
2816034
3692663
1093253
4578176
5864435
1668319
3884961
2597667
1023472
2995943
2172064
1425159
5696997
1542121
1930637
4075349
5845814
2791282
3506321
2150857
2524777
5604625
2472655
5530718
1264427
5329356
3865044
4969531
4406737
4664847
4814366
3905847
4125851
4812406
3141432
5319669
1129923
4401540
1504878
5181266
5300118
2399979
2003087
3834378
4294975
1269892
1531353
3629886
3306992
3709439
3689435
5568361
2546758
5256322
6009454
5207364
5248859
5418255
3159247
4960118
5077845
3233530
3845462
1939270
3426386
4337826
2288497
4641654
2105986
1354238
4618144
3623757
3873985
1553434
1321675
2026697
1500292
3068376
1262644
5269396
4898666
3282750
1601464
3574135
4860849
4368129
1221968
4842318
4232243
4423174
2796781
4616008
2149924
3128823
1238460
1135865
5979238
5112862
1048313
5346643
3742560
2763078
5676363
2861877
4069846
3751778
4916230
2416926
5168560
2834796
1330384
2741116
4677785
3709052
4726318
3114245
1065354
5684411
5910670
4391365
3102194
4910440
4027005
3662124
4083253
4490618
1339248
3378050
2996758
4168793
4963121
2191998
5058396
2734622
5098706
3518577
4946094
2726848
4248141
4740333
3005110
1172489
2322100
3103417
2549372
4027311
4007809
4239235
2689172
5070349
1732373
1644604
1156080
4239287
5921719
4849871
1199689
1992722
1576517
4805120
1551673
1264965
3157649
2499591
2586864
4119448
3940527
3931597
4483088
2519223
1864093
3626598
5643580
1911151
1743255
4655008
4707711
5282529
2190318
3478431
2794803
5880460
1093777
4842164
2811469
2764068
2935225
5720112
4900824
1787668
3450254
3285288
4051026
3863030
5285767
3218093
3818530
3791310
3283349
1290423
3969527
1483016
1315699
4313886
3292924
3706963
4535556
1357606
5041969
2828053
5578883
1521539
3832762
2315803
1297920
1338189
3672982
4343733
1918513
4845610
3646556
5348673
4838126
3448815
4494261
2006178
5553738
4524620
5555960
2182911
5472428
3763703
1558224
3890087
4754328
2417427
3062888
3493084
5000870
1981023
1046428
4806998
3478106
3666107
1994272
1737070
5066291
5969277
2030932
4000494
5791130
4687991
4393728
3835458
4366054
1321710
2928994
3759646
5543165
2284218
1929519
2494573
4421668
5949300
3674516
2507178
3276802
2575012
3962581
1937989
2744759
2460625
4856617
3143784
5017338
2843397
4696171
4693169
1982067
5905646
2471821
2820256
3384684
3635518
3972000
5093019
5247382
2262470
2697723
2378012
5190270
5261953
1724007
1975691
4813987
5202446
2398425
3595383
3669394
2485415
4405189
3551749
4484836
2788778
2694813
1430216
1731376
1669951
3788418
5379403
3920808
4091662
2840478
1760074
4517850
5658761
4794368
4737924
5805757
3143829
4744374
3256931
4641405
1664542
2073311
1071818
1266366
5326482
3360802
1225712
3057036
4387368
4754989
4853866
3399349
3150214
5985591
1398974
5537907
2714270
3246488
2009076
2019429
1832393
3896206
1490639
5675156
5098187
3464298
2354797
2775858
3784396
3587776
1251132
3505761
4889656
3633187
1954839
3298014
2820274
2211525
5191445
1145200
4860907
2329450
1409379
3145514
4927319
5632587
2095979
5282333
2404442
5285594
4960624
3287947
2630935
1627958
3565755
3920122
1186651
2172574
2337116
2792001
5003059
5244187
3882612
2488290
4855807
4301764
1638074
4571719
5287837
1766913
1432120
4764945
4435863
1691397
5611497
5215534
5672360
2497006
1333165
2057078
5091710
1894273
1386499
5657974
1074845
4375945
5668949
5717948
3679107
2421614
1384144
2407182
5640180
5609913
4559928
5072818
2346115
4923346
4345415
3572548
4949261
3733117
5220653
3969170
5195439
4468574
1316022
2736675
4199420
3561524
3403645
5967849
3946696
2521726
3960941
4285587
5118618
5761376
4928234
5546715
5866041
5899945
2060697
4616094
2810481
1593758
4997679
1383568
5208389
1172850
4919213
3679119
1106365
1106810
1019055
3320492
5018048
4975225
3337129
2376712
4707628
2082150
2892692
1785025
4053242
3266906
4026150
1035042
4730706
5303537
4947514
1268017
3292740
5241379
4070190
4990180
2709067
2523854
4085468
4332715
1861126
4750032
5491087
4629202
2844854
1315834
5579556
3619752
4213310
2118800
5333770
5629058
5951879
5526308
2152201
1827373
2386452
1322342
1287598
2205188
3481126
1475876
3089894
1659767
5007284
2735496
5963910
4986394
2460010
1350271
5157280
1130937
1082112
4627117
1922137
1227312
2665671
4486845
6023232
5086576
4001713
3556308
5327712
5124013
3019610
1740207
4205654
2093124
3065298
3936949
3694504
2103334
5173491
5319013
6009948
4227672
1340871
3319729
2443929
5876252
1182708
3537402
1922799
3364529
2703185
1437879
2739313
1280477
3462348
3887055
2421864
4179800
1135682
4661149
4056286
2159500
4757908
3776329
1758436
3843857
3737463
3350381
5188090
2269218
5509742
5758596
5258426
3541510
3457173
3830052
5937807
1292110
4455205
4887108
4721251
5780024
1694609
2303107
4498412
2630802
2114619
3123745
2765096
2512495
5963434
3101491
5280103
1195480
2783563
1779085
3596445
2473124
3229371
3328082
4671534
5342542
2325649
5633055
2472912
3172445
4452892
4535542
5594690
1100821
2127781
5717581
1735735
1248675
2102680
4409232
1371734
1120890
4315170
1192718
4961761
5508873
5285076
3462262
3511576
4017504
3732977
1881734
5659517
4289102
1290537
1282023
5225502
1559100
3979945
3099307
2980409
4296637
5865812
1826818
4087216
1525253
3481989
5260767
1885723
3352137
2824374
3595640
5857131
5141238
1347355
3767166
1805194
1294910
4852013
1745425
5699009
4089220
4709776
3594926
5870750
3544709
4222426
5940446
3936699
3396190
3428992
2183752
1625097
5624008
5907338
1219399
3641108
1375795
1913790
4132218
3629016
4092402
4775453
5251703
4731558
1838071
1115858
5248770
4425970
5862954
3959607
2846255
4857335
1228991
3297484
4447423
2951609
2162844
2149818
4305000
2348881
1933682
2613318
5035446
1880787
1934915
4706050
2374731
2558484
4647803
5842698
5535755
2516789
1389697
2264915
5695670
2090650
3092091
1809193
4954731
4607304
4048981
1600034
2514939
4797445
3515003
4139074
2367082
3485024
2243390
3961586
2365384
1253122
2405229
5083887
1736625
2122526
3326816
1386098
3344661
1751551
4896692
1042665
2579430
1828974
2139035
3369426
4197781
2981202
2550134
5286506
1813578
5973306
3729086
4143762
5629687
3542412
3695105
5499984
2720253
1229856
4479085
2491285
4850454
2767927
4945823
1469781
3346717
1950611
1350618
1595294
5789130
1607663
5459513
3359094
3322665
2259983
2200344
3849698
2360657
5016628
5297788
1499757
1627892
3769087
4502949
3203271
5379507
2706346
4537902
2982395
5412566
4765136
1568001
4379260
3055119
2052325
1590755
2013184
4626102
4541354
5533428
2230667
5540726
5117949
1114238
3626321
1154046
1545508
3697424
2998315
3484783
5231640
5270698
4731212
5128801
2981378
2244625
4454480
3855236
5255614
1613947
3954558
5048429
2720777
2588651
2736188
2263279
3951642
2878770
1690821
3299889
3267771
2883137
5885244
1782331
2191780
4407527
5755263
3891488
2438244
1648944
3205709
3713761
1888152
5611002
2945216
1229129
1535082
1565449
3258440
4796017
4562211
2661600
1249472
5012159
1438359
4317534
1526501
5768246
1050675
3948519
5746076
2475571
5548358
5708790
1139697
1383248
2814364
3630491
5852850
3512755
3675655
4360008
2644671
4661652
6002530
2804185
2943236
5479471
5004995
4407246
2807823
4412472
1821986
4885296
1115707
5837682
3180254
3264995
1585575
1125301
2400508
5997940
1501898
1702907
5297808
4049420
1307487
4451034
2945202
5723957
2734123
4860348
1781335
2637522
3452483
5364849
5802012
4042715
1837943
4162392
2060611
5402429
1979079
3580280
1742686
5313905
5448431
3413875
5711696
3452864
5986257
5630986
2186827
1876696
4163152
1383451
2363546
1028902
2268228
2373028
4660738
4270752
1256370
5601637
3440365
5306604
5623081
5478616
4293072
2069337
5781473
4722809
3957465
1634867
5015195
5763750
5978307
1772121
5431767
1906399
2382785
5713729
2240815
2695153
2818498
3997608
3361885
4851554
2587842
4536220
1294389
2233058
3782347
4266024
1675634
5095578
5627046
5859881
2661689
5166737
4749995
4196369
1796450
3401775
2105933
5411786
3764279
4814809
5329730
4358852
2121009
4068152
1976127
3927239
5925620
4547296
4179278
2218769
3078899
1031649
1453153
5352997
3281224
2341135
1029536
3492585
3922495
1479393
2678949
2319469
3748460
1591994
3793452
4191423
1336727
1456004
2866242
4342429
2852754
1803065
4635388
5274280
3136367
1662705
4708948
4113446
4494852
3970317
2434502
3589123
4258736
5268051
5629635
4791928
5166436
4519987
3940287
5963685
4339565
4158906
4425276
3459867
4181246
4863144
5729613
1090332
1947656
4356755
2696883
3162143
4920969
3874092
5360078
5127602
4649600
2083002
1759852
4050302
2171186
3667186
4758124
3166521
4145800
3965666
5121944
5846475
4372729
2037773
2279254
5672542
2309296
1066204
2572497
5173073
3634797
4332749
4659619
6015045
1618623
1761423
1393979
1473154
3818443
2869174
3781050
2944847
2921285
4679071
4103360
5686827
1849976
2865089
1513779
2485719
5140916
4404575
2422592
3336503
3865622
3944489
2174317
1540135
5973339
3506074
2590691
2269499
5124635
5823552
5134881
1260426
4666517
1385474
5852216
5671091
1968888
2016363
3616868
5653442
3501413
4681285
5124349
3735592
5258355
3647787
1871577
1934293
3614303
1028280
1266207
5164946
5515580
5422659
1950701
2023231
4707166
1267313
3486914
4185233
4611034
3216592
2848007
3181836
2774876
2997796
5350610
4194716
3720300
4355539
2821353
5583768
2785678
3581242
1701078
4877078
2381245
1971631
4965336
4416884
3486466
2767890
2031907
4501749
4738681
4906122
5044385
2865559
3917789
4671138
3257298
2331254
1468972
4595903
1904348
3541215
4600869
5583528
5347624
3980387
1651755
5527288
3729253
3242429
1835942
4978170
4151627
3644328
1947396
1243277
2566186
3814711
2905870
5579309
2536630
2485341
2530275
2163779
3183537
1472281
2974728
4113862
1836303
1831973
2365019
3033606
4221790
4135206
1516822
3068796
1716088
5891243
3918614
3516964
1703486
3513597
5747900
2235214
5588416
5819186
4228417
4305470
1212947
1118592
2614859
1559716
1166097
3555609
1260907
4121848
3534859
4695596
2168754
4502787
4027401
2747902
2793444
1020714
4878033
3078304
4771442
2477413
3362388
4481764
1343782
4230592
5398305
3813432
3587171
2440479
4820498
4541456
4164048
4064730
3569027
2643323
2575270
3481614
3376005
2559319
5910428
1831927
5463989
1494351
5857848
5073600
5903590
1608972
4942240
4692514
4655829
5920256
4663674
3707852
1680946
2208081
5621613
3797623
1526816
4292167
5980645
3150161
3449195
1693288
4951402
3724083
5116882
5365077
3519934
1735807
1236757
4653622
3371108
3391055
4030374
2585469
3840554
2754109
2348562
5311644
5348821
3617115
5970260
1102734
4260266
3573244
4966903
4956720
3380858
1343077
2946047
4017703
5504161
4983961
4560524
1693027
2574442
3317599
4737008
2885770
2928048
4509892
1641466
4670751
5052655
2292338
4874911
3318699
5410805
2173761
4462259
4140928
3915109
4281024
4673877
4574136
1361866
2898671
1852790
2786244
3529533
3263324
1353257
5136421
2192524
5197870
3259900
1737536
2316165
2058059
1142761
6016700
3796416
4929945
2854656
4839504
4983993
3603290
4436385
2428838
2769660
2590207
4271222
3560409
2727519
2481380
3260446
5637232
5866649
3218854
4376670
5602613
4749931
5006046
3985904
2606862
4566194
2307898
4887042
2606125
5904889
1885326
4218678
4855121
4680999
3617441
2702183
3661735
1083716
5997968
2447118
3652627
4260175
4377619
2820746
1890433
4440793
5842936
5087918
5836147
1185282
5898044
4520571
4907192
1926703
3896841
5286179
4775089
1703140
3069274
3456264
5942420
1054298
5068157
3843558
4519766
2070422
2229693
1701813
4550407
5071760
1849059
5613475
3984063
5024190
1076379
2195148
6018000
3096748
4340111
1741923
5856117
4673999
5870296
1873769
1041855
2713377
2209434
3990870
4075756
5442867
4843422
1491892
3332963
1005132
4137874
2805860
5631252
1015604
2983233
3260344
4683829
2916109
5885505
4687840
4353403
3551220
3490743
4542488
2304440
5050057
4005434
4989029
5052170
4773604
4233595
4813077
4215939
5364033
2358340
2367757
3051835
5841736
2715050
5675454
4531811
1214883
2813128
2484256
4626937
1006597
1284694
1494290
6000016
2233044
3218441
2770419
1851033
2463803
3181044
1261749
5953587
4925719
5949773
5450563
3484130
2503641
4235004
5628098
3872849
5178423
4432373
3885806
4924468
3947564
5631459
2473857
1642432
1634707
4064794
4938009
5830870
2277256
5869756
2175313
5003336
1743248
1118308
5757233
2033716
5367918
1484977
3559649
3337767
3192059
4792370
1556457
3390797
4937513
5415984
1026635
4603713
5509996
2390845
2891373
1933400
4800599
5115391
5571924
4963585
2135064
1310399
5282359
2719139
1112061
4945407
4990158
2488252
5563054
1503934
3336833
1580906
2197001
1612393
3809181
3552973
3292784
2443032
3683374
5812068
4081677
5224457
2723770
3450799
2972106
4733621
3962082
5122063
2216797
4774498
1973545
1870291
2488592
1936905
3828788
1401797
4973237
4425099
5421275
5594280
3259266
3623027
1478045
1197676
1940226
4005840
2768641
4914526
3821192
5880411
2548349
5434561
4613182
1164315
4408145
4849621
5566866
2962317
3947000
5571049
4959738
4713185
4287396
5479836
4024459
5151550
2103639
3065954
1680393
1268854
2447379
2510146
2105488
2937536
5610243
5827342
5690965
1119640
5887668
2571349
2303583
4921955
5076815
4022986
3368691
1863467
5671776
2427378
1258655
1783490
1327370
4168195
5240069
5158292
2273540
1257944
3036550
5871434
5100370
1974254
2892522
3054729
1303942
2648262
2906650
4524633
5966675
3929764
1540623
5217162
2354306
5962636
2322647
1304906
2249107
2864985
1959950
1843400
2413527
4893219
5306575
2318224
3033989
5802695
5620916
5081527
3750995
2633128
4528808
3795061
2198273
5144779
1078904
4286975
4154276
2240122
1648843
1220168
1902029
4791401
3223559
1830878
3037326
4502658
4702249
4094745
5959474
2796584
6016742
3035636
3263808
3955487
4980005
4322004
4745620
3855353
1951687
1359372
5016388
5146673
2498845
1705206
3345331
5052842
3397921
3452688
1953177
2030548
1427230
2069689
4811798
4514108
4936404
4869279
2213671
3400899
3871943
5539519
5285316
3245430
4319107
2207666
5529062
5103957
4813148
5401469
5328701
3539465
2589505
1041577
3623066
3392708
4555133
2014978
1580719
1884618
1074876
1488437
6000639
5212561
3694876
2379550
3330541
5263097
3261886
4650778
5665044
2982162
5910991
3841850
4502036
4834684
4681480
3589904
5922792
4653290
3589543
1111214
2380170
4153857
1152165
4950772
4279930
4900459
2314687
3129104
1806966
3289564
4561589
1774674
2359481
5786546
1306433
3273200
2839153
4831104
4151425
2476479
3555573
4781358
3798617
2279861
1171648
1794613
3117928
5687699
3694225
3885666
1639597
1281281
4201668
4034009
3621355
4320763
2704221
3048560
1368371
4121622
2786074
4266468
3966849
4573678
3160517
2095564
4661598
2361300
5066439
3033230
2290984
1476069
2790367
5974815
2330801
4478559
3335983
3529916
3128356
2275018
1286136
2017933
4243098
4612346
4811926
1912612
2524934
5116765
2904637
4907966
3381052
4480886
3140615
2979630
1517172
4390738
1248402
3954715
5529310
5704937
5639255
3806577
4409916
3314912
1575720
3300100
2071569
5106073
4253307
4582030
3395938
2292361
3250747
2167286
1623525
4120549
2855775
1592014
3905095
5894139
5929619
4508061
1385627
5170310
4245217
1198818
6008283
4891224
2765335
3969287
4830858
4073659
2921928
4513047
1740245
1524913
2350909
3328870
3474384
2602053
4595092
5091121
1528030
3737197
1937208
3979059
5178457
5727032
3620037
5454760
1069076
5079118
5415598
2413920
3695914
3900652
1423615
5603503
3472046
1203536
2099422
3706873
5248307
4045448
4288397
4361956
3716448
3602296
3559798
5756093
4824158
1613905
2934025
4449141
1465262
2996019
5906984
4354196
4180427
2922745
1630963
4643055
2011600
3208502
3912400
4550077
3278239
3360685
1314038
5787129
3812032
4276620
2975912
1279725
4486114
2225679
4603527
4413852
4886558
4695036
4985998
1206609
4099346
1463484
4393781
4221236
2685289
4368443
3910120
2117461
1131441
4657861
5587212
2331582
3048712
2124612
3702620
1411078
2678570
5909208
3511955
5737656
2777938
5557515
2551103
1261445
2277484
3718295
4593275
2693390
3207218
2532172
3823856
5437327
5002725
2233860
3958597
1482121
5557137
4576175
1015946
5296150
5710981
1250358
4828088
4974755
4968972
3915356
1161425
5085092
3139596
3956864
3935755
4170953
5857366
5173671
5731994
4627612
2840948
1660164
1405666
3639050
4550575
5177751
5779600
3904156
2576857
5740183
5364679
5719442
1611819
5052052
3470798
5973314
4845179
4453663
1390693
3954599
3996069
1511154
4133001
4379209
3566347
4545108
1437050
5242346
5781617
1601872
4566634
2856245
4382241
3483849
4664199
2758062
4271551
5420168
2932622
5457649
3665886
4512102
5240112
3827502
3094153
1743540
1429458
5448048
3964376
1997189
4888723
3659495
4893433
4758544
5036497
2210944
1110220
2291585
1057384
2887494
1422628
1751697
2191912
2647858
1301445
4058117
5720523
1406064
5218442
5782538
2577470
3475080
3898753
1261374
3406469
3633792
3644436
5081874
3183746
3086947
4854520
5807222
2658221
2503501
2568959
1747072
4673821
3324630
3261334
1660451
5954046
2343795
4974232
3829131
4089463
4345159
3368080
2000447
2696521
4097837
1384729
2880365
3201583
2814055
3953588
1879826
4332205
2986121
3839832
1048403
2662574
1639442
5271718
3934848
1352902
2530339
2862800
4391429
4520711
3397408
3624384
2293893
4000370
3765241
5703823
2873979
1708018
4967496
2445757
3268800
3161922
2586871
3400385
5212480
1577828
4731935
1411826
3399044
5066153
1606749
1406851
1371069
1744578
4193799
4405193
2097020
1948849
2590281
3948972
3554516
4732083
4808848
1165645
5702726
5133378
3730442
2702264
4410959
5825793
1783857
2863389
1681292
5992729
1454174
2496130
2921963
5225801
5366659
3596715
3109146
5468783
5670150
2992226
4066273
5231788
3753551
3885839
2114173
4520916
2083215
5183561
2992931
5784148
1112042
4070524
3529418
4670088
2764833
5681878
1043423
1447577
5799081
5798077
4108648
3198335
3511885
3312790
4382432
4057093
2857469
4496701
1673879
2235647
2737426
2103144
2401738
5846383
2327680
4516211
2663738
4292376
2712456
5350263
4098512
1684055
2198266
4035248
2748094
2880598
2631716
1665389
5434500
1581912
1872345
3805636
5486220
5799477
4083064
4778801
4900761
4700477
3431380
4412847
5816407
3244966
4601828
2382650
4771682
5595060
3562287
2357400
3588538
3445989
4955961
5886289
5066007
3207285
5376710
3253250
3121350
4205471
4833748
5774037
5092895
1358349
3213409
1319857
5677893
2950283
3792861
2874296
3118595
1787204
3570318
5818545
1107298
3709566
1393619
4378924
3639393
5219437
1447678
2533861
3244675
2996933
3424168
1377210
1786746
4843779
5731754
5039547
3410080
4158318
2278662
5531107
5160121
1021903
5173008
5437543
2964292
1555854
1748749
3969235
4052227
1423279
2953887
5096999
4212783
5201151
3517737
1777469
5583702
4629369
5324496
4630016
2056597
1400577
5583367
3780146
1582335
1374043
3814760
3850183
4621264
2414671
1084905
1811006
3136534
1835989
3999730
3622415
1865256
4303077
4482137
3347870
2384489
1513804
1139582
2694638
2859493
1307885
3301352
3349814
3998672
5353147
5309728
5815098
1743408
5936827
2773202
3052757
5473331
3590732
2974112
5093701
1424529
3664948
4261335
3650415
5346785
2104790
3406358
1668554
4129752
1670554
3483602
3244930
1734846
2135945
5210778
2157510
3757112
3087692
5924476
4894599
3686746
2457150
1625537
3789673
2352245
4173992
4966160
2512778
4542269
2024188
1074529
4942145
5998804
3587867
2326668
3988011
4714972
2128270
4124548
1875919
5251305
3869805
4699183
2913518
2966134
4216316
1871565
4937050
4782042
2561704
3079795
3799581
3765739
4138509
1270321
2086327
1507163
4120912
1798962
4069505
1805377
2041624
5507054
4876279
5469438
3626586
4560335
2228193
4365746
5954466
2373905
4713254
1484054
3726395
1149065
2496392
1880518
1734607
4825223
2464467
1472433
3611937
5165435
4147100
5067587
2691172
4308832
4903557
5409262
2310319
5166016
5025154
5757991
3738680
2716221
1285047
2144228
5191696
2499546
1474891
4612119
1084063
2309204
1191373
1727050
2198126
1551107
5339163
1691714
5009884
1553802
2629100
4302196
3528759
3474648
4981338
3754214
5458683
4326911
3866634
5381265
5655022
1110604
2817989
5342229
3414381
2647813
3712976
2472874
1218329
3413752
5713961
4234718
3657405
4996423
4593878
2882868
5783824
1677589
5741030
3965555
4451210
4122002
2531791
4543766
5306629
1957130
4228202
2866200
2318557
2723057
5969757
2024658
2697948
4725626
4414096
4665268
4572849
3724754
3244973
2854046
1126381
2978891
2176643
2804118
4525917
2198578
4300510
5204886
3305626
1633805
3440343
3627816
5152650
3350411
5644131
1462737
3493900
1183090
4511230
2131953
1994451
3359082
1561870
5164575
5215015
2785543
3776600
1957916
1629452
3368001
4001889
5360625
5894192
2076617
1166192
5267663
4419248
4361002
1589225
4631843
2675543
3827164
5479123
5757021
2672568
4867723
4324253
2056892
1083647
2291106
1025090
1962788
4956029
5050718
3663947
1416820
2859560
2575684
1783922
4840176
2393937
4947700
3304166
2100815
2038289
1472521
2738988
5246590
5517603
2196239
5352094
1031378
2186401
4101621
5823997
5964102
1248699
1994790
5262040
5116808
2630501
3879645
5525780
3534522
5233138
3065338
4966618
2821781
4604997
1328827
3433597
2021552
1732315
5376778
2180941
5419066
2866845
1110264
4712857
1239333
1453052
2142492
5718520
2332284
2063060
1966729
3247871
2127600
3400091
1536692
5131896
3692093
2215373
2148939
2550387
5603381
2329799
4260273
5023787
4778112
1136169
1665978
4635645
1474619
5574754
5306599
1318465
2710054
3253015
3919188
4188126
1293970
3030657
1186944
3132608
4181609
4451269
2653121
1377246
4781581
4035707
4568881
3737782
3303561
4632302
2470352
4562427
5904443
5936788
5233731
3041557
4706670
4935654
2358508
1522002
1244357
1357460
4089021
3793532
5768874
3982595
3600876
5112853
4319877
3552121
3757826
2822721
4181235
3038783
3660115
4117259
4460017
3041906
1185390
3950200
3686585
4598227
3611774
2983434
5658687
1121430
1224554
1986164
1653939
5964013
3930665
2943832
1075867
3674600
4078457
1739286
2186012
1670101
1765535
3707177
2285014
1485235
3882030
1282483
3203374
5937139
5258432
2172086
5662661
2200757
3473698
3119478
4763822
3791666
4526387
5733210
1125030
5620634
5668541
1951308
3714696
1069648
5741454
3072007
3723018
4448935
3190881
5229047
3223275
3104735
5184038
5927697
4511989
4923892
2609562
4780782
1437969
3438327
5146354
1992359
3916491
1465204
3478828
1790220
1616821
3581819
4501452
3719586
4539906
5248376
4851704
5701560
1943331
4061899
5538427
3143125
5509897
1017234
4909395
4658303
2032531
1981796
1312044
2993181
1341310
4322572
2324606
3230571
2444183
5913107
1961449
4485676
5889686
3874463
1918766
5562671
4606456
3422090
4035069
4585284
1048664
3342778
5863406
3759824
3214370
2072725
6017478
1985139
3896804
3735067
4192338
5107351
3342699
3701822
5659086
5266946
5632578
4986811
5555117
3088013
3954935
1517816
2939077
2178682
2270883
4372448
2214203
2462786
1568405
2368232
3840692
4640153
5307017
3582730
4997623
3103511
2730762
3758071
4527617
3203428
5902341
2587998
5102474
4852498
4001477
5123407
4667541
1764422
2970169
2634982
4023298
2476274
4077155
1104582
2748818
4941340
1463114
2888064
3620536
5988788
2846763
2846494
6003708
5589483
3394779
2132227
6011325
5954341
3200956
2965472
1811802
4346660
4273676
2951141
3627544
3885901
2334146
1555520
1821076
4044030
1185455
2131565
5931887
3517554
2100602
1656574
1812735
2909628
5108455
1498826
3085408
2388924
4124378
2507237
1536167
4977041
2195558
1336884
5324512
3219548
5096511
3072636
1981084
3590874
2154769
1145881
3985349
3923993
4480847
4368254
1469950
4738275
5918678
5102387
1065400
1765961
2365758
2094678
1654144
4200041
2028327
4198640
2535591
1269967
5413903
4000198
3156584
3130362
1682748
4433684
2081490
5134200
3355056
2722143
1580867
2382084
1349702
1308089
2086486
3063017
5085782
5579928
4366752
3273828
2845667
5557196
4599518
3440339
1229291
4806492
2212362
5082843
4196018
5609474
1161335
5021678
1054136
4628453
3031481
3098217
2720285
3262848
3300960
1404068
5235382
1573656
5240449
1441971
2699096
2329141
1799122
5902408
4760087
4447710
2780279
4226569
5025668
1983827
2288503
2628579
4109172
5261756
1586528
3910164
2000366
5824488
2725450
3076106
4879315
4680295
5341105
1230642
2393013
1972988
3300277
2402770
2747314
5364262
3052478
3981480
5545695
5321812
2365817
1402659
1116986
5305815
5755447
1865570
3275426
1037360
1265477
3286095
3567005
5148750
2411055
3643502
5495156
2348553
5453348
5436605
3290725
2799197
1209229
4965963
1622058
3647200
4554188
4105966
1801216
2071016
1956715
5205892
3948326
5182498
5005881
2574843
5348053
3839584
1833254
1746191
1532525
2388367
4383883
5571911
4384599
2637859
2313653
1019973
3430155
3731657
2164842
5089863
3038755
2414534
3617275
4595338
4784828
5667987
5381435
3519311
3066156
4419867
3503853
4308600
2767293
1500862
1000690
5339651
3277822
2077295
3692869
4676185
3224907
3277940
4233318
5539469
2919906
1236403
5851153
5832848
5235058
2778506
4289985
4030946
3474254
4355001
2315968
3568186
4987030
5311735
1898124
3044895
4045614
1638388
4118423
4520151
2336066
4172243
4516707
1068708
2124909
4964176
2556038
2205927
2656124
5012656
1245168
1806908
1335500
1768525
3905483
4457044
2892483
1000314
5670890
4267500
2822945
3839939
1707912
4361614
2777307
5626474
2293825
1144711
4072914
4254584
4635470
5643978
2490771
3847894
5504779
1149463
2453790
3437126
3070677
4636371
2934182
3386563
5451411
4313409
5256548
2586266
2035654
5431196
2337824
1050364
5759409
2320281
3877549
4189834
1079309
4781243
5308936
4804468
1998869
2830742
1581573
4684515
2077975
5680245
4610899
5791772
2181232
1708649
1734676
2260895
3402456
6006320
2219805
3784112
4062849
2276098
3439907
5368002
4289996
2619196
5135430
2443687
1162551
3477567
2132591
1137106
2710693
2512537
3179351
4654751
1940258
2611586
4910845
2862713
3461965
2408344
3637509
5020287
3139881
1981859
4141532
4589045
4376969
2808320
3667579
4821923
5965564
1474533
1651564
5062213
3383748
1060373
5273401
2700916
1860313
5907389
4310355
5190525
4279011
1307955
4778022
2515443
4817360
2898142
1804550
4327026
5900999
5068464
3997152
1796254
4476592
5659059
5698497
3249103
5120230
2869008
2062460
4767140
5396533
4813954
4588840
4604156
4525805
4052460
1511413
4610171
4528792
5388234
5032623
2612073
3153788
1879159
1045714
4046764
3914934
3391225
3960044
5080992
4910807
5292052
4152129
3097708
4845603
5202620
2027692
1759915
5158507
2376958
4468873
1179699
1684852
4949479
1839592
4757915
4337427
4827484
4745301
4704548
2007143
5261001
5639656
4908155
5267586
4682921
3715841
1727637
3932624
2570019
4232768
1409566
5701548
3564080
4562832
3727095
3838612
3366971
2652175
5129731
2722881
4911858
3303602
3898016
1864748
3854852
2402328
3999300
1729770
5273631
4878695
1191691
5318383
4350901
5198709
5000698
1223728
3754768
3517266
2909878
5541872
2895721
2872335
3740540
3565042
4454262
3153169
2133423
5174920
3727411
5624380
1899551
3465519
5105124
4232924
4746057
1561659
5053868
4942018
3871224
3384963
4507491
1832641
4575841
2791812
2166598
1416578
1080257
4018298
1883349
5454267
5769727
1648284
3497885
2631911
4806141
3682825
4996083
4343417
3305675
5416735
1151317
4118188
4786744
1948336
2391674
4854923
4051717
4677643
2019663
3672364
4391115
4059370
1360190
2176363
3763200
1023737
4553425
5329558
4391571
4601333
3359757
2488263
2511317
5749574
1804985
2333258
1754241
4826777
2283392
2533488
3412519
5193805
1902378
3939174
1285270
4441512
1878702
3230038
5547462
2157319
3700140
2434579
2345506
4017011
2453236
5577729
3471480
1394928
1796269
2497782
1503616
1794930
5577230
2441482
5203198
4802149
5416371
2982624
1292788
2535273
5374565
1913826
5619831
3762345
4225757
2125436
2726459
2254001
5449409
4528309
5566218
4830304
1113268
2786166
1043097
3256453
4514056
1637277
1086314
1374006
3767056
1307659
1487403
2727948
2414027
4762572
5163315
5216677
6020642
2097721
4429729
2317538
4163627
5018601
5920083
2685055
5168733
3639868
2082951
3587318
4061858
3790436
5962660
1962098
1447506
3742771
1930006
3480590
5103130
5316268
5014636
2460283
3985245
4109463
4480591
4190559
5799045
3162658
5053749
2851374
4973743
3929279
2030190
5775178
2914391
3339628
4525126
4076835
4768938
6019548
2188857
2168495
1927187
2263134
3557008
5785243
5385745
1187427
3045030
3881564
2896653
3202477
4068720
3399985
4634793
5533197
3622482
1369718
2867542
3872218
5955799
5576889
4678067
4900486
4020455
4907009
5839050
5786737
4540770
5181381
2647494
1704065
3638527
2501107
1577667
2680313
4170678
3154061
5253141
5613623
4580351
1163300
3719652
4517694
4839927
3784236
1045444
5352983
3647570
5443313
3242061
2226662
4331787
1668587
2897724
2428210
3467170
1416079
3302058
5934016
5203707
3377680
4913970
3329105
4413225
2548168
4427544
2734543
5045196
2531011
4473677
2923955
5783506
1397742
2492906
5005177
4694299
1411939
5029466
3470223
4343062
2379622
1507980
5928176
2199402
2340975
3540422
2159517
3015591
3741726
2688856
2196491
5483658
4413703
4528589
5789586
1010046
3505315
2682447
5797398
1037005
2344744
3213704
2871210
1501390
4551528
4763093
2384493
5613047
1533116
4739759
5745248
1645399
5562292
5369529
5121771
2338334
4381337
1589484
4882974
5648297
3249706
1422470
5984519
2440055
4452284
4061010
4331626
1293234
4944086
2394092
3944705
3648298
3720580
5021013
5549899
4215133
3659305
4036515
1933216
2131550
3559400
3208482
5600296
4183869
3854083
5142271
2448958
1969533
5034618
5685279
4194410
1732382
5848233
1737926
3086477
1226397
1144957
3899778
2292220
1339875
1418967
2461414
2281744
5733203
2437552
4037376
1663038
2223440
1859898
2103677
1731282
5171542
3326389
3336249
6002856
5669591
4170459
4475439
3895233
2387547
5231241
4215875
4507344
2799264
4426496
1671839
3891081
2072252
1112607
2043512
2824987
2495738
3659541
4820872
4646247
1078179
4436674
2873017
2063699
2217361
5367811
2998918
5232337
4442446
3817202
1193484
5938685
4761530
5373532
3676521
5850353
1370423
4156930
3165443
5725685
2384511
1333930
2588720
5698016
5014019
4514418
3921124
2749674
4977850
5769895
5092445
4576805
5776300
4646526
3262308
5352519
1534991
4358121
1107271
1104964
5902385
3472449
5058568
1357847
2467539
3063619
4366943
2621303
1167012
3415615
2896708
5500350
2073033
5878115
2787987
2118582
4545634
2571234
1386372
3468560
2034406
4159590
4276841
4957867
4318724
2666859
5469425
3571609
5906074
3133213
1510720
5066323
2645199
1905300
3197744
1870492
2676984
3012637
3106624
1456814
5727970
1503458
4896409
4990483
4497175
1049531
2655187
2997251
1664475
2975527
5512223
4917439
2719347
2475025
1539213
3794001
2679251
4181170
4711048
2106234
5659827
2714788
3511358
5800982
1289003
4172768
2975052
3570473
2239772
5664246
3740745
2503481
1890789
1984547
4362904
1073442
5236275
4298972
3588743
5476295
3058685
1469899
4274788
4134637
4570601
1794735
2677342
4397416
5999977
5472014
1820516
2096416
5213281
2203849
4994327
2136599
3259770
4188535
2824794
1548258
5568065
3301796
3536500
4613314
3178574
2964795
2408757
5654097
1155162
5392353
5967623
3452436
1289147
1442975
2395885
5745899
5939912
2585066
1038728
2638026
3092272
5338275
3871719
2925330
5928705
1555056
3157284
2353589
4107806
2877756
1626211
5595876
2035140
5564460
1917347
3126976
2098832
3300972
3504395
2310510
1695471
4795168
5907247
5387455
5350761
4662265
4995115
4875961
4946358
1529010
3357907
2183494
1899185
1140332
4507094
5016835
5128790
5549625
5949857
5539534
1332737
5049733
5086008
5088614
1416650
2004113
2114244
3839600
2238004
3808038
4232664
2623708
4917488
2112811
1334771
3218392
4384954
4197745
4491841
3829486
2032209
4692026
1529211
2798254
3463168
5846849
2787868
3590316
4500285
2399520
2583565
2615354
3483413
4380036
4568495
2326444
5649896
1784929
4041949
4318418
1548724
3154258
3714317
4441000
5887589
3449717
1722224
2859037
5943739
3898126
3012247
3084261
1569348
5588541
2421569
3792624
5182550
4228018
1646079
5104110
1935728
2582894
5391348
3390213
2433294
5621484
4189667
5113078
1623253
2063973
4736327
1354680
2965068
4405403
5856779
5757708
2398666
2200909
2599701
4115717
1898831
5955825
2790983
5054102
2914493
3339108
1815287
1674067
2906294
4240740
3736797
2520087
5602200
1135583
1263833
4572204
4594765
5020672
1965367
5692163
4137278
1002271
1090344
3977677
4686564
2732636
1097231
1315143
4366494
2963893
3461209
4512447
5426401
1632699
4575206
3559493
4153766
5935493
1522762
2371927
4842353
3268920
1118996
5274709
5867943
2541487
2926869
4738940
5978886
2300935
1088658
2478133
4895015
2352577
5922945
3191147
1679189
3249475
5446166
4190571
1766980
2497050
4879929
1112275
3543499
2875136
3121520
4014167
1123774
4263823
2953321
4813039
4410196
1366280
2640559
4504069
1145347
1497360
3913182
4571826
1652757
5631179
3897646
2492046
2315267
4966773
4568787
1880949
2071084
5305110
2239201
3793749
2838342
5675983
1527783
5721439
4224039
4113156
2901656
1115776
5899721
2522268
4220570
1587099
5585116
3107113
1212034
5654083
3033917
3626940
3561999
1736921
1786289
4998329
5517330
4867972
5356348
3483499
3051940
1360764
3376401
2921808
2376649
1097694
6014236
2689903
1890929
3885572
2520078
5196717
1671145
5654541
4618898
4495584
2352872
4864584
3188924
2292513
5021809
4747566
4119084
5957435
5815777
4499187
2541612
1970456
5490036
1018319
2725278
2338307
1694045
1618218
3431277
2482979
5955450
3148242
3881343
2178747
3577123
2041817
2168024
5034567
3707644
4982562
5004275
2332070
3480277
4683997
1341085
1333667
1701451
6006289
1151604
1548619
3923167
4371824
3680546
5164300
4201103
1800016
4563779
1005785
2757594
5576395
2858437
3770581
2174749
3583028
4550715
2360721
4320105
1248626
1550180
4862769
2118063
3571302
1708560
5451993
2180075
5799800
4678789
3325739
1835753
5993036
5393997
3617760
3629864
4901388
4050287
5272610
5040714
3689702
1914546
3602849
3826511
5355806
1355341
3211773
3745361
1045668
5727351
2049200
2071606
1588345
4527656
1309821
1217355
3926263
4029885
4972646
3299912
4366255
3250062
2286779
3526805
2164549
1075482
2623773
5618889
3636449
1685209
3621981
1166930
3298715
2486655
5539161
3790376
5455402
4261608
3896590
3741912
4197579
5657215
6003969
1509715
4554754
1741634
5967187
2426091
2422349
3723786
3082496
5708531
3455480
5994387
2466829
5652783
1092032
2630910
1973410
3492845
3748614
5209624
1733122
1806423
1840006
3871625
2077474
3616532
4062777
1515774
1621023
1623348
3988359
5730194
3664403
2618670
3030721
1019011
5928901
3907283
5891117
2053302
4047914
2006005
4895659
4286303
4909611
5675552
4629387
3720558
1369057
4712879
3377347
3637926
2460781
1077144
3425822
1693924
2373933
3059291
3738165
3352414
2476083
5215818
4062372
4339539
1203712
4886092
2927434
4715282
1882517
5232965
4654220
3333102
3518228
4502457
5148355
4320159
4866184
1173042
2260065
3175472
2387017
1676982
5667434
1791723
1998663
5809547
2033403
1840884
2208153
3857692
3818758
1686379
3418766
4629967
5527156
2081220
3505687
2774106
2975838
2075177
1854019
5189727
5272044
4923029
4249205
1481662
4158385
4688364
1841117
1695099
4118973
1008005
3423021
3483372
5315718
2036803
4594631
4128117
2007238
4922089
5354079
5128236
5377500
5103607
5752801
3716770
4915358
4261524
3735539
4526442
4848402
5096850
2091913
1334694
4134618
5123021
3346116
4827036
4605113
1514912
5415772
4264962
3563685
4092398
5327524
4756253
2323396
3999946
3424366
2711331
3932063
4482744
1596892
4667710
3232730
4252256
2132796
4561169
5364059
1995421
4308867
1463930
1403035
1414264
4471751
3785573
3952517
1864628
2837876
4911523
5163953
4689938
4253101
2626680
4596454
5715800
3018928
5180478
2801695
5910212
2916325
1519864
4639620
2075320
5687364
4737552
1217830
2425973
4303558
1432899
3924899
4093376
2538178
2393184
5630421
3195380
1281075
3967553
3934836
4682473
4581485
3712480
1938918
2024312
4507545
2308179
1719939
4778617
3674943
4965475
2089673
1166710
3369229
1813448
4269972
1782527
2070896
5532323
5088448
3745490
1426185
5501585
1461691
1985819
4161049
2364224
1016563
2348807
5514336
3139225
5010932
2479552
5425387
3831447
2749209
3729750
5070219
2293323
5665622
5414937
5512053
4425941
3744714
4294548
5815241
5121279
3802139
2547113
3329078
3507816
4497167
1260012
1776327
1947523
1016519
4527353
3360879
4090098
3776557
1655673
2413045
3170803
4097073
5253465
4467899
1394827
4117212
4548826
2132040
3949385
3171994
5789822
2432951
4286814
3539104
4165689
5825635
2657470
5998620
5048645
3881267
3940492
1175969
2690616
3962066
2231171
3117444
5309899
5381590
1745967
2549169
5689443
3752794
3007628
1383745
4820433
2711104
4668490
1608590
3113172
1687956
5242257
3665859
5527206
1910058
1056925
4899388
1732195
5126951
5667567
3327598
2560841
1608829
5366552
4803572
1008360
4804440
4594849
3872808
4335805
5591497
2745815
4213335
2719973
2444991
3550990
1884749
5589002
4254502
1371482
1397420
3508966
1806596
3871260
3800556
2336094
1300122
5291694
4962307
2304746
3738596
5303402
4126730
5215250
1259501
2134303
3794700
1402239
3032876
3989208
1308115
1467496
5709313
5721269
3713836
1934398
3994056
5792375
2390083
3127982
4800259
2917755
1219344
4149712
4610260
2242710
3874374
3571817
4556515
4993205
2350073
5610885
3861458
3111202
5322058
4648288
5334415
5639186
2855655
1954694
2071334
1423673
4267426
4854711
1079976
5595601
4247062
1296167
1116235
4422992
5840539
5602601
2039692
5747688
5931453
4561033
5869001
2242011
2273362
3353148
3326445
1906633
2854914
4466128
5295127
5182929
3979602
5150817
5561339
3233170
2672147
1396768
1239036
1454612
4324426
2496887
3850325
5437245
2387182
1980380
4725121
2112032
4749797
5436896
4767131
4273681
1478331
5473254
4482799
1821825
2441171
4007373
1733360
4142060
3645839
4907553
4762806
5068725
5415690
5178881
4538344
2880166
2394575
5123286
4506281
3479040
2099829
3299971
3191752
3185815
3486988
5704742
2941607
1186284
3235031
2367605
4886148
2338068
1286991
3437704
3658079
2536004
4321162
5140496
5201709
4738201
1148331
5165862
2621999
4420630
5796360
3155863
2963170
2599800
5277666
2323899
3135653
5024705
1221931
4160338
4709781
4975915
1160497
5345100
4568423
4695529
4968605
4861247
2741761
2309830
5366804
3866803
1120238
5539896
4787307
5749919
1164691
2658960
4569334
5222984
4957385
3319381
4162803
5353943
3800538
4279386
4053484
3168711
5472831
1198948
4354624
4819142
2247924
5945537
1463320
4012073
3800640
3278519
3483714
5274676
1985347
2709168
3711362
5372379
3597173
4878623
2823514
2947710
4991257
3059672
4286958
3665215
4574342
2841718
2709635
3805912
2823985
5615553
1007408
4025151
5194112
4537267
2606138
4813749
2352486
4317686
2666095
5131885
3233800
5146913
4380966
5301918
2043736
5144313
5274846
2506060
5577023
4111169
5078428
3078781
4562617
3793124
5396916
2394014
5293935
2216074
1003964
5813200
1074143
3207178
5548399
4204566
3761678
5321002
4235070
5639939
5700273
1929804
3665917
2110936
2302280
3413341
2095772
2360296
2189443
3810948
6011641
1853174
1860605
2831339
5361302
5813845
5566187
5100318
1969151
1219073
1240303
3481805
5024597
5459172
2452288
4452107
5450221
5925403
1243313
5359034
5953859
2852440
1373646
2797821
1861864
2662237
1109084
5896573
3327108
3335702
2916039
3496700
1983383
4924011
1486080
2607219
2610290
4614336
1136668
2594898
1465849
4545891
2288796
2929942
4826360
1456417
4381763
5832308
1712942
5062061
5558892
5094960
3314254
2871162
1050402
1371209
1547367
5622637
4223366
4327157
4980623
4868797
1846508
4986855
2500472
2601947
5375512
3397813
1825428
3669184
1939012
3173287
1348801
2711007
4583988
4792790
4019971
3069908
3003754
4881953
2109764
5097304
5231808
1313928
1065279
1272325
2720706
3083759
1115781
2563851
5912564
3697294
1620829
1242248
1833660
4784150
1675365
4902659
4432067
5440806
2374924
2154293
4147698
3021436
4392117
2792610
3359605
2929460
1170260
1607166
2759916
4866678
1899278
2169900
2737657
4900013
3544127
4316315
3531505
3496498
1035760
1227680
4112133
3201673
4586296
2688767
4953986
1898300
2294784
4283861
2522958
3573166
2008954
5865319
2999556
2339024
1189026
5189338
5852548
5374774
2708928
3947365
4588715
5103149
2596401
1751153
2635728
4217643
5254117
5993457
4482222
1776897
4454721
3830905
5105558
5110603
2464110
1995052
1452006
1543805
4683702
4531459
4172605
2172714
4157561
4000776
3464445
2988236
5072955
5275293
1039896
4295928
3578095
3524696
3022860
4536857
6018598
3178525
4504734
2858343
3595178
4507027
1502550
5930809
4167729
2658862
1787750
3807380
5833640
4019636
5572127
2992505
1551417
4574987
2895098
4301865
2327238
4242860
4432013
3606503
1250174
5674670
5009039
1887825
4139485
1809399
2987005
1742313
5132810
1702750
4909368
2863840
2977174
2653293
4106260
5223279
4242539
3089739
4743789
3549148
5984997
5802706
2178786
3396786
3456077
3475970
1648322
4058664
4965593
3492699
1793128
2325597
1568543
3939214
3295967
2348778
2474276
2127674
2125472
2006574
4449912
5269950
3650776
1339209
3568899
5397233
3191198
3988009
1960787
5582224
4996703
2094498
2946976
4337318
5497414
1500779
1727978
4854822
5219690
2642922
3062630
4956901
1121022
3867766
2668145
3588253
4271660
2042456
2042369
4048602
2018682
5000478
4461626
2819187
4031250
1551378
3834391
2128480
3703557
3834771
5026766
3018500
2004352
2721233
4267815
5028326
2631313
4677167
5548507
2077461
3059624
5942315
1122348
1368320
3557545
3685377
3665770
3528536
2184859
4875040
3687154
1630882
3982728
5615402
4660521
2709373
2427536
4156024
4466004
3440089
3388961
1835535
1083313
2203064
2701778
3140107
5862696
3048303
1058511
5539911
1951883
4296903
1587717
1423694
5790234
2543369
4558789
2553358
4764919
1491913
3879505
1250487
1172335
4742480
5195210
5316163
6008661
2622034
2685011
2581943
4364940
2061464
5547854
6009491
2187024
2736834
4156927
5017065
1575240
4968358
2537875
3425748
2207041
4667949
5357293
2137736
1714216
4563277
4784553
3550169
1293032
2030786
3378708
4261354
2373780
4678075
3135696
3300853
1605849
1897710
3003431
2649669
5345563
3246648
3935916
1750600
3257271
1525397
3274975
4547475
1544133
1870357
4459570
5282479
4123613
3975069
4104797
3724596
3786539
1542722
1080806
4315118
3599370
5945644
5588048
1254127
1523537
5981787
5720832
2200731
2541590
3349560
3487387
1267142
1857092
5289705
2015948
2231164
3507148
2685024
4110524
1168003
3879533
5687274
5062343
2952037
3921452
4886197
2508906
3490542
4247442
4166971
2162329
4776011
2835018
3858962
4839529
2939155
4269422
3173104
4182967
1680954
5225451
3404086
3222975
2776045
1585247
2740302
4857786
5831741
4586500
1095778
4578509
3271506
3634724
3901083
2669258
1341202
5497007
1185522
4301888
2031033
2000168
1139323
4170603
3147935
5848513
4015456
2143205
3505486
2417147
2635035
5786294
3998732
5601868
1996459
3193883
5718607
3765012
5687468
4145081
3601906
2608591
3916870
1359851
4389061
3373087
2875773
2705158
3573984
1664309
3539287
2436742
3410131
3576265
4368527
1050949
1594590
2417466
1186295
5310645
4874066
1795763
2543764
2459007
1948229
4486529
1940783
5554922
1870780
3964900
1139153
5471479
5074227
1295422
5463871
2625854
4996994
4977029
1760453
2049242
3619568
4797730
4451076
3939519
1797079
2294581
5536423
1050680
4667518
1143413
1800497
2790015
2478689
4347898
2346711
4783438
4097344
1342302
5878931
4877255
5586388
2127988
4621077
1563747
4537377
1181915
1908158
4078036
1534481
3635150
2736423
4566878
4353911
4212690
3876993
2617024
4196944
5964382
3431094
1488042
4672258
3602574
2144514
4202482
3101716
5791869
4614827
4443415
5540893
1554228
5984288
5169564
5331879
4329722
2460531
3695801
3272753
4457622
5037045
5298826
5524557
4240051
3568120
1917398
1982687
3309766
4481999
4745960
1520045
3517753
4496185
3974754
4714911
3696118
5221214
4160197
1865320
1077016
5869245
3746027
5799889
1628170
1220471
2706615
2909173
1483040
3213864
3501426
4926986
6016756
3826378
5078935
2227365
1222288
5193460
4410594
5373670
5959107
1536215
1062853
3644199
5453110
4742401
2925207
4357978
4744247
5588699
3753129
4584956
2570799
4212878
5943064
5222485
4135731
4059224
2028742
1036114
4083383
4122688
5343459
4950166
4873683
3687616
5987790
5912365
4704391
4667828
2967745
2185999
3379530
1956831
3621204
1930567
4400819
2989671
3224721
4875455
5876373
4046798
2647763
4420037
4617756
4540352
3846518
5921977
3847907
1057838
3439071
1937812
2582640
4454458
3856971
1258414
1695013
5867035
1421326
1872158
4361483
3541993
1458270
4396020
3354592
4430837
3947061
2252316
4192077
4998965
4665999
4191596
1678939
4461423
3937241
1743642
2555809
2433319
5784183
4048360
4746741
2368258
4295668
3320609
3767634
5840756
2507538
3240233
2112635
2127248
4095395
5999260
3604434
3909001
4820067
5009205
4424477
2050940
2887087
3826216
5517195
4692970
1709887
4862908
3976210
3657848
2122247
3571893
5634999
5107252
2267942
2298706
1655764
5715775
2193736
4791103
1453874
1199337
4695097
5803471
2873564
5494751
4442142
5091930
3823732
3806793
3464840
5321643
1641186
5743814
2030814
2945181
5965226
1515116
1868129
2274273
5763602
4911385
3533069
3863454
5873569
1058673
1044892
4436595
1039313
1340084
1788091
2616788
4293484
2541698
3320515
4948448
1304046
1789358
4746729
5497893
1281610
1618355
4031948
1318566
4501978
4809253
1052241
4922533
3016786
1648759
5498712
4941838
3331734
5898276
4713683
5786409
5069397
2658983
3678130
3904422
3197636
3030336
4982347
3569239
3954220
1537624
3235569
1990012
3537890
4783493
2046909
5470995
3226936
3760732
3190121
3066161
2005839
4928032
4732139
3823081
1207546
1189351
5095522
1262667
5710324
1851788
4912146
2317952
2518232
4954723
1266464
2106315
3389495
1353295
5873126
1839742
2781827
4307500
2040844
4253436
2116283
5649972
5803044
1246042
2286344
2506601
3312035
4584753
3356769
3600828
2949551
4107190
2229880
3256321
1607803
3257220
4899709
5191766
2605300
1116861
4598376
3848283
1285657
4037460
1628357
4126361
5616906
3350144
3857942
2585206
2110552
1646230
1857794
4622845
4276698
2210673
1865484
2728280
3769523
4015216
2954684
3534319
5846135
3122051
1417287
3942208
2618532
4528500
2095711
2873267
1381437
3263976
1885049
3382489
2413912
5765188
1561288
3993475
1054730
5353209
4496291
1634801
5468275
2533838
1465383
1320093
3702049
2562848
2938034
1439307
5486043
1464555
4912873
1560662
3362571
4926210
1931008
2973503
2699673
5664744
5764652
6019062
4129906
1438106
2679510
1610772
5214298
3881547
2125273
4404088
5581919
2092081
5239796
3331595
4246638
4939587
3852822
1165690
1539598
2422276
2462798
4124865
5067084
2883825
1213629
4394483
5187107
3321539
5401015
4734914
4321767
2168982
5966347
4243500
1694137
2255931
5626145
4009504
5219598
4219815
5170967
5279544
1476965
4473273
2758417
2050957
2415249
1605467
1846254
2002156
2464372
3562726
5046116
1318920
3881760
3193228
2971766
5354175
1887551
4581404
2054605
3376499
3416311
2251932
5994583
2584039
3357475
3550830
5165049
1564402
2418706
3421913
5189662
5878619
1701595
4519124
1791332
4603162
1200220
4790128
5246671
1210554
2342046
2502129
3992290
1705948
4805781
4135702
4147519
2451437
2035179
3075736
2683589
1464597
2768006
5194120
3974769
2788596
1988874
2439651
2190120
2613466
4015223
2837828
3139819
3110917
4372031
1574132
4139783
2070142
2457769
4002303
3842063
2550268
5110725
2874815
4490065
3924801
1025477
1074192
3132128
3358880
2247375
4773233
3204168
4264848
2862254
4131209
5305187
1335191
5442248
4053097
5768045
3232903
2825049
4092217
5580461
4693777
1296925
4575686
3996939
5079141
2210843
4360446
5574966
5458129
4322865
3044715
5700643
3457709
5843826
2213590
5890111
5713606
1325101
5949653
2257684
3325187
5245419
2429014
3196569
1640072
3593359
4617420
4668342
2647147
3636010
1600246
2493478
2829392
5749047
5453122
1819560
2597386
5611535
4894532
2098734
2372685
4755944
4632162
3731963
2211047
5207011
5737112
5702964
5348666
5020450
3892474
3061800
2692289
4790231
3159895
3778817
2285050
5917084
1800770
1877306
2368760
3990446
3979695
5822337
5349690
2839624
3738347
1594955
5687060
2125639
1843279
4881140
4724388
3595668
3691829
4522205
4274743
3973284
3059357
1916556
1888615
3282952
3475717
2891102
3337817
4194804
3754581
5261219
1188500
5815020
2054138
2250448
4788351
5066959
5884756
1964575
4014522
1779615
4227780
4334313
1062837
2306170
5654305
4397386
4129186
3533337
5091143
4458974
5381214
3089059
4980169
5742038
4560354
1380351
5143732
2319239
5770492
2793372
1752231
1819926
3021900
1267161
2939233
2677840
4318663
5004760
4534913
3742705
1569542
3102299
2767949
1962103
5345552
5622816
4821025
1130184
1524107
2200620
2052361
3385653
4212275
1913473
3407184
5315180
2390787
2005627
5521794
3640811
4617032
2937843
3320235
4672709
1091770
1879661
5208730
3494112
2910439
1787241
5999693
1146209
1895608
5432152
4524469
5490139
2310942
1809066
3306159
3707982
5039968
3251059
5097112
3632883
4000813
4353138
3647791
3969340
3498429
1464892
2605653
3464434
5197664
4882409
4511859
2693688
1260458
1157885
1832428
4297343
1971640
3945401
5499299
1437148
1620757
4520194
1300542
1561138
1121209
4466176
2116494
2296387
2634305
3171632
4296481
1620768
1507085
4005954
3675701
4042338
2977125
3285659
1680014
5110610
4421714
1433015
3879619
5654722
1232335
3593097
2435986
4329192
2391638
3181382
1574167
4749810
3970501
5619476
2733715
4647496
3212440
3371213
4288743
3193860
5816434
3752910
4690156
5359246
4471727
4428735
1351478
5679652
4730426
4851606
1129166
1602230
4108660
4848881
4404653
5675277
2278476
2731070
1910603
2679606
1884816
3796364
4606764
2055925
5736944
3957254
6001926
5930228
1732577
5552005
3596014
5799118
2626791
3182917
4911494
1386574
4822478
5830117
3170772
1926890
2214530
4050104
1410863
1013676
3987653
4581564
2131179
1710856
2953429
1737560
4284757
5022282
1559633
2709929
1844106
2372043
4060225
4763940
1205396
2392191
5302068
2578049
2185310
5760841
5507329
2151612
2330880
1837236
4428703
1656849
3377791
2102537
1645795
2162260
2728462
3061379
3746955
4070041
5488784
1985217
4132777
2163983
4661388
4553798
2910170
1972540
3787740
2459129
4633653
1105308
4091910
5600270
3430014
3799403
1018411
4234864
4235257
5895430
2558192
2540286
3871656
5222619
4025803
2809068
5109710
4776966
5822625
2232324
1768873
1729101
5460750
1997784
2936482
5192852
4949359
3161021
3837404
5372551
2694087
2434977
2346760
4378997
4928824
5080568
5770905
5482974
3055163
1998388
3978382
3821710
4704597
4437425
1664191
4256774
1740184
5430516
4996009
1993057
1106267
3629833
5277608
4336572
1075035
4131617
4454517
4333331
3832483
5738311
2285670
3976379
5779531
5564737
1141741
3728506
5166328
1776669
1611973
3631535
4937183
4541085
3211629
5844578
3219425
3794514
4609102
1532467
3729981
5804879
1836474
2939685
5047581
4800532
2595555
1436226
1355362
1319088
3187681
3956956
5274968
2442355
5572280
4819214
3902575
3135043
5292384
3086655
5317415
5259464
3094291
4638159
2696565
3656552
2590904
5272075
4535589
1986069
2001404
5518503
1072232
1989653
5111226
3476835
4985316
1060550
2886615
1653091
2394286
4662837
2000471
2916419
5820967
5070622
1182271
5770861
2713724
3364553
1451261
5184017
5629970
2654145
3712714
5406007
4264824
2986440
3057658
3639389
2919950
4362687
3188605
1614073
4970301
4760763
4906815
1327297
4662015
3937851
4606630
3591836
3093870
3197964
4980561
5007346
5598162
4787363
4260424
3495636
1525005
5328893
4008455
2767703
4707835
3323106
5983477
4980059
5703857
1906265
2389988
5433343
3865717
4369160
5055275
1538004
4489265
4900366
3780525
2808699
1721110
5736967
4061914
1873537
3341356
5554567
2242114
1776904
4951735
3468786
5544901
3115652
3952739
2673344
4851762
2437924
4746677
3247925
1801705
2878989
4001302
1751203
3982719
2825326
3607141
1813956
3708802
4425044
3267378
2559307
1916561
5313861
3438207
1043585
4558168
5948549
4142680
4082970
1953881
2834554
1719752
3942381
1715765
5836950
2730535
1758180
3756733
3070578
4370799
1703514
5032873
1580523
5567819
4905176
2726032
2610742
3925450
4706715
3158384
4151932
1838110
2427615
2034104
2714237
1403353
1235065
5445471
3501355
1223776
2434283
5018177
2848028
3729241
2947994
1351590
5522791
4631944
4630942
1005956
5596992
2863419
4093900
1035074
2172204
1844537
5021315
2318734
1170396
5499388
3800064
3084242
1836798
3317670
2637497
4181825
4467069
2951767
5555837
4207452
5001938
5191794
5046032
2901353
2461045
4654879
2411949
2972626
3987205
3613457
5021700
3506652
5064703
4409810
5683531
4366297
4630704
1581732
1578816
1125027
2219180
2761056
1037695
5062755
3980786
1582387
4303476
2601582
5712930
2504102
3914695
3176223
3123211
4506970
5529163
3119469
2530957
2847442
3946816
2290299
1877846
4346767
4074162
1191897
5961615
5485047
3982329
3098036
2901466
5893216
2268245
1907774
5502653
5784794
4484433
5808018
2498927
4468071
1656517
1542242
5240022
5188648
4138839
5890445
1049133
3050412
2401330
5102322
1341018
2799325
4870607
4684028
2933229
2833516
4812052
4869041
4452913
3231256
3553989
4211344
5968965
5165590
5231098
3097419
5444287
2016381
5756166
3147155
5115387
3120373
5630465
5685322
3031393
2501400
2758085
3572630
5210431
5796640
5501359
3715612
4182070
5108068
3073751
5383310
1858484
2584954
4459881
4245398
5863443
1351214
2597274
1157243
2151997
1708944
4825425
1552492
2717941
4741752
5469163
5138789
1626965
3996341
2587162
1572015
4045381
3326766
5292527
4941081
2333645
5489272
1741115
3200132
4470401
1418608
3657116
5066893
2033156
4129164
3092734
3622600
3983250
3832677
2158276
5162135
3166646
2941485
1693837
5623492
2110795
2106281
4432855
3769209
4532448
2113086
2923243
4215899
4831624
5085006
2638654
1849907
2590789
1071094
4847662
2987285
4071309
4732009
3370669
3559771
3360043
2049398
4290636
5383107
3062926
3865099
5139270
2859705
2178511
5545047
3126981
1761106
4466303
3709162
2531150
4495341
5097914
3713252
4644085
1417566
2582765
4442552
4894857
4626412
2981705
5342631
4988681
3439589
5129375
2014903
5442584
5166762
2540233
2485430
4369111
1325805
4881276
5868631
5512310
3388546
4403793
5563494
4736219
4456422
4711072
1232004
4840682
3451506
1861095
3117714
2098579
1614612
5258934
1458919
3259938
3405715
4591170
3766751
4048882
1124730
2991446
1726000
1139007
4714156
2400817
1817563
4259682
2039833
3295438
4580498
3997223
2014014
1311023
3040881
2534422
1747951
2199982
3016630
5296347
2659408
2193760
2034732
5411176
1508697
5406414
3921978
2668555
1884183
2694466
1207847
4551896
3931240
2370564
2664987
5167611
4625609
1944344
2750735
5466592
2533104
3231613
3280570
4818120
1052556
5410718
5823534
2235552
5133400
3822653
3256586
4455374
4652348
2743876
2297260
4661979
3875664
3291736
4370582
4579350
3371512
2441531
1907075
1463177
2778394
2868337
3663203
2124332
1779786
2054534
2357442
3344415
1292849
4464671
1953423
3890707
1035453
4422003
3818028
4620934
2796875
4863132
2092028
4901392
1247490
5994107
4317948
3260885
4438893
5621596
2205746
2705132
5186790
4662301
2761280
4612163
5617070
5946992
1656934
5528365
2095891
4220238
2447530
5412508
2989214
4636457
4988854
4671358
1823979
4615077
2438652
4236311
3311631
5359007
3387793
1464536
5521021
1897009
5709030
5272929
4654407
3417529
1285191
1119372
2410652
5493157
1899246
3324085
2620871
4126987
4959742
4371669
5755464
5909762
4537736
3900533
4494553
5608846
2002265
5137455
3770896
2835850
4666135
1445111
4831384
3103176
1651000
5253609
1214366
1774385
2940941
5768964
3649530
3690111
4481354
2139003
2969013
4614815
3816858
1747949
3648558
3615110
2724159
1231076
3947979
2050505
4291725
1915932
3988890
3104114
3208304
4025564
5032005
4110346
3293370
3345697
3959280
3827054
2120365
2486573
5689726
4157169
5420738
4796429
4491435
3301328
3668241
2978931
3553230
1682275
1785736
4629958
5312481
2823577
1604004
5131214
5366818
2863599
5870262
4632780
2018967
3451184
3794789
1061365
2373019
5642775
1049209
2949624
4473455
1982918
2321232
5796623
4959327
1468997
5309858
5493349
5343349
5232329
5722572
1770218
3270874
2306203
5976664
2174021
4167753
2980762
3191734
1211932
1849792
5100120
2853363
2015590
4501463
4054181
5590403
1337306
5037856
1959494
1425965
4134463
3816584
5359090
3034992
2095418
1554140
1424570
4359961
2864351
4900464
3324999
1344471
1512010
4038789
5700251
5185863
2516678
3019824
4052847
5749830
3706262
2688450
2108418
3067918
4439879
5614760
1182969
2473286
1391609
1368769
4854166
2140753
1151567
2327787
3513999
1839447
2669810
2733445
3485192
5297020
4150167
1814091
3907689
5992016
1053330
5547194
2162451
1248791
1079815
3810853
3079936
4315660
2819204
5127542
4066126
1102745
5119905
2757732
1142308
3895857
1516149
2439417
3371314
5370578
2774746
4113528
4274458
2436848
3535053
4689227
3912536
1483381
1733981
2429065
4985732
5761409
1878469
4156200
2097542
3365707
2832983
4274616
3130054
1641482
5348310
2990696
2887638
3260332
1432921
2208933
2950661
2701915
2677823
4446033
1100018
2758335
3726566
3756284
3291711
2219942
3286871
1368863
2873244
3243798
4889396
5239886
5311386
5228433
1128583
1190701
4501445
1565745
1722010
3418513
2855825
3165340
2544083
5158885
1243853
4489911
1707368
1072149
2202123
3056262
3856594
2678347
4336932
2277060
5440181
2413636
5571288
3549749
4412497
1527025
4522751
3829032
1147176
2482835
1266281
3926761
2596945
2094245
1306603
1211391
2077572
3047045
1552611
2643697
1432353
2057557
1280203
2818123
1748264
1560374
6019509
5101767
4798644
2550145
4460074
2411746
5598582
3107273
3356143
4611076
2309475
5409952
4813109
3442987
4838643
5183241
5309035
3933802
1916413
1879473
3869974
3389320
5106422
2781851
4743904
3351814
5157017
2926437
5180082
4174381
3334172
2602369
2249279
2834770
3573182
4991865
3880610
3090560
1103288
2321377
2781739
3669228
3726384
1843145
3304232
5578276
5593827
5658412
1941009
1970145
5527528
1775889
4141300
2756535
5570840
1772106
3220164
3212238
5994417
1370364
5238468
4747007
4772573
4855626
5549087
2370258
3131104
4686437
2713797
2910034
4301303
5285800
5652462
4136251
4121565
5316474
3708389
3537915
1544656
5581426
3081545
2427240
1718082
3457619
3451610
2108314
1086056
1957803
4305968
3932129
4483969
2941995
4852678
2251037
2317122
1233619
1713364
1304776
2396621
1055326
5089973
5239345
2089231
4239624
5960328
1897225
2523151
5164526
5848183
5720656
2081751
4639221
3911799
1716599
4238039
5396940
4019959
5034419
5948235
1175766
2367716
1709343
1638166
3802083
3220209
1916623
2433704
2790659
5901372
1379314
1496423
5391934
4001775
2758673
3925732
4987094
1597719
4507960
3709905
4236706
3549407
4738923
3458698
4148512
2076801
1385029
5048711
1928473
1589699
6021443
4790608
1328873
2485003
3820392
4751902
1345628
1183450
2724921
3426416
3667329
2375587
3300454
3999006
1085521
1862646
1846235
5106804
3993792
1031651
4862479
4080239
3727729
5424282
1796800
3375682
2650874
2338665
2386481
2931167
2988625
4552711
5097451
1873217
3739016
4269870
4489049
1324664
2197691
1027862
4883930
2073981
5741671
4344994
5626018
5024387
4458847
4951722
2297329
3356305
3586572
4570083
5940073
1381628
1570447
3221439
5311371
1660069
5100087
5948368
2826031
3049512
3780355
3292605
4187941
2698392
5071690
1199272
1666837
4495801
2542760
3024564
3909058
4178727
5930872
3046785
3494171
5627054
1863721
2340474
2702205
2644367
3961803
2376335
1816811
5485191
1094676
5903716
5864983
1527711
5375634
2332438
4426724
4187195
2845703
3692931
4072790
5031745
4918705
5990395
5608598
4574172
3085385
2291072
2342329
2517221
2228375
1619179
4598917
3893598
2289754
5489415
2848912
2899003
3104495
3691576
3594223
5492103
2642356
5513923
5087937
4595653
3023830
2271984
3661083
1152562
5323253
1372928
5924212
2948212
2589968
3746375
3841119
1122866
1792607
4040822
1021092
5223223
3583492
1975013
2145017
1256693
2000026
4537453
2065324
1729942
2433126
1904849
2140820
2389091
5675647
5680646
3982826
2482634
4865278
3070266
2151478
5604236
3175307
3896997
3723152
5403134
5779880
1165755
2489191
3643642
2848302
3949531
2486838
4759045
3599069
4445461
3427928
3557528
3763106
1985807
2474937
4480319
2015723
4419776
2592837
1809686
3817712
3878474
4835751
1829699
6014813
5794282
4286892
4937946
1838827
5282982
4198444
3938035
4092495
5051720
2706216
5343543
4179007
5915943
5788456
5309112
3257868
1283083
5847966
1728876
2150558
2240743
3571331
2754599
5071437
2432927
3155293
1058764
1893801
3988570
6001018
3192538
2224029
4265299
2178391
3980944
1595208
5598549
5208641
2650439
5105092
2348973
2466446
5112221
5668834
5260947
4781936
3852258
1854090
1448665
4172454
3882818
1683615
5479281
4669636
2736347
4370118
2921383
1465103
1504533
4064544
3144269
4807974
3745463
6018089
2409283
4507862
2356965
4432937
3410543
3717235
1639322
1150187
2311850
3902857
3801271
1747484
5272486
2111510
2133778
1411734
4906538
1859578
4194612
1685105
5158156
2261534
5981949
2700598
4731749
2094058
5239820
1224535
5206432
4913433
1445374
5277673
5963088
3713234
3724359
5543060
1618945
2095173
2164697
2492396
2738693
5536778
2239314
3202758
3330518
5342064
3102711
2306780
4191746
5913524
2849490
4121219
4242308
1809117
4287689
4371184
4699526
1331700
1716727
3828981
3756004
1907013
3445917
2746338
1380836
4305201
5812249
3620190
4652270
4270880
1305726
4373274
5865569
3257629
1282938
2575542
1003368
5561343
5420433
1492076
3360006
1787851
1842923
1138271
4243556
3640836
4020031
2872747
1458360
5160735
3709817
4165198
3573846
2746445
1769290
5210274
1343575
5510568
1867346
5841173
3834163
5722474
3952542
1116566
3094549
3119030
4094054
4245529
3407883
4147125
1583149
5111453
1055214
3626607
3746399
2232187
4752581
2778207
4680694
5460285
3043228
2004040
5143964
1000226
5762883
5306155
3319167
3224059
5097466
4077727
3741889
4422693
5886256
5086768
2617423
4632701
3685724
1152632
2471425
2455865
3881496
1237855
4442909
5750152
5425572
3927403
2891099
3576620
5555491
1775672
3761725
1315083
5889870
4534901
2857027
1389971
2436824
4217376
2562131
1137364
3686143
3107961
2424306
5387273
5019639
3038244
4853556
6003111
4657905
4829007
2943939
1240666
4841467
5552059
1378892
2620448
3720317
3348306
4728959
5452985
2717366
5481742
4049635
2349199
1233056
5416807
4599596
1551926
5192097
3038485
3030631
5542180
1676754
1773095
2978984
3837797
1211967
2921721
3081399
3411149
4069940
3935724
2624001
5180292
3131648
1444237
5735650
1243066
1951382
4075140
2618111
3208046
2281636
5191220
4264207
3857650
1452618
2491432
3263262
5114497
3676327
5672309
2238511
4977442
4826218
2448202
5362536
5099195
2606698
4685793
2718294
5985762
2409584
2011921
3407058
3286208
2414581
1758390
4421103
2587477
1582062
5269579
3529115
3843969
2563894
4212470
1178448
1288138
3932488
1995825
2323844
3855790
3976118
5317790
3052620
1049523
5476387
4622562
2816185
1859796
1818173
2456679
2135525
4492339
4097100
4317659
4127968
3139139
3086414
3109444
1797639
3285605
1567606
4199394
5347758
5869382
3439679
1845693
3470442
3092003
5458732
1305162
3599078
5865424
3343230
4923145
4915100
2073990
5953503
5251735
5950934
4374438
3538389
4871703
5298734
5923184
4972937
1718435
4395548
1942065
2630544
4114799
2411150
1898298
1886132
5377169
3483458
2000067
4313101
5477826
2149326
1665393
3449394
1281195
3073935
3505738
5798428
2913371
5103634
3719598
3960506
4265923
5639813
3337697
5608470
4177359
5310968
5115231
4870690
1729230
4235107
1088746
1273732
4540898
4541284
4767405
4414107
1704840
3179405
3437578
2158962
1719617
3306329
3733156
3037519
1503743
3165492
2615806
5686064
3033282
1393512
4447915
2216891
1503882
2034573
1056614
2311694
3002199
2432890
3431206
5383461
5367848
5614772
4682502
2842550
3703341
2846557
2229370
4281994
2579329
1068954
2706181
4663557
4177055
5965042
5927964
3789181
1724379
6024714
5810971
2779324
3167265
1448591
2264048
4747368
2532325
1042718
4569621
4513324
3526989
5023518
2953093
5386203
4820970
1083410
5438820
2527725
3143066
2949893
5430625
2291256
5598287
2780560
2095392
5511515
5737661
2659531
1685385
1414670
3118078
3020716
2933695
2014501
3482471
1532593
5653223
4973071
1895310
2672813
4971101
4958593
5268948
4897780
2042070
1979095
2229329
1384665
2457440
1429467
2186383
4541548
5331831
2200837
4596292
5018908
4268880
4073478
3526158
4658892
2739265
4212339
1178249
3264343
5209800
2244579
2521920
4828205
1372589
4462922
5982773
5467221
4332751
3972709
4327738
4040485
5208325
5910259
5919071
3540534
1274936
3487786
3457462
1298555
2575086
5236891
2289359
4732553
4574802
2692703
2258010
4890484
2046784
5691933
3264258
4779702
1310454
5916287
5211272
4026106
3419269
3782754
3626797
4356025
1870959
2707625
3878901
2115293
4102123
1567643
2853409
4472431
5164039
5362843
4344256
2731295
4626691
1677640
3350113
2090833
3894372
4679103
3943416
1914741
1412981
3002535
3496001
5339682
2050846
5968147
4113358
5416479
5241933
5461148
3990332
2151507
2179267
5950623
4311991
2590824
5341745
2354783
4676551
2749502
2567798
5408937
4687197
5904379
2802283
5141150
1775624
4177951
4950000
4954082
1170010
5884669
1499534
1809507
3363975
5846538
2246179
1001518
3895558
1941495
2546316
5073579
5492750
5097385
4261202
1925441
1679380
3627445
5630203
2180742
3709800
2806496
4103432
4510138
5344092
5713363
4199860
5962530
1094835
1534766
4972168
4051836
1700097
1355557
2383675
1442901
5013161
3380449
1799098
5678474
4976283
1161666
2389494
3555683
5277284
4496222
2759042
2363376
3110925
4427374
1239626
5435575
1756896
1062664
3183011
5626932
4500086
1250784
4073243
1304198
1905749
1936986
1340175
3809786
2879293
5965711
3603001
5915813
2558908
5544231
4810215
5885213
3536110
1518009
2428291
3829228
3653887
1997277
4917549
1469430
3134499
2545466
5342684
2694745
3344010
1442712
1931924
4986075
2357295
4373371
1226178
1527437
2561692
1112520
1699522
3904239
2444212
3460754
2368388
4648332
1967302
2131622
5712644
5265146
4716975
2392103
3788711
3240580
2741330
1319014
1409141
5742173
4144801
1790325
5360318
5918592
1721765
1694713
3041035
1727910
4110004
5344264
5764377
2791522
1928353
1747915
2266278
3825345
5491415
1938543
2799544
3230244
3897514
4011149
5476391
3042882
1955191
2184956
5782324
5403509
5613631
1555275
4034951
5674109
2888952
1251753
4399515
1382972
2958084
2130660
4511040
3186463
1345652
5551531
2003211
3739900
2904670
4008031
2979786
5795999
1265920
5041840
2763977
3121299
2425261
2090455
2438772
5259738
5427562
3497030
3194374
2506386
1412593
2308941
5917871
4155280
5673058
3260804
2265272
2234039
5090676
2363688
5716953
2895397
4584208
3914830
3355797
5099349
2847560
5514103
5773097
3998063
1900523
4588160
3618870
2020220
2166108
5361316
2474116
4866032
5557959
4989190
1483390
4558349
3838924
2237672
5618515
4644310
3213334
1962237
3177656
5920009
2324688
1730519
4928669
3417845
4930720
1033558
5643183
3701505
4677639
4393318
3216725
3288163
3416743
4566748
2794783
2659318
3489077
1377488
3378567
1420183
3722194
2637113
4502009
3425854
4028790
1370289
4232545
3390984
5060840
1318971
1960778
4253381
3442407
2186976
1457781
3849435
2325310
1982635
1955348
3994772
4184750
3765324
4306658
4141629
5885280
3405271
1860795
4071952
1802153
3441423
4632137
1801888
5333016
2621814
5533773
3363041
5105233
5791275
4778813
5722004
5280714
2419184
1262626
1061267
2491525
2621877
5168369
5622727
3616452
1599565
4733307
4802586
4592295
5820378
2243409
2838338
2494129
4179368
2924222
5925664
4195101
4907927
2429558
5635788
4617405
5176441
2353098
3436235
2862340
4176739
3313671
2558024
2605317
2432735
3260795
4579280
5251819
1514443
2283663
3806234
5376289
4840442
3468682
2372641
2231595
2679639
3980041
4054821
4668317
4316929
4815878
3380939
3312858
1396581
2327083
4290920
4297149
5900128
3131450
4784188
2553491
4577203
4358791
2305689
4877415
2476529
4211960
3178616
2962751
3589506
3334160
5905373
3820056
2185980
5360763
6016550
1807475
4496368
1091665
3563696
1954759
4337617
5939034
1723686
3403093
4877516
1152495
4589331
1030376
1672203
1529248
5654710
3968124
3248793
4502114
3508994
5806227
1650687
1255468
2722644
3938318
5434593
4802418
4521359
1861688
5127458
5997783
1333644
3947115
2554527
4974392
3302179
5356285
1404381
2937119
1398307
1005068
5173841
4498824
1011104
5570428
4519662
4456612
5923872
5852438
2921444
5530741
1275522
1264781
3959108
4282172
1672775
2421208
2841692
2104867
3343068
1898361
2221793
3032217
3031575
3547257
5104525
1575346
5407650
1113597
4973154
5749882
2632244
2944472
2340608
5052971
2316927
1007010
5016213
3449281
2087768
2428185
2387916
2740905
3546069
4629461
3197609
4583642
1154198
5030320
1125344
2346846
3169041
5282440
4658354
3098121
1976166
5505796
4576266
1254115
3768030
2282456
4800857
5232776
5044054
2694035
1575926
1075584
3577654
3526230
2499411
1724856
4068128
5370956
3907752
4044015
4871537
3713860
5503799
2116906
4848139
1322481
5277980
5804662
3048145
3343993
5288275
4282393
3340976
1797227
1201015
3863924
4115447
2044383
2314941
2223703
5777736
2982582
5263072
4372068
2063359
2050835
5629904
5367382
3435329
4542443
1425579
4439463
3962731
3912980
4226352
3363850
5353494
1626362
2270157
4159955
3986299
3324257
4749365
1988034
3569138
5907580
2626386
5477466
3187194
4223774
2426656
5819466
4919115
3992099
5456656
2024217
2390048
5603040
4868056
5134778
1629317
5855212
5580037
3578215
1148414
5189065
3898294
4784484
5206882
5729312
5558673
2881177
3723901
1184435
5626980
4809866
5682138
5039902
4813637
4714936
1571663
3248761
3431972
3282623
2405178
5584395
2131044
1870947
3203452
5028659
2171867
3115995
5127631
5127882
1398993
5872359
3981668
2257270
4635437
2174434
5357553
2603628
4935032
5118903
4863650
2944938
1763611
4255527
5434657
5140923
1734115
4764668
5707919
4293242
2819695
4360399
4618436
3897123
4367627
2714873
4407800
1265235
4950127
5427423
2428933
4325727
4574212
2867593
1497241
4946633
5947190
1218875
2335356
4113487
1629264
4699991
5957478
2944871
2297473
4048262
2678518
5795303
3573108
5813927
1134199
1055125
1072690
5544850
3083417
2379131
5000581
4196999
1173854
2022533
5080186
4350786
3684521
3087833
1848654
4091259
2090095
4221867
2427999
2839933
4568699
1629604
2799991
5627950
5923290
4764499
5913705
4396360
3303990
4600441
2089391
4513285
5431406
4202719
4921174
2997002
5539620
5866176
5214604
1872665
3107805
5082999
3940611
4460213
4612999
5364623
3867618
3071975
2519202
4255331
1355943
5140093
6008943
1711234
4683841
4058605
3554988
1625106
2616945
2845769
3335193
3593011
5237361
3815949
2515129
1625398
2268032
3968148
1763842
4085083
5998435
2629740
3653166
1255596
4561311
4435852
3678878
1924099
4308531
4662896
3010437
1545492
3376262
6017313
5572194
2842669
2072774
5274835
3507109
3576422
1444849
4862658
5825207
5291892
2994754
3262281
1920692
2214076
1560802
5481058
1074256
3775468
3324814
1914483
2102585
3663800
4757828
1520549
4692941
2552992
2030705
3283506
2675245
2987851
4293845
3265238
3685854
5524689
5613907
1101047
2611902
5295760
1744497
2298827
4651988
4602109
3966311
3227013
2008452
5605162
1141199
3959854
5062940
1958757
5693878
1711026
2568964
2877032
5698199
2766657
4938807
2968500
2510714
3763457
2259779
2021664
2927922
3269298
4142177
3508097
2287195
5854750
4898181
5330928
1575425
3987629
2945425
5917282
2370512
4985357
1821609
6024397
5041271
4163107
5558597
4392301
1279691
5137376
4037409
3724680
2945456
4394859
4535086
3764926
1768059
1634430
5989219
1728613
2867714
3186338
3629569
5453432
5824701
1438613
3251808
2906175
3229667
3882117
2290598
3285375
3532221
3527920
3633623
2481647
3580392
1944620
5322263
3319886
2363167
5458439
5354503
3971027
1658532
3237198
4931792
1437794
2406532
4990546
1606148
2253935
2575397
1762220
1187813
2782801
2886509
5164286
2944961
4139520
3841062
3589433
4710392
2687134
2078028
3044782
2979474
2820188
1378322
5185553
2426763
3900968
2692364
2073372
2392990
4158451
2166115
2056865
1668606
5188170
5449961
3081049
3576612
2121613
1085824
5233686
2384932
1296621
1218617
3445864
4612400
5421586
4436531
5947733
3517282
1555979
3145195
4979544
3071284
4381159
3394659
2485362
4811037
5967907
1951067
2017063
1288030
3419450
1540679
4991850
4175062
3087363
5776434
3461022
1099954
4374958
2330540
2051083
2426353
3181228
1934949
1004647
4520127
3377048
4320813
3080050
2931639
1216541
5655370
2242347
4039458
4045737
4871881
2670821
2454510
5201652
4914969
1930342
5163941
4118225
3169461
5547299
3898023
1350544
5474896
4067713
1442456
1179518
3601087
5553603
3224981
1733976
3419998
5177895
5913877
3494906
4129087
2702172
5682410
5081947
2364617
4649337
2583032
2373203
2852188
2692518
4304793
3747700
4319555
3271330
3488701
3013947
5842911
2484188
4585004
1384833
4612216
4258275
4913327
5670703
5562008
1915560
2442397
2651883
1111552
3283836
1609656
3205628
1862245
2878390
2763568
2170036
5370144
3487425
2167077
4390195
2127353
2012324
2072219
2155466
2132989
4540591
5842671
2953748
4924787
1466857
4614538
2395410
1822888
4160039
3891933
5624885
2258482
3907801
4084017
5785288
5346812
2752750
5367013
2550400
2101183
2882393
4029911
1138532
2117493
2523755
2122183
5066269
1391648
1794083
2490944
4501910
3994891
1478465
4992137
5660694
3084632
4189632
3995312
2380269
5596832
5536165
4069783
1425003
2416284
5318237
5216199
5258593
1022982
5897126
2799259
3274705
4237710
5712009
1279809
2646673
1585935
5356383
3839260
1382936
4327756
2457359
2166258
5196855
4512281
2034141
4964630
1500454
5714482
5623817
1310853
5402377
5261327
2374853
1451632
3553796
4670124
2977612
5946579
4624656
2465374
4742706
3178241
5599183
5339231
6020318
2852876
2789546
2218819
5363803
4847088
2351002
3391177
2089682
2668694
1299916
3725248
1719531
1667789
1798168
1571213
4152893
3556219
5167799
2376771
4762257
3912085
3201786
5633261
5049583
1834659
5257584
1458556
5276396
1720257
2648919
5206631
1038584
4170824
3575513
5014076
5541543
5849672
1311718
2509156
4769778
3968407
1780737
4487253
5160036
5399621
4474046
1144607
3260924
4129105
2860796
1064175
4014448
2769465
1444500
2782087
4330520
2602682
4948294
5054219
5027194
1621956
2428384
4542780
2580699
1545076
3118283
5250547
2169974
1472883
2462877
5042927
5300203
2216377
4725440
1507438
2569212
4781590
2315437
1002857
3643473
4660315
1063880
5153484
2109627
4757994
4642460
1248722
5559130
1215388
5817957
1096164
5525316
3164992
1869580
1795642
3098982
2124936
3460177
5100689
2962356
3187496
3320076
3811031
5929533
3808017
2039230
2416474
3903744
5582745
1979737
4050450
5416431
1260561
3089593
1783696
4826788
1407386
3989167
2665731
1935625
2784278
5875660
3770671
4510117
1583365
5289456
3603044
2804655
3197655
1093743
2617644
1299822
4677095
1706363
1208001
2796540
1146329
3505654
1676386
2711488
3362709
5302023
2976635
1605020
3540960
1500870
5734027
4338517
4930536
4550895
4117532
2437027
2495521
4511307
2711551
5346497
1373592
5757088
3030311
3070737
5495853
1373883
3404169
1088915
1797871
5539094
5547061
4179323
4418332
3880099
2724255
4815365
2220726
3560917
4037753
4999094
5751945
5175067
1964670
3751347
1662597
4054085
3357743
3701709
3686908
3702125
2650357
1126376
5260609
4227450
4214333
3856515
1458146
2027569
4087489
4332155
2749010
5604826
3234313
2487095
3908668
1813079
3399207
4304420
2587076
3580244
4922194
5294013
2039614
3337825
1396469
3509942
3560639
2848203
2325181
5593777
1970181
4928330
3734566
2557629
5615754
4345707
5246082
3253189
5499025
5072716
2685585
3654657
5881279
3303525
1420092
4330418
5681810
2349455
1831778
1782302
5182872
3343328
4253974
3478518
1462381
5414996
1036457
5916465
4504186
4096382
4846663
1497815
5869281
1903995
3921298
1445300
4240896
3612871
1980288
4358364
5177766
1224328
2825837
2663131
6016290
5296541
2521170
1511360
4289646
1818244
4844316
1618928
2668747
3174960
1178587
2026063
4483954
2206595
2742688
4344930
4016743
2595712
1741891
2967430
5823671
1213558
1079623
1215441
2494034
4417854
2293726
3774724
5399864
6001630
3658376
4810770
2342776
5002168
1618187
1225821
2532481
1716172
4166732
3308800
4991682
1262416
3803961
1937068
1697490
6009911
3058264
2752348
2255166
4019141
1624258
5172568
3552188
4474164
2651897
1593406
4289228
2747496
4603052
3325525
1257176
2636624
3886851
2826886
2768247
1183488
3125400
5547042
2121150
4070070
1014086
1863631
1240877
2029788
1653661
2693381
5999272
3404574
4719366
4015134
1583520
2803519
4043185
5779557
2817483
2682550
4218195
4218543
5226185
3104754
4448428
1521116
4549605
3422384
1613450
2580504
5270189
1601539
4806530
4271920
4838040
3569911
5932853
5981769
4007420
5282667
3691117
5871325
3954286
5533749
3283013
4994102
2886145
3789128
5935096
3391791
1822279
3676080
3831941
1976891
6020022
5418858
5024980
1981956
5824340
5740840
2144855
3444367
3260862
1952319
3023309
1247077
5831057
1230415
2397045
3533010
2849259
2022663
5172248
5522881
2696420
4408474
5376320
6011172
3887787
2527543
3734998
4785105
4038228
4026982
1368787
1073163
3964436
5929854
1375507
1398273
5027628
5900425
1468686
1911598
4134526
2563593
3874317
2660769
4729599
1167714
2221140
2260670
6009659
5726829
5917859
5639353
3707529
5803678
1818194
1438518
3384976
3363651
3946685
3482234
4972263
1823547
4263526
4906005
3035799
1382519
2312045
2634072
3444702
3943188
4049646
2385432
4125229
4798754
5648482
3730062
1315504
2403143
1656963
5541824
2954866
3578345
5219748
3980843
4964279
5548896
3353361
2935966
5512759
5425391
3464604
1192650
2502986
5082152
1066458
1866906
4746424
3219814
3801991
4216636
5420075
4703011
2179586
3656870
4523713
1504634
4651880
5998605
5896683
2735547
2723132
3264748
4874757
4130192
1188894
1675571
2098595
1593153
5798006
1006888
3478468
3556102
3984395
4452257
1991857
2082710
4769787
2557884
3291194
2112646
5096378
5337779
1712334
1537660
1007906
5230944
1512656
5789017
2731004
3187258
1906948
5197605
3613165
4806566
4173003
1353284
1668925
5614586
2988540
3032626
1808502
5992942
1644092
3950150
4588604
2597217
2351859
2171992
3406841
1226218
2843178
4978838
3096619
3952945
2168834
4397097
3148293
2576751
3218586
5203950
4736447
4004542
2927476
2490967
2348305
5944957
3883579
3185631
4316281
3266832
5469295
2436809
1454664
3946356
3799189
5623874
5579336
2373893
4514280
4404730
1567381
4002119
1113417
1282621
4225422
1334608
4508127
3393246
5849874
5188893
1538085
1251345
4809765
5214884
4834556
4878827
4821822
5777940
5240260
5265383
4741801
1617600
5531821
3826694
4373518
2133613
2268610
1384643
3171011
5644433
1479160
3083511
5703884
4796736
1814466
4311212
2342977
1372103
3177451
3791387
3364225
5273525
1850572
2442714
2628595
5426668
5295676
2104362
4891734
2150922
4746328
1460799
1970806
5709189
1371078
1531112
1912605
4455629
1192167
1859411
4360633
2273010
2250785
5182179
4483558
4282653
1013089
4199168
1731199
5554580
4952895
2084950
1239852
3832859
1200618
4461632
2320937
4610858
4093554
2335452
2184554
1111189
3474636
4299449
3890638
3146496
5808279
4145316
4493400
5766992
1126729
1507651
1632876
4636293
1143976
3120044
3255080
3847047
4975121
2286576
4070548
3931649
3563662
5851357
1398606
1169659
5304493
5408263
4432290
2133735
3370195
2363569
3871046
3218017
1980955
1852921
2611652
4588286
1845297
2238041
2758720
4901496
4642057
2150696
3114044
1813249
2757379
2065963
5002970
3516825
1497714
1169955
1499896
1773132
3524575
4114986
5659952
1891404
1695592
1344678
1482289
2757817
2098494
3821828
3211212
5783394
1332472
5331599
2539550
3076949
1889586
5841275
1289430
3491088
4929229
3769046
4727041
4967645
3166962
2568713
5735199
4337482
4699155
3547037
4391388
2988600
2450099
1942903
2646474
3901852
1663485
1960024
5646150
3050872
2025752
3141071
3609275
2951340
3349152
5132418
5907407
5413050
2809753
4252468
4757242
1877173
5789923
5142197
2331028
3038619
3603550
1582322
2119766
4316228
5414373
3757318
3018808
1977361
3975164
5844483
4069957
3044558
3093534
3789877
5272080
4021284
4055928
1295731
2684350
2609626
5804021
3244320
1944671
2142323
5284752
5801283
3243346
5983222
3205108
2564470
1935502
5537866
2117456
5157462
1190492
3232197
3506267
1518305
3113802
4587312
4102486
2657418
5080046
5487267
4222458
1691765
4321477
2402554
1766958
3579769
3437334
1086496
4570613
1417655
4208036
5795134
2578545
3872517
2599959
2362200
4893184
5996730
3957368
6005931
1447872
3051127
1544921
2514734
4063382
4643225
2614989
4840839
5472823
3734971
2471456
5714337
3596361
1721237
1945497
1500100
5526691
1084838
5124099
2265921
1910157
1145192
4439696
5685705
2737499
4858278
5549752
1265573
4057149
4191217
4235041
1322730
4900067
1972813
4202260
5298502
1285714
1215571
3786962
5268612
2463598
1594924
2574037
3115634
1544198
2774225
5938653
2631731
2181115
4779972
1354710
3766374
5481635
2520568
5989080
2156933
4411883
2042583
2635297
2102055
3517294
3300239
1568970
2894322
4841894
4239889
2022226
5073661
4710931
5596523
4397121
4867380
1390370
3744444
4304498
5033464
4166527
2723650
3678166
4918354
1982725
3692984
3383130
1966569
2029695
3977460
2880607
5844639
5776526
3743453
5893806
2910655
1589951
5165156
5745921
4916785
4290316
5148480
5218759
1296424
2096024
3173368
3186148
4279834
1134535
5419612
4950182
3031823
5608891
3044021
3811376
1820449
5130389
2665051
1326630
5133223
5215073
1994728
2504970
5405112
1946378
3220091
3400224
3771345
2451979
2098801
3087328
3228956
1766967
5198724
4316263
1922697
3475486
2427980
3920517
2907582
2262350
4603889
2442934
1397290
3383607
4989489
2024562
5472374
5486618
1313270
3394768
2022173
4283439
4510288
5860388
1435860
3080463
1304362
2778929
5796135
4422781
1506745
5152448
4600810
5308862
3504856
4406068
1480750
3400112
3024571
1107160
1866069
4130055
2723307
5405337
5131027
3620673
3494482
4561750
1765497
5239812
5791025
1327557
1642426
1990324
4748096
3393964
3290102
3317831
5131142
2971575
5512231
4724803
1255791
1289353
5907558
5257992
4821485
1094093
2634787
3474439
3342165
4453505
1541935
3437718
5484649
2591275
2692537
2260183
2505984
6005645
5594017
1039795
2658552
5177155
5532384
5785870
3123875
4329791
4315421
5341600
5343207
4915853
4236355
2198040
1332718
3442629
1024719
1649709
5407762
2273584
2683241
1054978
5851825
2170495
1914621
3385077
3523351
1788752
4532737
5555142
3838659
4405277
3312318
5826586
3908815
3641089
5802033
1820914
3221594
4087666
1550381
2096722
1664500
3673436
1408987
5407390
1694825
1632261
2834993
4051521
2700984
3762376
5598254
5350811
2228250
4777122
4983057
5982247
5623278
4271527
4061054
5668150
3282668
5843790
3033436
1685914
5924298
5666404
1606481
5937121
1272730
2182779
5819035
5429912
4724748
2420768
3125053
4659923
4005317
3836884
3598174
3293689
3659312
2804235
1236955
5208567
2805412
4790509
5008933
5070405
2147593
1721882
4158120
4536751
3212703
3142304
1027955
5464370
4752326
1189131
5956789
1734404
3512760
4252312
3326567
3584206
1581800
3594850
6019085
1605907
2212427
1942751
2944886
5043334
4694810
3715768
1209866
2354663
1895771
1390466
1101033
4883347
4506872
3616356
5299326
1743482
5763500
2267677
4225142
5453204
4972929
1220447
2277386
1763170
2054633
4721472
3211816
2302470
1091871
4871949
3100575
1989895
5414123
3942554
1613861
3217581
4795565
3010979
1207215
3093332
3132145
4279658
3187505
4147380
4454178
3406983
4606850
4652241
1408749
3240342
5956067
4936130
4819422
3483122
4259369
3572400
6014054
2878718
4768917
2510684
4715546
2590276
4496137
3664221
2998179
3902840
5875697
1422182
1771575
1600439
1114658
3240662
4491698
3908383
3211969
2234428
2650732
5798092
5868765
4610297
2402510
5708776
5895105
3828623
1890539
5072265
4139453
2423499
4060908
1361976
2673422
2143978
4022825
1838146
3792185
1978479
1663089
2775473
4554495
2421796
4929444
5591643
3171386
3555582
1638453
3515283
3895637
5774651
4731361
2217969
4033536
5444920
5645663
5794483
3431156
4307146
3540804
2859303
3911019
5316627
2551012
1806165
1770444
3649185
3859401
3211006
5272412
2750150
4556477
1289091
2969678
3153827
4782213
4268638
4984826
3413396
4828148
2703222
3667943
2602967
2948751
5084830
5154877
4350053
3190819
5203209
5188141
4138764
1554102
2651001
4734120
2357303
5191374
2957565
4869932
4210935
4206984
4707559
2994055
5793689
5433916
3847928
2140938
3848003
4037215
3168783
2774769
5269010
1129000
3031155
1702616
4619274
1786274
4515121
4196085
2902098
1222265
4466053
1591613
5403597
1381923
2679126
2412708
5510906
4386925
3832448
5455416
1594487
1101976
4424287
4187897
2786520
1247575
3768552
1280799
2468535
3858565
4450921
5978294
2887693
1502281
5372799
5402201
3166742
2850981
5480045
4069267
3437762
2564108
4121897
4477265
6009896
1101827
1989065
2268996
4395096
3474104
1968608
4081961
1691012
4964839
2004938
2119823
2999952
2625127
4580080
1762544
2974396
4277281
1849360
5723760
5686499
3124554
5871342
5412971
2762206
1917703
1859554
3791764
4809086
5821538
1163481
1784793
5469493
3616338
2671602
5267979
5528275
3318570
3921014
3823269
2022968
5125797
2497991
5998358
4627292
3098274
1103156
1987608
4886575
1873819
2355699
1297971
1271165
2657089
4243894
3949022
1346177
2962264
3623552
4772947
2821120
4877745
4800749
2458954
3248327
3813542
5963463
1972427
2230440
1872101
1006511
1516887
5874689
3915935
2611213
1920113
3982297
4962251
1520090
1807602
5026197
3610594
5693115
2315453
5209874
4806395
1863919
3082822
5751928
5685839
3500786
3017211
3395345
1908328
3950632
3888111
4740114
2089295
4883495
5033382
1751104
1919767
4415542
3089851
4847782
3429633
3857352
3779476
2489894
2309187
4548466
4849390
3297036
3362093
5066104
2313077
4257380
3609441
2942082
4252165
5787203
4736521
3977101
1476341
5271363
5309003
3830340
1315819
1217882
5041205
1522307
2391105
5267392
1680148
5996766
3851125
2842351
4471021
5716252
5346614
4847300
5805301
3046917
5039182
5085580
4203161
2085912
3674914
5321587
5479140
2423360
2257750
2415307
1461717
1036828
5394672
2443514
3872047
3312236
2205192
3985506
5302591
5314454
3730369
5438307
5700753
5357699
3536593
1083100
5739789
2061290
4574751
1887582
1203474
2947613
3802881
1731167
1264304
1630990
1347383
1752322
4399477
4140005
4340857
4282727
1760564
3049166
1652818
3695449
5357479
4714221
1035797
2958282
5789496
3125145
2343686
4310020
2825716
1152994
3591985
3302351
2025689
3473702
5789760
3977864
5620127
4946731
1075078
2847798
5461233
5481308
2529927
2978017
3299153
2799879
1597385
2145267
1110338
2439062
4691057
4424566
1234684
2607026
3584193
2177028
2816594
2018152
3556506
5079874
3678339
5355673
5791760
1779524
4596301
4329881
3803847
4274033
2180184
2860199
2595980
3411979
1203666
5996452
1532401
3103747
4192434
1898434
2367066
2144140
5578349
5956855
4508017
2429526
5609967
3098333
4998776
4254164
3259230
5336592
4217345
3078906
1712820
1031555
1950222
2218097
1793346
5660442
3520150
1817983
5279604
1557047
2452358
4787002
5299633
5055676
5811738
5550632
5605104
3076256
4726297
3357706
3807983
5832809
1445575
1556121
4262406
5819801
4859271
1875963
2269458
4640118
1341346
2288554
3272208
4617433
2010915
5766171
1556735
4074235
2679974
3344752
1641826
2965101
1867231
4744233
1891127
3301993
4191529
3859538
1076477
3245790
3920413
2418324
5839715
3168173
3962590
1795171
5436779
2615335
3014563
2053817
1588057
2067968
5144590
2998904
1749817
4171797
1561740
3439934
2603306
4866420
2313043
3481016
2909902
1121035
3299063
5114569
2594381
1409395
1108529
1021653
5371712
4966148
2382741
2342370
4924055
1052033
5395219
2231494
1116104
3837878
1638520
1273477
2581337
5085766
3935571
4630040
2636697
4837001
1019364
3734034
2511580
2956487
4206931
1779694
1330477
2948160
2562366
5581110
2295023
2121819
3137308
5983624
4466560
3529462
4600299
1623146
2188183
5698345
5415093
4761222
2583904
5047795
5907946
5379818
5481883
3169733
1640529
3681673
5432705
4563534
5070116
1987400
1800352
5847139
2435767
5079775
5053124
5917688
1969916
3873761
1830891
3390437
4501653
4556527
1212701
4852761
5712225
4672916
2284047
2597915
5585565
4170099
1044666
2911252
5403310
4179384
4539516
5653759
5636445
5438448
3889775
5117431
4998689
1076414
3301546
5534883
4224220
1258959
2853762
5516138
2295692
3104699
5850813
5415663
5149953
4699969
3817608
4443523
2398560
3715403
5053823
5139623
5015131
5199442
2387663
2262093
5304322
3500877
3116217
5212990
5900630
5244976
1041405
4560438
5556352
3043075
2197179
2817352
4642448
1815713
4674680
2962407
4517705
3214899
4499285
5944923
1074890
1322393
5789127
3493002
4259489
1108192
1273052
4679561
3722854
4513907
1726074
3428734
4017289
4308078
5909352
3931145
2843444
1146427
3299780
1498584
1016723
2374125
3893711
5263504
3326532
3150358
5791607
2927868
2278802
4941141
5696841
1255807
5097415
1355353
1036596
1602031
2610405
1410562
2409617
5123840
1488957
4499397
3093015
1840868
1421380
4714375
3888599
4176593
3797657
5346199
5054506
1434636
5688685
5749218
2960902
1124361
3726465
1042251
5330229
3224444
5826038
5373445
1666686
2513639
3642214
1921843
4305089
1941632
2817864
4788330
5109011
1293102
5265907
5060978
5687402
4383067
2767036
4612456
5289425
3951473
4996192
2139451
1084421
1053099
5539955
5063524
3110956
2983935
1132804
2946467
2647568
3953897
1443520
5860878
1477630
1879950
1673629
5550553
1309913
4980033
4460628
1735217
4127244
3669373
4374572
4248889
1689525
5408897
4714344
4359101
4991231
3765270
1093241
1530192
3231177
5598137
1305007
5325852
4145141
4828696
5387989
5065337
2744037
2529217
3138833
2130697
4947953
3048322
1649017
1663512
2223828
3273479
2205457
3355470
3967386
4535204
2202824
1162414
3681387
3960725
1072711
3866000
4985153
2109284
1233418
4931827
3110587
5776109
3120140
2347513
2649184
2100750
4098166
2559535
2345228
1819821
4963083
4676933
3457772
2507348
1315333
5732857
1589675
1966282
2227663
1510387
1881776
4255007
3004387
4474502
3097317
4766686
3357517
2099265
4953933
4321368
1513612
2707776
4858515
5331715
5121295
3616715
2329063
1209241
1425329
4637348
1608612
5790610
3559029
4451246
3223690
3925701
1897121
2862185
4263197
1281588
1072038
5693201
5850531
2600950
5419885
3663316
4563829
4936512
2042560
5244894
5508229
2755779
2222328
2876027
3693037
2523061
3824948
5975389
2120462
3221825
6000762
5848407
1521276
1036601
4437926
4436943
2382688
4064662
2795769
3051979
3660854
2751091
1809478
4725518
5203965
1074828
3029618
1689241
2656618
3746997
2764587
4641937
3113922
2071158
1682505
4765730
1016027
3045138
5779906
3467893
4861653
4542594
5065473
1374155
5125392
3817967
4791270
5651138
4680176
2346108
3068023
3003908
4343511
1972318
1409007
1359963
3936440
5763882
5804197
4015303
3826489
4200843
3170350
5003830
5408464
3326662
3894706
1486738
4417017
2302968
1106854
2234708
3659613
2831979
3616014
4289809
4503175
1638663
1857212
4050672
1210833
2005029
4123011
2204709
5179871
4551206
3582895
2354275
4334174
2303733
3489109
1009032
5116383
2861190
2430475
2041986
5865016
5623527
4858636
5892275
4993868
4581267
4249708
3216669
1102408
4168447
2033015
1545196
5170387
1720682
4728414
4413735
2039319
2571327
3160808
3287609
1658575
1535633
1452685
2870260
2181984
2898008
2369712
4481608
5843906
3478036
4767102
3803554
5542251
2819355
2926388
1244104
1078962
2699387
1994992
5953692
1290440
4422531
5585742
3939375
3838100
2212370
1538295
3936585
3549978
4518683
3478529
3982674
5442625
3903660
3654593
1571628
3430501
3060939
4627698
3053304
2153843
4444424
5082029
4705640
4801491
4377783
3913314
4148846
1911194
1155566
2376806
1312433
3980524
1067200
3681865
1729345
3091270
4805198
3739334
2410598
5914150
2034384
2017488
5511019
5427680
5644276
5501973
5652244
5418003
4641622
4193406
1198731
1433955
5948222
2506585
3826666
2401420
2849476
4050959
1097303
3455098
3775048
5127714
1869696
1716361
2436080
3842551
2490814
3904161
2995642
4620602
5526184
5500968
5833191
5336228
3168404
3706556
2199333
1609022
1924883
2966354
4968534
4663656
5213308
1748111
5306338
4943025
4628377
1246418
2742898
1480657
1719362
3713067
3978157
2917418
4537025
2323010
4881687
4094826
3137013
3819558
3268357
1793474
5422250
4866550
2704117
1387143
1367662
1110580
1314709
5253758
5072066
1538152
1040076
1665773
1725219
1795159
3420606
4525785
2293920
2506915
1411914
4390179
2381550
3526961
2997282
3973085
1406894
1947427
1552800
2160279
2248339
2837121
5443138
1263917
2570573
5121489
5531354
2240426
3284629
5357364
3486159
2402132
2379635
2288820
5767630
2183069
3980771
4438624
5192746
3250608
2099936
3938133
3079507
2833674
5716872
3735860
5357495
4341818
3634182
5404596
1670282
5720408
4789187
1601970
2554655
2001280
3916117
3141372
4757261
1184837
5779337
2639467
5168705
3583291
5944173
3220992
5687114
1337878
5892878
2813627
3116852
4349706
3721671
2714229
2035276
5538844
3412686
5733971
4394546
3076675
1063745
3916326
5660771
2256359
5166363
3822685
3595309
1081561
5103038
1050440
2230626
4188334
3788724
5611031
5001328
4039616
2408214
1495835
2312076
3839466
2888033
4228391
3576698
1136695
4568735
3197920
2177007
1578264
1256091
2231449
2186191
3989095
2278172
1303688
3896563
5221243
1513066
1505188
2046094
5823862
1993737
5827172
5290208
3349216
2199703
5005807
2116248
5491304
4141065
3490517
3158566
2433785
1147821
4269671
2635010
5311011
2213487
4745896
2171255
4958815
5407215
3478881
4064868
5264720
5436243
1286233
5905080
1399699
5489385
4047813
1625680
4874960
3149925
2949076
1195706
4276292
3582696
3551092
4005136
4788985
2641973
5096029
2383495
1654411
5765312
4823661
1927047
3903141
1724726
2043314
1319155
1800785
4630606
5230892
1013533
3186501
1518807
5954776
1546506
5345972
5631420
1619058
1668847
3003791
2544371
2270742
5765585
1364254
2303759
1477821
3588480
4357136
1172958
4765428
5435014
4583707
4409979
3872467
1317821
1934680
1405119
1507107
5257329
2717883
1957115
2892230
2917598
3466411
2139473
1933493
3453644
1557706
3275005
2420189
1536833
4471629
1169015
4450147
3284050
5422138
2248995
4848200
5203600
3079659
5113674
5844606
5407665
4946862
3142707
4373915
5822801
1296956
5982490
4924585
1347765
2288319
5578001
3341109
4565195
1031958
1409278
3575109
5136732
1525426
3748095
4203358
3044300
4010067
3068352
5511203
4567730
3101924
5259700
4048788
3829420
3208396
2288084
1356492
4735028
3858102
2459291
1522621
2195124
4786185
4531067
1333457
4785977
4119230
4662702
2413007
4636495
2827648
2233373
4040377
5624332
4786379
3346351
1505072
2052641
2027448
3241936
2162880
4134751
3039932
3055999
3553925
4691095
3051182
3758348
4038687
5348555
3585688
4525144
1570836
5880753
5582939
2833133
3265529
1978881
3877744
1218209
5557964
4871834
5532357
4058723
3901097
2603232
3163180
2286818
4518291
5172502
2880783
1367696
5939395
2331636
1392062
3342256
2428034
3136301
3893267
1195110
3708220
1868508
3454666
3143454
5156991
5118773
4031818
1745378
2041235
1870732
3362755
4087944
5275791
3532534
2247221
5115666
1982308
3357204
5886504
3139529
1319183
4648435
2111812
3225501
1981424
4266504
3546600
1137667
2533492
5179729
1106968
2273091
4126247
5390387
5140902
3024201
1359561
4279735
2026019
4153155
5421559
5066701
4702084
5113224
1180130
4911516
1093721
5808926
4248611
4127418
4869378
5954906
3194696
2011408
2829755
5260162
6011021
5985900
1274206
4777020
3167936
1354431
3987727
4631176
5111404
2452326
3646602
5113255
4395128
5493789
3429757
3947093
4185220
2947680
3764257
5233292
3828480
1446563
3955094
1142044
5861274
5014090
4836870
2787271
2121667
5871662
5146474
2621649
4713162
5845387
4957763
5707499
2304150
1721873
4160481
3028196
1598135
5664767
5628574
2331235
1994502
2602759
5874523
2338199
3882189
5942263
5054486
2259221
5521978
2556404
2222180
1914334
3480049
3449918
4546982
3134907
3675323
1717321
1829769
2001690
1268676
4500360
3930796
2468753
2164443
4626308
4345046
5091060
4375792
3511094
1856166
1960139
4585096
3786622
3002144
2420581
5755742
5262381
4979868
2574070
5460788
3556290
2810419
1037788
1265817
5624015
5797828
4569101
1169082
4014859
4905134
4610003
1787020
5121053
4228070
4749108
2429476
3251739
1547410
4358746
3007887
5354424
4799448
1201545
4548844
3070251
4375401
4866669
3258217
3263668
1726835
5695298
5671054
4683818
1855026
4251124
2968397
4620348
2383735
3344939
2659370
5768316
1520636
1726748
5153242
3571551
3578522
5686894
3637310
1854439
2980692
2563830
1620723
1149662
2928347
3737544
1654273
5857102
4932164
1039911
1629434
1669423
5082240
5373823
4062432
1644445
3928846
4239488
1038329
1018900
4630068
2546153
1626826
2621128
2106872
1191464
3528346
5895906
1836152
4517583
1864887
2053874
2442765
2999480
2890672
1281717
1299042
1855550
1425781
1194651
3813952
2599566
4813434
4632889
4951347
5559968
5341906
2731666
4947471
2050512
5386379
2890316
2460003
4212559
2945310
2812093
3370471
5476511
1468454
5407455
3172155
3170923
1790197
4971805
1476568
1346359
1976854
4072523
5258827
2161204
1262440
5311703
3481057
3802312
1990739
4581810
1873305
2328670
4320341
4499574
2826079
5916817
1653950
3915271
2831074
5135224
1483409
1938824
1257303
4029664
2596788
4721704
2836695
5619575
2681639
3969856
3211685
3285243
1723221
5543261
1811212
5047206
1770012
4375005
2011719
3952480
1944757
3475013
5838655
3673273
2859053
1537045
1081593
5658539
5110539
2686642
1928943
1813180
1872677
3635807
4156320
4094449
4464757
2819952
3360708
1521669
2985093
2858512
2206087
5813658
2689393
3106611
5251238
3589179
4931542
1033749
5775005
1459836
3932203
5726358
5189558
3914033
4687317
4734147
5984313
1226146
5511443
4318755
4482986
2276928
1424083
1565867
2647337
5882045
4021096
3181195
2644030
3060427
5555534
4931237
1840481
1815971
5901348
3088252
2849662
3525612
4043137
2029963
5504948
1660642
2664629
3364402
2759520
2249850
4549454
4020554
2974370
4627367
1568308
3318710
4863455
3732112
3700793
5265324
3273106
3358914
1666478
3947533
5906957
5599065
1877151
4300753
1467676
2512966
3736377
2130357
2221351
1098153
3052647
1582004
5097813
1544272
5485383
3356333
3906932
2977250
5850977
5687305
5881913
1444907
1707527
3353629
5086581
2756692
4238802
4677180
5430054
4762649
2521222
1618383
3442670
1252373
1904020
5407436
3277321
2406857
4960076
2060045
5774865
3979191
2439284
4614229
1176779
3845166
1533691
5502124
2000382
4379763
2359773
2452491
3458288
4693928
5362786
1034252
3648445
2262392
2175288
1928832
3832319
1875934
3919973
3254697
5326427
1931960
5724098
2198472
2590102
4226785
3020948
3640498
3680614
5809957
2576567
2629206
5254659
1328623
4001964
1618064
4526231
3351369
4500005
5501055
4984858
1992644
4673181
4853372
6024866
1819555
1984663
4120817
1456682
2981176
5657898
3423264
2569730
1595621
3027786
1546044
2331141
5031260
5305668
1835643
2430981
5951065
3546661
3959350
2445784
1838657
3672949
5950444
3038598
3985207
3696800
5161297
4228814
4972811
4767228
1566034
1533970
3439668
5833873
5569713
5068646
2479885
1602113
5370847
3859815
3095001
2487016
2178865
2472697
1132686
2266767
1818280
4110806
2720383
1695962
3491884
3336208
4670532
3095219
5951109
1755325
5014302
2514992
4364201
1599433
4785728
1103519
2091572
4157086
4172779
4934609
2253978
4335126
2865025
4463379
5791598
2930552
4147469
1490199
2784007
4728045
4130807
2791144
5480905
3490556
4873998
2465148
1615208
2269919
3275542
5712312
2915928
2552473
1119499
2967482
3083926
2304834
1726916
1647406
4623898
5219173
5959400
3842893
3419137
2330046
5777709
5041419
2317187
3735855
3976683
2947529
1950090
5420985
4384946
4845228
5746905
2044169
3450028
3679877
2341413
3576528
2230371
5802934
4660539
1313668
2537078
2461129
4265984
5162355
2903471
4503390
2263004
3066853
1256965
2012750
5596531
1783802
1928734
3981187
3315080
4993618
3127238
5548590
1559008
4602463
4528383
2285532
1631212
2229105
2558890
4743717
2669392
3497243
3385987
4430250
5790308
4105055
2964837
5288017
3854601
4083191
1040063
3799862
1202586
3311815
2411060
1019626
5160024
5175855
2804660
4136381
3124820
1186705
5629514
2117705
4867367
3973053
3473686
1131056
1931214
2580364
5434432
2460950
5089150
2959834
4064857
4883778
3621542
4747527
4042526
3228643
2050042
5812266
4939352
4472699
2407559
4371717
4870520
1818968
3571515
1961164
4055110
4012519
4972080
4997815
5151168
1993847
3269006
1083534
5955889
5587111
2726588
4273709
5432666
1301109
3651905
4128528
3886945
1391986
5896775
4274851
1332510
4853110
3919791
5575260
3893652
2557773
4406230
3019592
3678571
5442661
2768124
1101499
5949065
3433134
4261673
5296973
2024359
2636414
4577222
3367363
2278212
5405046
4278084
5764201
4048444
1141319
3572913
1686278
4034083
1460443
1552291
1329809
1119525
1826138
3076982
1556518
4021651
3287170
2235936
2728267
1650168
1246878
5758626
3032778
4020993
3217757
3164801
5063493
2675486
3246465
5450716
3799768
3223201
2158678
5276813
2878023
4575125
1826326
1926289
5220868
3429519
5104640
1436512
4391074
3836715
3919613
4934672
5585962
3737109
5938160
2019418
5980854
4973907
1941423
3003626
3871707
1981503
1231439
5136162
1847363
4921633
1092811
5589251
1825749
4041484
2816573
2309657
4616528
1557765
2177331
5949532
4451660
5638446
1841924
2639525
2166365
1461168
4512622
2755156
3785302
4947929
4334862
4029487
2080750
5437953
4166551
1428550
2713306
3122239
4302582
3395900
1861101
3180697
1371776
5265679
1608367
5896655
3244553
4389711
2675168
3013450
3063038
5326171
3868769
5630488
4030247
5860437
4642266
1008270
2629519
4768307
5841437
3930084
4110509
2130439
3974699
4259839
3568046
1407570
1569135
5937495
5980755
2138380
3978761
4634738
3061246
2893791
4011321
1127331
3295682
3379488
1188204
4373769
1136945
3915567
5242901
4348131
2969179
4226411
2039535
5184056
3332602
2877471
5585809
1088479
5637056
3535560
1261356
2587090
5526761
2609484
3137080
3170564
5504454
2356427
3254964
4074660
1179930
3502752
4840821
5419277
5953917
2436506
4937558
4487934
2727664
2515028
2894119
1328808
4482076
4317563
4029206
4568675
1686800
1870775
5967934
4509163
1504437
2359043
4709451
3257840
3965134
2966944
5567188
2901078
5146387
3645096
2845807
1385152
4419540
5613059
3700184
2492674
3744538
3974845
3238426
5606131
4342000
2860448
4300460
3991917
2028700
3124729
1168078
5378579
5692627
4046096
5611961
5198166
3483873
2150749
5951987
5331922
1069357
2267230
2905422
2854734
2448354
1320984
1164603
4384342
5159745
1412270
4770208
6019536
4829905
1454015
2545329
5811550
5019864
2234259
4132684
4872356
5637931
1416785
4259474
2428893
5172010
1742399
1984736
3472728
3423407
3203155
3689491
2408552
1832831
1641255
3011807
2836154
3056086
1448497
5165545
5793449
2158985
5163588
5110228
4687727
2473434
2327192
5044236
5167439
4605503
3670679
4649046
4974957
5183086
1350637
4881252
4787925
2991955
2187106
5214452
3583825
5404011
5912772
3625918
3629925
2833921
5250166
4385313
1619102
3344707
2022709
2694224
5764462
4950056
4353380
5270015
2306443
3473100
5714283
3780324
3433303
3851936
5130910
2147849
1998350
4366473
4130359
4154032
1277745
4922869
3086222
2457626
2355626
2285463
4236098
5025103
5182543
4052989
5807947
4920317
5225022
5993114
3959923
4132873
3106269
1170579
2462958
1796508
5443723
4059078
5749178
3610384
1261039
4231628
3814115
1691372
5888674
1404167
3958223
1362625
1647530
1875952
4387406
3804211
5763383
3340444
2621705
1612946
4713964
4245060
5040383
1904830
2844441
5591871
1171269
1408155
5136323
2998592
1303016
5176182
2405122
5366375
4927411
4387971
4699501
1663392
5146062
3661416
2898837
5481315
5386129
2291908
1248778
1353560
3442092
1168370
4224823
4505971
2670733
1963184
2483548
5513887
1214789
4803821
3106291
3822124
1332227
1728274
5628285
2906578
4272070
2250704
1758762
5263881
4886050
4620743
3589498
3403690
4581130
1675984
2036736
3244613
3659217
3456599
5568708
1841784
2063256
4878296
2535729
3159342
5884622
2440626
4889318
4561538
1471587
5349619
3137001
1915190
3456618
1721706
1287093
5700158
1468909
2260212
2967105
4070630
1886079
5852029
5094380
2082192
2286983
3037174
5104296
4050582
1587459
2597735
4411157
2228344
4671960
4851424
5219151
1928642
4069564
5722892
1460732
3758684
5767694
3128580
1729352
3776272
3621397
1273912
2822360
3349771
5564023
2447825
4680085
3952679
3772577
1434817
5058858
3376426
5772864
4952766
3191120
2167653
2209088
4611477
5575939
4251233
3800372
4563581
2616086
1471448
3897351
2436669
5492122
4324981
4040520
4203590
1891586
1885983
1854222
5293428
4707000
4646220
2399760
2320941
4647869
5377229
2047860
1121914
3486921
1491980
4356783
2497233
3379551
5594676
5225719
3191003
2906436
1154568
2025540
3238146
5051901
3224360
1415189
1804245
1915085
1727575
3695069
3498803
2803740
4979374
2175955
5674298
4781948
1301513
1060486
4621183
1839793
4736550
2231801
3515502
1047000
2141720
4032115
4419010
2068528
1183713
2823308
4525230
4236296
3951523
1914068
2837060
3923871
5643109
4331256
2285749
5608194
4996930
3364440
1535528
1891343
2732045
3633444
3421257
4227933
5755366
1900595
4966884
6004774
5494065
5383456
1901767
5041136
5324441
3049505
1448796
6019461
5534349
3619010
5223181
5882780
5510557
2255108
4686984
5206827
1508196
3449228
3548655
4479284
2112308
1629558
4974306
4004602
5344727
4126481
2777132
5134242
4328871
1195919
4894259
4018065
4217805
2999098
1100932
2774553
5441538
3623138
2005771
1863020
5353826
3294741
1245855
2340682
2360154
5046281
4347650
5902430
1867798
3413091
4581453
3406027
2025745
3653690
2003661
1293013
3696799
2988186
2173349
2121553
1554603
1098450
2504099
4126088
3127386
2483682
5144757
4947809
4343892
4227052
3472494
3340589
1987524
5210915
5839696
5320100
4920823
4525084
1915583
4708960
5262956
5047214
3494531
1066589
5027388
1969306
4549161
3909622
2653613
5107929
1357805
4377709
3817310
2644410
5097858
4557167
5313331
1369208
1607783
3519432
2081481
2589690
2518377
5910782
5144955
2600186
1054476
4660603
4532040
3829811
4685691
3507978
2734872
3565690
5917175
4792209
2499688
2716277
2390238
4314875
5567398
3122138
3393971
4824002
5438805
3881628
5093368
4733692
4106035
2738159
5333614
4871596
2346957
5157314
2771605
2860376
4945599
4116089
2828190
2104260
2322563
2132737
2837675
3839341
5644742
2987945
5034857
3689454
5683921
5392198
2459701
3104289
2758888
5084792
4767116
4622200
2576831
1187236
3137565
2064181
2533947
4903531
1986832
4992222
5669068
4680944
3153241
4852471
1937158
5506888
4884814
5815475
4401003
1602436
4339075
4651540
2437534
5906061
2013459
1497098
4248421
5644855
4180707
3176474
4585712
2063036
3794678
2347954
2505681
3232014
1601654
4167805
5496546
3187226
3502159
3519270
2338352
2705741
1894158
4186784
2834639
1552799
5315677
2919451
3391261
4053225
5613684
3782613
1660353
2751408
1965243
2599254
4811865
3354179
3960420
5985409
2954296
3482123
4343391
1291875
4653219
1436173
5691912
1774449
3403042
4968779
3977796
4089264
4309265
5502325
3894963
2406935
1419025
1041013
3282743
3885425
5347323
2592818
4949097
1140375
2996683
3179872
5826151
4132187
2889918
3216521
3389072
1729522
5760960
3438897
3292804
2582071
3910494
2188946
3734672
3897116
2994242
1706175
3684700
2494672
2590855
1419968
4001905
3247273
2866973
1358067
3761774
3263285
2854186
5394278
5139122
3101332
2971567
2800438
2317005
4301216
5525421
3673503
4555693
1829994
1958723
1189897
3246028
4185879
2672595
2406259
4487945
4827680
5785519
4167859
3681560
3631886
5574150
4855083
4867581
6020272
1897495
1031597
1445183
2379140
4638186
3950601
1882311
4645191
5415803
4606041
2776959
4373225
3050789
1956428
5333729
5633009
3897281
5937553
1528454
2892448
2512915
4795349
4430784
4793924
4484678
6009138
2171642
5568922
1003235
3765169
4704442
5280739
4615840
3324821
1179371
5241609
1738302
1414884
5604164
5001741
5961548
4659437
3817119
2785234
5473141
1529568
3154772
2100517
1474392
4765286
3665871
4751772
4640780
1674565
5870907
1626482
1246127
1641642
1893867
2528002
2692667
2415084
5498786
4264349
4265652
2856498
4305676
5404312
5417372
1798654
4893603
2184282
2484596
4351851
2891774
1814625
5427177
3367328
1095416
5086469
2724353
5062149
2055328
2502076
3838082
5088436
2866097
2839291
3421583
4681538
2021326
1063752
5102279
4628299
4120971
1217556
2700470
3719404
5387126
4072832
3784120
2332877
2331998
2799077
2056839
2426734
4817262
5711727
3450573
4644733
4718990
3248848
1984505
4675790
5856528
2919568
2467985
5719511
2247659
3752868
2711775
3834999
2853859
1595460
5794023
1127655
2967617
1202061
4870724
4717875
5000647
2117268
4988017
3207777
4791668
3612460
4685588
5667580
2505462
3636992
4144867
5289673
4206275
1040316
6021269
4913603
2350082
1027027
1906094
5088864
4527858
2714849
2665193
5536177
1724081
1265611
2707198
1828665
5422647
1738137
1485368
5489164
1689309
1989685
2268382
2952806
1767745
5640319
4674143
3197842
2422394
4495430
4568667
2941350
4278079
1525110
1679030
3089122
1138259
3399471
1883330
2628385
2852658
2397063
4209175
1334295
2793059
3863292
2182716
3184119
4989387
1019966
5232781
3373906
2611547
3489014
2113556
5270027
4929928
3790158
3945033
5325632
3605221
5761643
1806312
2464640
5726671
3639532
1936414
4533537
2911904
3817806
1434959
3839211
5405159
4928872
2741498
4798852
4803560
5402902
5070394
2951007
1447219
4078416
4637684
2781623
2179512
2700093
2402587
5342695
3351268
2347708
5619773
1251859
4170592
3518883
3989411
3652145
5595863
1246025
4288934
3034385
5951895
3109788
1325864
1983064
2403949
4417339
2335637
1797925
3303616
5808354
2309777
4499830
5934381
3632622
2897979
4252863
4872629
4654092
2462216
2411364
4195079
3133404
4766100
2332096
1105756
5010037
5056468
1241851
4237305
2083460
2182030
2697292
4312863
4851376
2594917
1508477
3065513
4414666
1012771
3000825
5733655
1281985
3225197
5954451
3137725
2457863
4290971
4117317
5857669
3640412
4656554
4343524
3384849
3469194
2936147
2853614
4130177
2301478
1834581
4600628
5022503
5520262
1235247
5838672
3773750
5938513
4421640
2416223
5168216
3720922
5224562
5897898
3875214
4576956
5222957
5961759
5483009
3396489
2855162
5542510
2421126
4014483
2937975
2988516
1641939
5632820
1387915
4790070
1351161
3138621
3423428
5329868
1477798
1332167
1534428
1629708
3419465
5054207
2676496
4809952
1278945
3767388
3985099
4704425
4050905
5222891
5705074
1350823
5324108
1255371
2484386
3206114
3312707
2808845
4825630
4794439
3725661
4990650
1611289
4191055
2334981
3216953
1924263
1590093
1650382
3285478
1186877
2744354
2671990
1296886
5064495
4515994
5024583
2923478
4062309
3680847
1917951
2140079
5910325
4941800
5078773
4130908
5354961
5449126
1861847
3705417
1072343
6019843
3184627
2757104
3967097
1508655
2636302
4875898
1754981
2066109
2978628
4246035
3193080
1115875
4788058
2479117
5770302
5740393
1071671
3031604
5503052
2162801
4331150
4347942
2050441
3311204
4087310
4878204
3718597
1178535
4377213
2804034
3091059
1306543
4291315
1064643
1648096
2386978
4370076
5176822
5493032
1424585
1461067
2934760
4618497
3249721
5012584
1719159
4322442
5440892
5201505
3989847
5568749
1311307
3887570
1341303
5539049
5471966
2945085
3981098
3736559
4687935
4282092
1363804
1942823
2462107
1310686
3617783
2319206
1406602
1926562
5108002
1712215
5565018
5729787
4012094
3398169
1627202
5324299
4944657
2416572
2296128
3774736
4322694
4936166
4180914
4718815
2692083
4154245
4025280
1979688
2898491
1236094
2901875
5190218
1117483
3193498
4518278
1414205
1044649
3691288
5684266
1120553
3295786
5404852
4705602
1176716
4619658
2536202
4810898
4793446
5754758
3413112
5188920
3843124
4528517
2332733
3346588
1167542
1925453
2019485
2760001
2387388
4778776
3018623
5619987
4254728
4837013
5552086
5608038
3294208
2310692
2757959
3060568
2927910
4911600
3124175
5383511
3157999
5592234
3264115
1484046
2431476
5126994
1888509
1179982
4695966
1924486
5480316
3381185
2596542
2647255
1998093
1485162
5519769
3399836
3501401
5794101
3175535
3706191
2439461
4840511
4760950
5109312
5219166
2771138
2014935
4705135
5846071
2919466
5767493
5982205
4567599
1952770
3834798
5961279
1152735
1242693
4712513
3953001
5049391
1126040
4931413
2521683
3613746
2846133
3748068
4978861
2855594
5601895
1800084
3785947
4534627
4815724
4936470
3203766
4974652
5508981
3849375
4898310
2542000
3768288
5704032
5644603
4246133
2597518
4173745
2850684
1377582
2872958
1004784
5362145
1121557
1428281
1123080
4872092
4419921
2401904
4419087
5803447
4924242
1478838
5913759
4070037
5583837
3126525
5751589
2082680
2012285
5504243
5251626
1261501
5095639
5122905
2124563
3088550
5300912
2216485
4770665
2775661
2020434
5712966
5082163
4824554
4541257
2486549
2405873
5369289
1072968
2529347
5385921
4026699
4054651
5606577
1767625
2188065
2557501
2298020
3886241
6023275
5122323
5568730
4064532
5368031
3772622
2719518
3625207
2556803
4457669
4104533
2962136
4024970
2363411
2869909
4611185
5139229
5906042
1179807
3662021
4355058
4697378
2762983
4749711
2516013
1365514
5127475
4981567
1919959
2704156
2576879
2554287
4304382
1758472
4353731
5079758
4711518
4408888
2702445
2957539
3849896
2731865
2519771
5208696
1559243
4671214
2610058
5532697
5328842
4179465
2423827
4779841
2682742
3218213
2091284
1903709
4743080
5572663
4566803
2296190
3770837
1383776
3960700
3227937
3697503
3982211
2304274
3261900
5296703
3727692
1071051
3717594
5214637
1578884
5667840
4127760
3318585
2645031
4962363
3295489
3067263
4490300
1490917
4991649
5106972
5218536
3724143
1258153
5762985
5540515
5068897
5713282
2513307
1182490
1513545
4708446
2375167
2808562
1754739
4953566
1841853
2966029
2355106
4679086
1620534
2650582
4441586
1384535
1929716
4902051
3674209
4978508
1976628
2702641
3900559
1652948
4945884
4539385
3596895
5980093
4331177
1609159
2151841
2828975
3116484
1654126
5009247
3592942
1445751
3561070
2072577
4611162
3397010
1916071
2071864
2025906
5519359
1757140
4496817
4298403
4067959
3491575
5938259
4009495
3029604
5574722
1090478
3136909
2458077
2004643
3334526
4186795
4024420
2677794
3689911
5811433
1326555
4464804
4208114
3874991
3852772
3068503
5543699
3963341
4758730
5590841
4384969
3412156
5023537
5732884
2954743
1853250
4409470
1743776
5205615
1940923
2770259
2469359
4075789
3328633
5420687
2446522
2032211
1197108
2274040
4897141
1268891
3839069
3811460
2429802
3488660
5280750
4683955
3533105
3213639
1605187
4183392
5595347
3360922
5711220
4877353
4271758
3053801
5195384
4319975
3456670
2373090
1389063
2276894
3988431
1484943
2370025
4752972
4981183
4021053
5792698
2358636
2850229
5743029
4406334
5549642
5155873
5977184
2842281
2221646
1108722
1719557
1590194
4946049
4140033
5361672
5151459
1611562
1836694
1883464
5194867
3469846
6016179
5245172
3385197
5699398
4326960
2874191
5302741
5232078
1163903
4214667
3017408
4002555
1826779
2309500
2788289
4863956
4064879
3302725
5616899
1884629
3448204
2065815
3698195
4426280
3804337
1157960
3428674
5529152
3199404
4375012
2619549
2029830
4721319
2640470
2455128
4157928
1312824
4197260
2781480
1353821
2950318
4463842
3498350
4307945
4191570
1767415
2166783
1213197
2950523
5811953
5107970
4573725
5108472
5815059
3854177
2431212
1723082
2313109
2157871
4001933
1480990
4604779
2680174
1204852
1324731
2300751
4056501
3644002
1096734
1515382
4270120
1161583
5771327
4450752
2598286
2533986
3107448
2851637
5547690
5084556
5531798
5457608
3116242
5058656
3379549
4024897
3145351
5983357
5238479
1653867
1438386
2578344
1710395
5491844
4574910
5826822
4854984
5766858
4515982
2253823
2980175
5941554
3058205
4226503
4723187
4186983
1418958
1955237
2477616
5913764
4987491
4366516
1192483
6003544
5034356
5558705
3866392
1852617
4181019
5693275
2961468
3826004
3479497
3639884
1953036
4185374
2009395
3271725
5888283
4876524
3197648
5751444
3831058
1994430
5050411
1585286
3415901
1450869
5936324
3562611
2867237
4758802
5924338
3618576
2756864
4431455
2934748
5788511
1840356
2924081
2644948
1568603
4469349
5139324
5978084
4596161
1116893
3272132
4711484
3169268
1429808
3372829
4971411
2052727
5786180
3813444
3873405
4127074
4439155
2473599
4872452
1701164
5170980
4435484
5582473
3065160
2556149
5087228
2074321
3319785
5811897
2784045
1931768
1877485
4804819
5022068
1895888
3911287
4962639
3107859
4008833
4910819
3843286
4665509
2678863
4693458
5823576
1353877
5960497
4538030
5833397
1926807
5884123
4509786
4160247
3806157
1731057
5663936
1458154
3538708
5813333
1192737
4781983
2333108
1999615
1720268
5327004
4113027
2519747
1098406
1846141
4257659
3992809
3443331
1734854
5079395
4894840
1666983
5266317
2963697
4399775
5322412
3516323
2061315
5326502
2271173
5135078
5389873
1105622
4649595
4844185
3704144
2117712
3176666
2523201
2364105
2370559
3589774
3062378
5891051
5629032
3282218
5293567
5225858
1341694
5352125
2414156
5424871
5263484
5441218
1827459
1095150
3844026
4181660
5540964
5341159
1196361
4407959
5998243
3051042
3471059
2553519
4284066
3253073
5570338
4104869
5382984
4613429
2464827
3305504
1504388
3951813
2263310
4500706
4520652
4091148
1954771
4672878
4817894
3006197
3023311
4962820
2090805
5977738
1893133
4425883
2184805
2453046
5696552
1400382
1947516
5676639
5585184
4816333
5823435
2313954
1941951
3089204
5502160
1693015
4180531
5436581
1022402
5007720
1267936
1262819
2460451
2856996
3651081
2179564
2272853
2062126
3693134
5564328
3902050
5803756
2067652
1313894
1756094
1992177
2215001
5331823
4982791
2112610
3938826
3130638
4599364
5003517
4214890
4711121
2042814
2475377
3352609
5373452
2358443
5378069
2384295
4443248
1113560
5269451
5683595
2971452
2182960
3612381
4475302
1125853
1406695
5584530
1870672
1640312
2719386
5147236
1675429
3002898
1731381
4100647
2215918
4543922
3928887
5756772
5083275
4817296
3643906
2431264
2424547
5872072
5882775
2320486
3030517
2436970
5400991
2935807
5030484
1145484
3134372
3649573
5569566
5726960
2458434
1020873
3905961
3457940
2883291
3391828
5412379
1569005
5826149
4606821
5407535
2909470
3080618
2449267
1096198
1729989
2222126
2113851
3408249
2526125
4195796
1663607
3489526
5300162
5510164
3137996
2398888
4202776
2642338
4789204
1511873
4356314
1293941
4567558
2460370
2742578
3875716
5042710
4702040
5223615
4749957
3513850
5960900
1627926
2850706
1239347
3052221
3515579
3769540
1073926
4619495
2901790
1848471
5817115
4082058
5807856
1327728
5309415
2846988
5147283
1822673
1829083
5375377
2757697
4442189
1508920
1101945
3032601
4905070
5301669
3430816
1481604
1278047
2667118
2344104
3956833
3930729
5477899
4372175
5731242
3620062
2157424
3093896
3236705
1117230
4385491
3615020
2077839
1775874
1365883
4699356
2460260
5647426
1213501
2579260
4051327
4237585
2715445
5132564
5120294
2089018
2330950
3076457
4569472
2621682
4147911
5587463
4356835
5310404
5898405
4504120
4638867
5725978
5514413
4273258
3104908
3684622
1535288
5467375
1839116
2160627
4000159
2228027
3199940
4760224
5865886
1199224
4885788
1089591
2414410
3069386
5437219
2769246
4266908
4445029
2209884
3870973
4973919
1864772
1570179
2476423
4838215
3957825
2212707
5455312
1631526
4803913
2543712
4539427
5312160
1239150
3786669
4510142
2014685
4555745
3874342
1026168
2330977
4662740
5401948
3569698
3750365
3640610
5918669
5997628
1430850
2231579
1356971
3212949
4259627
1115164
3215357
2119879
3379465
4288777
3079277
1691517
3920499
1792404
4597836
1243156
3282191
1615942
1744729
3333603
2700690
3476306
1505060
2581950
4363324
4941210
1821246
5896081
1357334
4525411
2613236
4417404
5893682
4872259
1721542
2710236
2763482
5717972
3509847
3601171
2369682
5973173
2833396
1120048
3868791
1816970
1484248
3466522
2270330
2227598
3318048
3846242
4373632
1348977
4351071
2037111
1845091
1000182
5507977
4051447
2405517
1671310
3073452
5209210
5253443
5046459
5460714
5822988
3547295
4569436
4866565
4744544
2133834
5249011
2823140
3575991
2109673
1208506
1181242
2728299
1874892
3331914
5563430
2269589
4879032
1002325
1410217
3231416
4290170
1568836
4791788
3751009
5059189
4611118
3819428
4878525
1364196
3549567
1814370
2318283
5413259
5386287
1741339
1930868
3944176
3249866
3907734
5907715
3918180
1967028
1153199
5223107
1946322
3593632
1483639
1185319
4744766
5567468
2516263
5970502
2760700
5517044
1244964
2497696
4783107
1003799
4004827
1659414
4539988
5446194
2089967
5078205
2758759
2592563
2716723
1455016
2585633
5630767
4365994
2012827
5305012
1239200
2635318
3393609
3881822
2939857
1824241
2925263
3246842
4199207
4383669
2943370
3823648
5269707
2707880
3983702
2211808
4350176
5250736
4144362
3107158
1521026
3578621
4065301
4250815
2172593
4160109
5658725
2420605
4885033
2840375
5602644
5447300
3806486
2971361
4219919
4172924
1996742
5679571
2094327
2514579
4929623
5873319
1593515
3910078
2470753
4465510
4420456
5264279
3861110
5624239
3109589
5780177
3328156
5338089
3891246
1278135
3864912
2915616
4844357
5017172
5919657
1225096
5578207
3484547
1530982
5983235
1693757
2081969
2225574
5071822
4790560
4979580
3500560
1614265
5363173
4655446
2518586
2968110
1114177
5729791
2111942
5767284
3997438
1854007
5716080
1433051
3758743
5482455
1655932
4152384
2060701
3254421
4475551
1704727
1818869
5490908
3311187
4813298
3803227
2595322
4366010
1114333
3598841
4957992
1160643
3218108
2458604
4119249
4586432
4509152
1509766
4743032
2642935
1433534
4072408
6005258
1831139
2722242
1000127
5803219
5510939
3939117
4656180
5411958
2108151
5433995
5825405
3920348
5627523
1389624
1112130
3095044
2527382
1668126
5470306
2858115
2528448
3780668
5106239
3112767
3045576
1968892
3597797
1781310
6022378
2808484
3540983
1434549
2904773
2136212
4979922
1917529
3904576
1226593
3785019
4935351
1519729
2594606
4644682
2622340
3644692
3563532
4186358
3334434
3605779
5994814
1404180
3110942
4206314
1124749
2622316
1043881
5601160
3823465
4107400
2317695
3843039
3555439
3977002
2194679
1835938
4255196
4225399
3647083
4221370
4037665
5797024
5864403
3032150
2055729
1407537
2624471
5963148
5854187
5800658
1908448
1399769
4525472
1132206
3327093
5225745
4309795
3351425
4264026
3582212
1750689
3272251
4049962
2659054
2509924
5446663
5705089
4042247
1965491
1083138
1742410
1523735
3870009
4098485
5805576
4402296
4618031
3886270
5239023
2701722
4170521
3625691
2055230
1591320
1442806
2912643
3094874
1457451
4926842
2285434
1456310
3379964
4767315
5213725
2581248
4062990
2655542
2312648
1296079
4955057
4710803
2374837
4885849
2496931
3403783
2214063
5621320
3354349
4856638
4357879
1498943
2881359
4246198
1263606
4243355
2065059
4714454
5797274
2832784
1372714
3175886
2549444
4305244
5002327
1510975
3735179
5607156
4175128
5679392
4729618
4696370
3662374
3392338
1961408
1823797
2319100
5755290
5516344
2528546
2787111
3484520
4288262
5444530
5489728
1114680
3163113
1895216
1671555
1282510
3246660
1821660
6014557
2839185
5105286
3439695
5253028
2962903
2510882
3358353
4000473
4988485
3649222
2594483
2683270
4129362
5368898
4077991
4243668
3199869
5250571
3916911
5926113
2166690
4070202
1916218
4832438
1260397
3013287
1030126
2273035
3787265
4109247
2253077
1475585
3676026
3428914
4914124
1362078
2827302
3389819
2812923
2982488
4071178
1842350
4083631
1213831
4188208
1939348
2411675
3428091
2219859
2783027
1410915
3434048
3888148
1276107
1881579
3160499
1126587
5945256
2376070
3949707
1548321
5467332
3801946
1301317
2531966
1030650
2595231
4148314
1210753
1326240
4367548
2945548
4206056
2923716
5609268
4408555
2586180
2313419
4049904
3008885
4368775
3091517
1550307
3059090
1985601
4303014
5711452
4792482
2964422
2765303
5150007
3034988
4792899
5087588
2076899
3533557
4877867
3869587
1769691
2729843
3734488
1725327
4092114
1525777
2649811
4444805
3634979
3416218
1579287
1623907
5777822
4927390
2402230
3738261
5639617
1765175
2778996
5073164
4026423
4638105
1788943
1512318
3504905
4995634
1499487
4155093
4613056
4673425
2615295
4661931
4655367
1067024
4065015
3776353
2857955
5524943
1782933
4116923
4394886
1507583
3594608
4858439
2471163
3171787
4861452
2639739
5161112
4912086
3744360
1995104
5826891
3960276
3565968
1716969
1665407
3964455
1922861
3031816
2215539
3341685
4061022
3076009
4239799
5418781
3727483
3776965
4641756
1775477
5362134
3861657
3400010
2612082
2855406
1554738
1689311
5075865
2604237
1109665
5628827
5396437
3385393
5598817
4960368
5500564
4699513
3179725
4950755
2998330
2131918
5372384
3161445
3449669
2645692
1887034
1502080
3004509
1018068
5384951
5123481
5880741
3671014
3435430
4862060
2141461
3000492
4252819
2092856
1584336
2011427
3768837
4544116
5102958
5204319
1929686
2090345
5920553
1080759
1993132
1274422
1885841
4161125
4214632
5674183
3205681
2534326
2274390
1567031
3387848
5050175
4003343
4868321
4140934
3136702
4465472
1614784
2297752
1291813
4669655
1895511
4945653
3459638
3879810
5705748
5795163
5876539
1061275
4767252
1798140
2985748
1148701
4956888
3276197
3088953
5125835
3349999
1363138
3757950
1269798
5122744
5630660
2701495
3660968
2801033
1956653
2209300
4142699
4728775
4270415
1446664
3102453
4146131
3532862
4226334
3636408
4404544
1913370
3143027
4489612
3594877
6001303
4608714
3134777
2479795
2630342
2897923
3060790
1415885
3409200
1123290
4611856
1932931
5370812
5457268
4485149
3467254
2830263
3634108
4497282
1881617
5068433
4169788
1629356
5034969
3551212
1807360
3236764
1201936
2531083
2496314
5985101
2005877
4880384
5939443
5073557
2956049
3807545
3483657
2458526
1649797
1560823
5661593
3902879
2806470
5193688
1120735
2290038
5435749
4812799
3995289
5446275
1596720
1658501
5013094
1117956
2485255
6013961
1066934
1540500
5107669
1846278
1285309
1173711
1925533
1328336
4007157
4990643
2716239
1378096
2652282
3788923
2533508
5804935
5942116
3018750
2370115
1167499
2117967
1951996
3763828
4951398
3584066
3094492
4300230
2990124
4350387
1562846
1689538
2374862
5298211
5827526
3656288
1362906
2302676
4974000
2678398
5095208
4878401
1483208
3454926
2725203
2828128
3153253
4967940
2833164
1586896
4085312
5718201
4273149
2199876
4480692
2247804
6008867
1271541
3013508
5619727
4733886
5750354
3913652
2665896
3728245
5859863
4213806
1882623
3156408
1685482
4752534
3550919
3512258
4414145
4410368
4752960
5056852
4280299
5827006
5840855
5183574
4100841
4333611
2065765
3075676
5755013
1442053
5731106
2700462
5877206
3337713
1630542
1428811
2900238
3266674
5056553
5181650
2929132
1804521
2401382
2755326
2548588
3816844
1957690
1525187
1535193
4831732
3945020
5639427
1837763
2743468
3948795
2192583
4691079
5562206
3109919
3188174
3606460
1502349
2237007
1288214
4747052
5696250
5036345
5740050
2035013
5243902
5586979
5830015
2248429
1947133
2848465
5470025
1307156
4320449
2162600
5540744
2011105
1543167
3027806
4215568
3158196
2431766
5010489
1089796
1023938
4937111
2045526
2747339
5533014
3112959
2011880
1325692
5096461
3097452
1440449
3346855
2642434
4208423
5196013
1272172
5079414
1165025
4074713
3369020
3689853
1425255
1016454
4400192
3375176
4946027
4579166
2102982
5170944
3098114
3742821
4750646
2676130
3712765
3676543
3936371
3295975
4505421
3882716
3723216
5485695
1859352
1585039
1876831
2448865
5782426
3194501
3881586
3833553
4059318
5171668
3022140
1618721
4761203
4580700
5216126
2239846
1001710
5417122
2404152
1646900
4294391
3610998
1555709
4351808
2367051
5849856
1950732
4715871
1811922
2867480
1881988
2240928
4103556
2812984
1374558
5007181
5332114
5464260
5881627
5905219
5701666
3483218
4693309
3557740
1424553
1304260
1647912
4697310
4685179
2922120
3816318
4719592
2200779
4344217
3812373
5695481
2105104
4253002
3085147
2118842
1850786
5344884
5097473
4480859
3233406
3039682
2674291
2720556
5411029
2135907
1105252
3990156
4479747
5924749
3281449
5175207
1248518
2861295
5528244
3464463
3026255
2423500
4150208
5402598
4242080
1758266
1089938
4874469
2249649
4483794
4079993
2538336
4075918
2154143
3665251
2544908
2469320
3720773
2997144
3817583
4464313
4001609
1716338
3856959
4853033
4151649
4254112
2570414
1682681
3488170
2437853
3707347
3809747
2638349
3185098
4426995
1619351
3474203
4214601
4976540
1900728
1302675
4253688
4458273
5524078
2591462
3017466
2787501
5398754
2153583
3002266
1338326
3955491
5218037
3904344
3935652
4290302
5285986
2318449
1261857
1196935
1289260
5950706
1839904
4422867
3707703
1243911
4813782
2659693
1584475
5897643
2337459
3199957
3328909
4057891
3791461
1909863
3160229
2259156
1198924
6024525
3072034
2890153
2598969
1812537
2889687
4353469
2178134
3640075
4847816
3388023
3434484
2257981
1786504
3787277
3548368
5126973
3467384
4057194
3145635
5325787
4118845
4537586
3485431
1159666
5400300
5255227
2337405
1895163
5774958
5960294
5509013
5310878
3606753
1280488
2629870
2665740
3866350
5666571
1437111
3473487
2051703
1352275
3421070
4140324
5498322
1821340
5689549
5370084
1430489
5669900
1936316
2971160
2153223
3069518
1660943
5997314
4064816
5974556
4865726
4811839
5501312
5253889
4173781
1664372
3920285
4750543
3925291
1117411
4486562
4159142
2010746
2061252
2427438
2999218
5319281
5872416
4844920
4737936
2012122
1643824
1829055
2858835
3628787
5257557
5832099
2129691
5301276
2326808
2637974
1092080
2820114
2450836
5635324
3076238
4723348
1120011
4753283
5140940
1716946
5347384
4752082
4899453
2500352
4745487
1972914
3227234
5426623
2108760
3374812
3143142
4876053
3778357
2480978
4462160
4679458
3194637
2290089
4859580
2461874
2133876
5393885
1618336
3213345
5954914
2829512
1152876
4413200
2088038
3954637
3505539
4696091
2854943
3116735
2570045
3264923
5863594
4834241
3776790
2961177
3789865
4745239
4593995
5806729
5543966
1395868
2928735
4861463
4438488
4853499
5162714
5833499
2044602
2435566
4410912
3477298
1762987
2831350
1084648
2353919
1474940
2070100
5474156
1264473
5729667
2643713
2565852
3066435
1255735
3282467
1359237
4483532
1534124
3182961
1197736
1323331
3010846
2246603
3896100
2534997
5695696
5611737
5187216
1148582
2393793
3907674
5405260
2180263
2793907
3620268
5598331
2556025
3092707
4676648
4361294
3388917
5481521
2514899
5947041
3562076
3020633
3445812
1467453
4039851
2412021
3269259
4145196
3919200
4680279
3147653
1197663
2160555
1750133
2903116
5851269
5223798
2688775
3557829
1964935
3587906
2434494
3602103
3471792
3775165
5354704
2054422
5823326
5590156
2871185
3661011
2723900
1258063
1541233
4298936
1316091
4671491
5867584
1266168
2612206
1027552
4103103
3751036
5798575
1148090
3138448
3435693
3757255
3567721
3304306
2813759
2883170
3918639
5169093
2012229
1690163
3257749
1420160
1029489
3819077
5264901
1895062
2718898
1435774
3462122
3213294
1859606
3379775
5862286
2447582
1276839
5924604
1967450
3442490
2631193
3946879
5053271
3703260
3969713
3766884
5722461
3017120
4059069
3680113
1210886
4977865
5879627
4093167
5618323
4005325
5282036
2105780
5489035
5550703
3274877
5834038
1637924
1662913
3618027
1766975
5478743
4604446
4254209
1497777
5589606
2865645
5212679
2723606
5638576
5360337
2447007
4815512
3091253
2252052
1303677
3070352
3390182
3706146
1250073
5715235
1028634
4504557
4269301
5540492
4214930
5283554
1932074
5890857
1691262
2389385
5127963
4831799
5248158
1115516
5434086
4229533
3413236
1949252
1113070
1013453
2938246
5844084
4103098
5791724
3755871
3505433
3362339
4409607
4762152
5326022
1241574
4828879
3399459
2709263
1223801
4133234
4336181
1702285
4855457
5783550
1176818
1000619
3698855
2804986
1609120
1834960
1369785
4893067
3050941
2928192
3844793
2327596
4818186
4264725
1264858
4304412
2536268
2120226
2950689
1874070
1736272
2127579
2973483
3869363
3236018
3176630
5450911
1727903
3233141
1564192
3676044
2436116
4065454
4759799
1606895
4973475
3549782
3941603
3742892
5399989
2373551
4705976
2709646
1069947
2302151
5426714
1014012
1435789
3364055
2123986
3879453
1975433
1633113
3931843
4127676
4512588
1078610
3608438
3864028
2654223
2239056
1349332
3758934
3766618
4857295
2303240
1668650
5798903
2369798
5001031
3417994
6009955
5643419
2463173
3403663
3372277
5256279
2762100
3245198
1494263
2314824
1302011
1741437
1465777
1033653
4898163
3283646
4665548
1038707
1661287
4912739
5326430
1930428
2171415
4931296
5210876
5031858
2757222
1025713
2686943
5976221
1843649
1968387
2988745
3540948
4266011
4014510
4287745
4604487
5050729
5995122
4117247
5818581
2648706
4195334
1604442
1930670
5511744
1816996
3999136
1479567
1436042
2220825
2551204
4141857
3701645
4456277
2265186
2305832
4317435
3616544
2680804
5015351
2293874
5716327
4745243
1312228
5300683
4039538
3299414
4403929
1356137
4208364
3489987
5565694
1123234
1256087
5047332
2192134
2511389
3614597
3197549
3779526
2133667
2148752
4703890
5205649
1313574
4925466
1956342
4050527
2152931
1135786
1735009
2028366
5530665
2240952
5761002
2143111
4840425
4567575
5811756
4739958
4942967
4636908
1788745
4892401
3762898
4498394
1957835
2551556
3746478
2502933
2154097
5347137
5300611
5799034
5816857
6014451
1552920
3524567
1807919
5691421
4797604
4815505
2311926
2337717
5554393
3635289
1609087
3687047
2642481
5759411
3917290
5965339
2095388
1162856
2753219
1581775
1399165
2355423
1271072
1642229
3032585
3958932
4717054
5686990
5211362
1438274
2634537
5332143
4554416
2289333
2282310
1817375
1281486
5594025
3287379
5005293
5144049
5234137
5937927
3339822
2822792
5668440
4437295
3012233
3112889
4924293
3232264
4977627
5621876
2641121
4083241
4415589
5339980
1656640
4079770
3182942
2791796
2780509
1856810
2858505
1743656
3245502
3799804
4624540
2744843
1159798
5062869
2366996
3531709
3873622
3774681
4283609
3601147
2246635
3331482
1181192
4303599
4282452
4793403
5866673
4607494
2457504
1962480
1234324
4861111
1931955
5117468
1903854
5440041
1394765
6001369
1237742
5074352
2627444
3009844
2967353
3277038
1245872
4133725
2511160
5925478
2357877
4218937
3628863
3424290
5971697
2425769
3990399
3292277
5284502
5484425
1569684
3745271
1524712
1708223
1925173
1629599
3852000
5860547
1012608
5557439
3172463
3598051
2583351
3134458
2173044
1954346
5097248
4437223
4817146
3358297
4350548
4392671
5664817
5273616
2608704
3125877
2046818
1675854
4238685
2001607
4645907
5599247
1806024
4864046
2734184
1247476
5329374
4455840
5090755
5969534
1897347
1192621
4936995
4304687
5048321
2594989
2729694
3205074
3991180
1934828
4256080
3066082
2499753
3183930
5849153
3447105
2988473
1873722
3800574
2718167
4067594
2316852
3782121
2127693
1718221
1131130
4766221
4662507
5519293
2911577
2072184
1276759
2388955
1332328
2723569
1312219
2816316
1243647
3270758
5474478
2269873
4049234
4735933
4906750
5605912
1735644
3477247
2570672
5994202
5212071
3801220
1221000
1428058
4409559
3163871
1020593
2747607
4497199
4893691
2116781
5835722
4141653
1910351
5961999
1323912
4544811
1938245
3554617
1295795
5956761
1838360
2307737
4805600
3503768
2439216
4859751
5665207
5187284
4281217
3365600
2809328
4405313
4347307
5706828
1622700
4412352
5042667
4195363
4131248
1693870
5368587
2602555
3530366
1902901
2123573
2172241
2349002
5321215
1858293
1052071
1752712
1100128
5251398
4325884
5275495
3265320
2337464
1359499
3815457
5553521
4819507
4143227
1799397
1393453
4681830
5719759
3327869
1332411
2251651
3873013
6019029
4149627
4101956
2266465
5074535
2105920
3056372
3352527
5622247
1168752
1446422
3996159
1144619
1849593
1704043
1808801
3330055
2207107
2679031
2925860
3814093
5054263
4821887
1961482
5425651
4041097
1706345
3695003
1388782
3194050
4192445
1567319
2274925
3200692
1184853
4381801
5793353
2040003
1812165
3992075
4830728
4347376
4979641
4979286
5025110
4297968
5750608
2809436
2897846
1697481
2544024
5531417
3108774
5435708
4839658
2111961
2005673
3973975
1091587
2880441
1201243
5003631
5171059
3541938
3773169
1239930
3911081
2301288
5650476
2198448
4294967
1003713
5260549
5318500
1230224
4267919
2716647
5100304
2642300
4796377
2217264
4454285
2602615
2255392
3291061
4380440
3959074
5368282
4265201
4778502
2348613
5765908
1621390
3598757
1167270
2128827
1668961
4587601
3563653
4951177
2320032
1977991
1466910
5530510
4362140
4931499
5688374
1010656
4992052
1613421
1612050
2128360
3533297
5728273
1844675
3139710
5358954
5153261
2262940
2696654
5273397
1705972
5985961
5493290
1277600
4713137
3166918
1490898
5453401
2169785
4847868
3142087
3999490
5747737
1459140
1517946
3969799
1615833
5222709
1936104
1498248
5975978
1420050
3869424
4720277
2783885
5440747
1220366
2522682
2460502
3284419
1407852
5112896
5987965
2226895
4584411
3918079
1703635
3424962
1429285
4515364
4070295
4389690
4931808
4133691
5198619
5990947
1009506
4035790
3112414
1701502
5894994
2664014
1448334
2666273
4595802
4841444
2448560
3715125
4466850
3181941
3868048
2117682
4724902
3041473
3797616
5217856
1285086
1993472
2583577
1503873
4376794
5870005
3632058
5611770
3182472
3721784
4446241
2904006
5824744
5593154
3033737
5620748
2462489
4730413
1848382
5679429
1100865
3236190
4010315
5183589
3979851
4862106
2043854
5305808
3158713
3702784
2990361
3851277
1066064
1229549
3944865
3693474
3363284
5382314
4564611
1232442
5768081
2451645
2679180
3630125
4915671
1747242
4807729
1591778
4608098
3740341
4870979
2465794
1228794
2759074
1863432
4578369
4015438
5057098
2882816
3361250
1056390
4619200
3766946
4468169
3670444
5332769
3935760
3852404
2517519
4699823
2552988
4427419
5737283
3669207
2534313
4286096
2060443
1138816
1237281
1215559
1144339
1119253
1992200
4153361
5783836
5291850
3123318
2694707
4946446
4278249
1756265
1356170
3542756
3015503
1079154
4536766
1744068
4416338
5417981
4075131
5021281
1828266
4304809
2548603
3872714
3675799
3129269
3109866
3984421
1447330
2763035
2538616
2887430
5074273
2128739
3854927
2687821
1109455
3993827
4748821
2931328
4445493
2031336
5061671
4293440
3290157
4695009
4259310
1773381
1971517
4891899
5025538
4489367
4181063
4500679
2326033
2950584
3001290
5417777
1419869
4468005
2981536
5249518
3444948
5822914
3923273
4793239
5085445
2888695
2750699
3535303
3255717
4437004
2256876
1618229
4339738
3362232
5356815
3357285
1610559
1322247
4244343
3559062
3978276
2137709
5920504
2876960
4755511
1707034
1051502
2742535
5719682
2495102
1847510
5694684
4966407
4471172
2962212
3639526
1429098
4057533
2055158
1556881
4143859
2732566
4466190
2331488
3881017
4389512
1969571
1719734
3887416
4663752
5361019
3178981
5720370
3022774
4164601
1595175
5689861
3164482
2975701
1642355
4096970
4977037
5325881
5688604
5232523
4066898
3175729
6002137
1329207
2463017
2450245
1052574
2154024
3798579
1677401
5188439
1195561
4127093
5087420
1313849
2897533
3495450
2777436
3563006
3623288
5681783
2067056
4174084
1128070
5084500
5081986
1427031
1196160
2497183
5125404
2874556
3132821
3262013
3047028
5680793
1541325
1321293
5477069
1938179
2794130
5407859
2902750
3193824
4194100
3233767
1097944
3407366
1172070
2404425
4564905
3966792
5472481
2660386
1754426
5709972
2955490
4720174
5533490
5013214
3051392
2655262
1284489
4122101
5170438
2225517
1879832
5751191
3245209
5679130
1440482
5216621
4253805
4315203
2474860
5142039
3265845
5961231
3380832
3414319
2185461
1682619
4627049
3003596
3361909
2961261
5868815
3381573
5165478
2266683
1211597
3093818
2235446
3671637
5417525
2242150
1186666
1088293
4452062
3439556
2652113
2133305
3105557
4668708
1194572
1588898
1219664
5820821
5136034
3551065
1737814
4391916
2493924
4563206
1346217
3092337
4782628
1206137
4994157
1088192
4310110
5216741
3481606
2154457
5984243
5757006
2091705
2006064
1945345
3707819
1176380
1690814
1088060
5211209
2034874
1120710
5870574
4034787
1097843
2432150
4446253
4688881
2780474
5224386
4687857
1596509
4450642
3249538
1608795
3870143
2374620
2004546
3695010
5284112
4417984
2810271
2393486
4980444
3746960
4892348
1969505
1974726
5317781
3297242
5622751
2359604
3768829
1796964
5784006
2900055
3015175
5530079
1017207
5990052
1385913
1473640
4541134
3579807
2772512
4459495
5438249
2926000
4810569
1481197
1476826
1153436
1673006
4572882
4831492
4247181
4719654
3944877
5741829
1484523
2186098
5479026
2406831
1817698
1032302
3855022
4368697
5205216
2841079
5330934
4562451
5473701
5035633
3432232
3340426
1277801
2978350
2841497
2512274
3666119
4618729
1954944
2103770
4070999
2959305
5860280
1763508
5859036
1148758
1680794
3259227
5158911
4549818
3212097
5884539
4307602
3003495
6000729
5508963
3218797
2566992
1168069
4283800
5247622
1281471
5904780
3860053
4859618
5195933
3920561
4464686
5293794
5373715
5492777
2941505
3112713
3443196
5991234
5996773
1810777
1650985
5975802
2814658
2065135
2673051
2733766
1595753
2037629
5920312
4532411
1489975
4937879
4758006
5307496
4960905
4486703
4330803
5303225
4212258
3919320
6010792
5779950
2672502
1196751
2327927
2489204
3877141
5208407
2484106
1288740
3250474
2542429
5892533
1368143
5586275
3436141
5252490
1925108
4378620
3220826
4225094
5966791
2501967
4076453
2716924
5894769
2939088
1454779
1546635
5510745
5291843
4669713
3394066
3601396
4983363
5819776
4290357
5304806
4164994
5454149
3269637
2616253
4061977
4031332
2870790
1675437
4490544
2566337
1567016
3063462
4573738
1413195
4889209
3400674
3677896
3517227
2530748
2871406
3619054
1834837
3618015
4424414
3447568
3888393
1242105
4166357
4636055
3874434
1979650
1551892
1337931
5115085
2048132
2383177
4383717
4636114
3948620
1889748
3717477
5367447
1332031
1905544
4768215
5305253
4173482
3137459
5930592
4766358
3185714
4225100
1540556
3404098
5366731
1399217
3314291
4226031
2565529
2274023
4540249
2130203
4989555
4465307
2282694
4519407
1600045
4068850
1707162
2908070
1255722
2874059
5865796
4627399
3575197
3795267
3886695
4381502
3526126
3308323
2081325
2393308
3141765
1042917
3641891
3137281
3639903
5820041
1288301
1883883
2003719
2585528
3028515
5139086
3508364
1088188
4321912
5988383
4338012
4452400
4606223
2086433
4731264
1388160
1237308
1130228
3270683
3417703
4247354
2004249
5727897
1608924
3815320
2811125
3428523
1865121
1393350
3398739
1361047
2015206
5396984
3545398
3284172
5378813
1660625
3216687
3405136
1382837
4707803
4002806
2711912
1013645
5724285
4263160
3159773
4442563
1660337
5109845
2106245
3003106
4478512
4598692
5309557
5029921
5415846
4052898
2405475
1126352
1968070
1083911
4374128
5375343
1640553
2162482
5731402
4183803
4455910
2818610
4285621
4731903
3736979
5853074
3292671
3114281
1831722
5523455
4099354
1207079
3790266
4230032
2624351
4503522
1693804
2094941
3999298
4576334
1734760
5568374
5607344
5678958
4051349
4232552
4991771
1005886
1904919
3014837
4641996
1132193
3286864
2983317
5199932
2698571
3916138
3477356
3946991
3877959
3805905
5873974
3235390
5226732
4224338
3530281
3296012
3528107
5536036
1461330
2513621
1980174
5386912
4739335
4190505
5784840
5382760
3715659
2030096
5000094
2409801
2245825
5080502
3076468
5026749
5949670
5499533
3810326
4386095
3047660
5819427
5353297
4445548
4125401
5100943
3764295
2820468
5254804
1181927
2822631
2634386
3171177
2107243
3485083
6007721
1644317
3472159
5596977
3155518
3116626
2980942
3078105
4335307
3765538
5700961
5118050
1092123
2494170
3418233
3606345
3431896
2656544
3236152
4139846
1278684
2025781
2453781
2621944
1965723
2713979
5510880
1556225
6010907
4497031
3563389
1750584
4131921
2828615
5240875
3298389
5194579
1575417
1185424
5203466
2706627
1906214
5317362
1109273
3696744
1137479
4242521
1231185
1835614
5897023
4794384
2836934
4341924
5152925
3333394
3605422
2317047
4491243
3173406
1502985
1693698
4780065
5502558
4554256
3303882
4910083
5696292
2087576
1538536
3220370
1353417
3066446
1940803
5484231
4424582
1986046
1245904
1065369
4608706
5752466
4969943
5656477
2821642
1026195
3428297
5444825
6017731
3281209
1665526
4702031
5466789
2792349
1610869
1986133
1659594
4640488
1285873
4719635
2222614
3072357
1081154
3302918
3075194
5073790
2279648
5829859
3655526
3543059
3827427
3481522
3940019
1886208
4461293
4037925
3308090
1476283
1171861
5069270
3393222
5788128
2571067
4972809
5812785
5931226
3932090
4344083
5438227
3807239
6003802
2800555
5518956
3066008
4046417
3395785
2476596
5949685
4582647
4748608
2618816
3100374
3659402
4897874
2010416
2584575
2369391
2863338
1856645
4123333
4066785
1614478
4217989
3343820
1459883
1138662
3690342
4719102
3078826
3084791
1661384
1921085
1953908
4244916
5339438
4206485
1154516
4447778
1029037
2197565
4176808
3982617
2311786
1578172
5643476
2752517
1055265
4312675
2795457
3559666
3177752
2308761
3576193
5517382
2724035
5045141
4578597
1829930
5766752
3018383
5323146
4649396
4759414
5829436
2726918
2463891
3934592
5891829
3509812
3745039
2619076
2064152
4008650
2530887
1096939
1326438
5564650
2554767
5316231
5342309
4923548
3534095
3658886
1621639
5643831
2509344
2785447
2257894
3047701
2626312
1676834
2761017
2875857
5251876
2579752
5610375
4912952
4684439
3270081
4889965
2646163
2618969
4383761
5448994
1289318
5242673
2951515
5713095
4540796
4910966
2227968
2004273
1686744
3120486
1121600
3580520
1915417
4257647
2424891
3407116
5869405
5424273
4940408
4129272
4510528
3242377
1492732
2424418
5402343
1777795
2997448
3670631
2450565
4674562
1832766
2634863
3787862
1489295
2214998
4927180
5820257
5088993
4494188
3421216
2413246
3208943
2632681
2881541
5155309
2937555
1625787
5291651
2783731
3425089
1362159
1775933
4860517
2710186
5714707
5374308
1032838
3233905
4793094
4356365
1729328
4050800
1388629
5406323
1773805
5446709
3211338
5141431
5391432
3049151
3093156
3438848
3114565
2414367
5828083
1658773
3790956
2344701
4948334
1982168
4136833
4673461
1879112
1510461
2331655
4771438
3640860
2675157
2462814
5563337
4910217
4593470
1158564
5793159
2830252
5528182
2436330
3852598
4919968
1298190
4619787
1936210
2463652
1414393
3584620
2645227
1698055
1260788
1675392
3776906
3768612
4690716
1234348
3027892
4116365
1066047
4332259
2866312
2309178
2854370
4971729
1450878
4095007
5004505
2322528
2194191
3913887
1606618
3686504
4327349
3531108
2835303
1451305
3740159
1689229
5918539
2595369
3005963
3232685
3432681
4253886
3398830
1024921
5302113
4837970
5711954
2203086
3374587
2055820
5849986
3994690
2272731
4177200
2639815
1070300
5254590
3198085
2195065
5059997
2965002
5630170
2316386
2141378
5479195
3470425
5526315
4643632
1874967
1325249
5595966
5789000
1207068
4626157
2379756
1119631
5050820
5752734
3525936
2187121
3417541
1923356
4816312
3316149
5699735
4089374
1509361
5076444
1210282
1707302
1052098
1680065
5574495
2099403
4327700
2480922
5780601
3559303
5501468
2335212
1500620
2532727
1365330
3937739
5278767
1799631
3296765
2489253
4742360
2954033
3281318
4037718
4451986
4834187
1760108
2319156
1766720
2400203
4593984
4695274
3524247
3066885
4006326
2639187
4301037
1246115
3945934
1250243
4275910
1361882
2418500
2636655
1406426
1066020
4956181
1616583
5351437
5715316
3339365
4569510
4237613
5477950
1102147
2524413
4408134
4758428
1267795
2275901
5299936
3882292
1016094
2767364
5945402
3468967
5874353
1356889
1487478
5623384
5067639
1386593
2981913
3342951
4414119
4214150
1725001
1421367
2959200
2481664
2261576
5556753
2244867
5084135
3235621
1986248
3812252
2261911
2699572
2217172
4742458
1714417
4572086
2938655
3279516
4437980
1030455
3977307
1621718
1818547
3448401
3960234
5303699
4412578
4673231
5096493
2719320
3901431
2265255
1460905
4718135
2870899
2602163
1017761
1839506
2715513
5952333
4559499
4770591
4730981
5071663
5410510
4988724
1697428
3190416
3490525
2877276
4760120
4040194
5836494
6018244
2939727
3702027
5592447
1255541
3563969
5548545
1456877
5616516
5535869
5590804
3339533
5682454
3502950
3869208
1382066
5716102
4298795
1877512
5771195
1212905
5781260
4409453
4205405
2596187
1571000
4331484
5604906
3976800
3754702
2912448
5535681
3569051
1710384
3083630
4972471
2704757
2261804
4092055
1590280
2531722
1613368
5330623
4192407
2339484
2883905
5877664
5121764
3105224
5274887
1533742
4865291
6013294
4885561
4386522
6003183
5829796
2562962
4741283
5317617
2647133
2399663
1429178
4046865
3338096
4959123
1241602
4639073
2046698
1064040
2664751
2724584
5409309
2054924
5740317
4043269
6012541
2575178
4268046
5667109
2072824
4067609
1346982
1361623
3698883
5753534
5907148
3623161
2127318
4642812
5527862
4427197
4786357
5966386
2221075
3603761
4754569
1699084
5033725
2680301
2847190
4380274
5624768
1687503
5202380
3382682
3594391
5251807
1095225
2430204
5858381
4266675
1445155
5246469
3506690
1292928
3123617
5134468
1326268
4304099
1038105
4828730
4605345
4901916
5416495
3606812
2388301
5294962
4861637
4465448
3648264
1628726
3274145
4050331
3904972
4961836
2838987
1365793
4877826
3947453
1974379
2549640
5469509
2787637
3050793
2992244
2825620
3519684
3834555
5946977
2460297
3423389
2135135
5685425
2045476
1413603
4360221
4121550
3871198
2813747
1314437
3855813
3852365
2660703
2004820
2591343
5072161
4606134
4815042
4119917
3179373
2198483
5538022
2985598
5028454
4709494
5100255
3328049
5075967
2621202
3398355
2076272
4144297
3920336
3895490
3807410
2329488
1605721
5951910
4229437
5890300
1637265
4148634
4647244
5052697
3744517
1932957
1391141
1179834
4337939
2534853
2556280
4238604
2541829
1324027
4154996
1638869
2273209
5931388
1472026
1356697
3726076
1353999
5907532
2236961
3726185
1213300
3149363
5279148
2027606
3410962
5389348
2923454
3612363
3994559
1879337
4023991
5452941
4353620
3122576
2383658
4085644
2324126
4280957
3645295
2063915
1416249
4009644
2240311
2160303
3432676
5695823
5653322
2568920
2118019
5453695
2179940
4720030
3359399
3529709
5139714
2071376
1362584
3092781
5669546
2173521
1606599
1773215
5425378
3499673
1948990
3368032
4135841
4073214
4903133
1972674
1261895
4339276
1865274
1882401
4152800
2228487
2155707
5018242
3878627
4617179
5545033
4057822
5138962
1525873
1965125
1264584
3317419
5451363
6012242
4729065
3690544
2845828
5841244
2843270
1790823
1367183
4746040
3214341
3979963
2263029
4398264
5660303
1272969
2031285
4294764
5314478
4944765
4580366
1997358
1278525
4773946
2523984
1656830
1294501
1270130
5542472
4213037
2347136
2619019
4658257
1247247
5636088
1785280
2461530
2833832
2326684
2587384
5126347
5312271
1625192
5052624
3292909
2287252
3530687
5385899
4325840
2552211
2593211
4028385
5031494
3376792
4030708
1847770
5337997
3129780
2326324
4763916
5101278
4064670
3320045
4066510
1484451
2662372
5362597
5408687
2211668
1447904
2245799
1463699
5429594
2285954
1325785
3042739
2369651
1281855
3440061
3830508
4251338
3786883
2856228
1314418
3573559
1741869
2287646
5869761
1521761
4540167
4524936
5915069
4346726
5196738
4665888
5763851
5880230
2580192
2332630
5017043
1376208
3327571
1129258
1047652
3653878
1706606
3715358
2966814
4857733
4499204
2698496
1367782
2578804
2332597
3427542
2285685
5057178
3966589
4372230
5887311
3962723
2717058
4480956
2370388
5264733
4326870
5674840
3756438
3745782
4964037
4878556
5316649
4273598
4664741
4805451
3992140
3148312
1157659
1851981
1058378
2490877
2353695
3300983
3877780
5340791
4673958
2040112
1898895
5480104
5050753
5122655
4094341
1625274
1099685
1373691
3943333
2276204
4149085
5040945
5595626
2880984
3600423
5365124
4505582
3558979
4171628
1976213
5901012
3917207
1867085
1743297
1544171
5096268
1191646
4075382
5635739
2167298
4259901
2238583
4682211
4686520
1094634
4842752
1794769
5774257
5166718
4367181
4032803
1317733
4612764
4651625
1886925
2937764
5731562
1893674
3016747
4092982
4533658
5861791
4459242
2725825
5901866
4200901
4583494
3375145
3177734
1012400
3240374
3076333
1047151
3196208
1804032
1756174
1297515
2099620
1436652
3270609
5213855
2065919
5717605
1282785
1996937
1740140
2942454
4589019
3358965
1734038
1789030
4354052
4653811
3360300
2040248
3585175
5604977
1944779
1363469
4122390
5772898
3238830
1950278
1660171
4454589
2509818
2179306
2048167
2727972
3176733
5830008
5864094
4292273
1666030
2816893
1870758
2471181
5724873
5425877
5852268
4347273
2013824
2815304
4038351
1867944
1572997
3536360
2143338
5090681
5414700
3577592
5076721
4638988
3242663
1043778
2894705
1623827
3771956
4790597
2692791
5691573
4577971
2377988
5886596
4435024
2324785
2658301
2266246
5869941
1127028
2979400
4843214
1016896
2623197
5491482
5516702
3393713
5732338
3048932
1861900
4467147
5772328
2174910
1508732
1066397
2559345
3045545
1791519
3476533
3255603
2142104
3142600
1102584
2734654
2638290
2602257
2816235
5828778
2025939
5839342
2938609
3150380
4202105
4080633
4345449
5153613
2847583
3730627
2614587
5972176
3929004
3587337
3762591
4909582
2810978
2372481
1793705
1665342
4148748
3175390
5040934
3443287
2419026
3192336
2997294
4434810
1876220
2500989
3455907
5289536
1010728
5375607
2242457
4825980
3417890
4276066
2909453
4233656
4019573
5359527
1037086
4153342
3112530
4783555
5927726
1518072
1846331
2252582
3327663
3472329
3550631
4505732
5242747
2076329
3199619
1218844
1556819
2676299
1192974
4391711
2332378
2503259
3518809
1948907
5056036
3771886
1617341
2831835
2538788
5718628
4906830
1446277
1064535
1320923
1387703
4298117
5098178
1554373
5218041
4022104
5817321
1138109
5713016
1538134
4566810
4385015
4523063
2087117
5939045
4966868
3954823
1863098
5747101
5878388
1283320
3814512
5214014
4814883
3946969
1532873
1339003
1348707
4535873
2497730
5657718
5945398
1321055
3155951
5741435
4486423
5609070
1740080
1016948
1922170
2300987
2322924
3257077
2467116
2666249
4653327
3975523
1142883
3585390
3237069
3505447
4452190
3710320
4305619
2670958
3548235
4272720
3580979
5639977
1482529
2359111
2366543
3980572
2711672
4486915
3864450
5760214
2505194
5624784
5090940
4357823
3849960
2425541
1365290
2315979
5219350
1125422
4615910
5707218
5548138
4477344
3305431
2387968
4250907
1019468
1354982
3015266
2096143
1794680
4353446
5911301
1604438
4934636
3609607
5996389
3200510
1109993
5721800
5982946
3064413
3345406
3016583
2687346
2775625
2193038
5391593
5938428
3548007
2089053
5758699
4417496
2753349
3999532
5331452
1361743
1895733
4385221
3316711
3869753
4705679
1369847
2791126
2102200
1199832
2971374
2769508
1244379
5754379
2306933
1240335
3768332
4930509
3998508
1819322
5512128
5869543
5454652
5149588
5948874
2880797
3201216
4455580
2214450
1844644
2616589
3215210
1401339
1105327
4945662
4144781
3007803
1850070
2748804
1058438
2747056
3193514
5645275
1188976
2675102
5970147
3485188
2115495
1329245
1382008
2068117
1936998
5723108
5046315
1667669
1397577
2888706
3897577
3479230
3979616
1197306
2134821
4549344
3273312
5490881
1678776
2084719
3311750
1684537
2742554
1253103
3872851
4305931
5393344
4122215
2912040
3651549
4100332
5490541
1977342
4576871
4147138
3760933
2076283
3653628
3378111
3599867
5216068
1995701
2750570
3816943
5655248
4699434
5222923
2291982
5707981
2080311
2609402
2777424
4542842
3834682
5077746
5891469
1536126
2003370
1352891
5667513
2985462
2127408
2560399
4966670
5170764
1574016
3241576
4834945
5754081
2282335
5983732
4394068
3032106
5799527
4758088
4062952
5490890
2004497
4796462
2890947
2154121
4240288
4694000
5754549
4003280
2241696
2322972
3341476
1342118
5959843
4501160
3623015
2221654
2723989
1551511
3861383
1340307
2601076
4917842
3755859
2570379
5394947
2273133
3530646
1900763
3623563
2313922
2820680
1251812
2388519
1655223
4799424
2552867
4119381
3133453
3846994
4785396
3016037
1661508
4424368
5377907
3378393
5360674
4423841
2623696
2714990
1642475
5103869
1552235
3631578
4448452
3994017
3413656
3601069
2176227
2500614
3663170
2500132
4657611
1594161
1022048
4692654
4203375
1159759
2312246
4938710
5428794
4409803
4361023
3351489
2836517
5721384
2851476
4669246
1597617
3852321
1748823
5874719
3658510
3372100
4876257
4386606
4722349
2966821
2902178
1823559
3454303
1834519
5425764
5026205
4546055
3675340
3888088
5017637
4297232
4740769
5599172
2475280
3879803
4226328
4657488
3329069
1521904
5500000
2002576
2417977
3656757
4395257
3434504
2164912
3772140
2251712
4088340
2986601
1012509
2551866
1027576
3479319
1373811
2030163
1189366
4377377
3855693
1641260
5341728
2314351
5781430
2459530
3102267
3808822
4772465
3100271
1192864
5590519
4167535
1916808
5343855
3280097
2861223
2895191
3961916
5290455
4323306
5925545
4736742
2434069
4061211
2789266
4964975
5959041
4964888
4605718
5104788
3707386
3611080
1140534
2358129
4725143
4163461
2045670
1011697
3998052
3576960
1193852
1486996
3182938
3908241
1769811
2698711
2185712
2624327
2330408
1428577
4775681
3042777
4779015
1356340
5195406
3401007
4106579
4888277
1785496
2939050
3674272
3671978
3075846
5371163
3701299
2437768
5473624
2250144
3650451
2631686
2520046
2894257
3410032
3771741
2189549
1043479
3721375
5827670
3432520
1040566
1663258
5915054
4454204
5420412
2004084
5614213
5550024
3715487
4053819
1017897
5312567
2629326
3141721
4050861
5510617
1186511
4411412
1951937
5493872
2360538
1447521
1689110
3650105
1191918
2798530
2705381
1224208
2834460
5256223
3327485
2296369
4602708
1591177
3729475
5801337
2046454
2698634
2943046
1071100
1117522
1580826
4989240
3680455
4806477
5165528
5228929
4599769
5403018
2332268
4675899
3747872
3593121
1934699
5810889
2911102
1160938
2995867
1751933
2013918
1075689
1878367
2388326
2850204
2284934
2320860
1809716
2336380
3580025
1657312
5291425
5415748
1362353
5685053
1750625
2860497
4937751
5682757
2137891
3178262
1149857
5411474
2452563
5397802
5258684
5171792
4713893
4875925
4885556
2371364
3813500
3472745
5409229
4952730
1083446
2652820
4233209
4854755
1122146
3587801
2153694
3362377
2883196
4114170
1540945
2988584
3600238
1997454
2141442
5671304
3022349
2206159
2710353
1872251
3923900
4785248
3861064
1045574
3096760
3910211
5991883
1085941
3412664
5175116
3777892
5002811
4267517
1541490
1470206
4594907
4000112
1388618
2765119
2032674
5785841
1850926
3854398
1463834
3466381
2388841
4503591
5243392
2528040
3149132
5107937
4499296
1830314
1015325
2816920
5029790
2941835
3390173
5595834
2224627
4675427
4089160
1882695
2488883
1678022
5454887
2523559
4667553
5025945
2184328
4982106
3532301
5160364
6011526
2407619
2535158
1229421
4519868
4655671
4613760
4897302
3010772
4284313
3133628
5978704
5296423
4070417
4538818
1878277
4961234
2098625
3564635
4923442
1645142
5907903
4827504
1945753
2657130
4355179
4252106
5080087
4549193
5549858
3834096
1806675
1343526
1301708
2928386
1259823
2886786
2537752
4120998
5547404
4539260
5526725
3334389
2485540
3867670
4935848
3483990
3941245
2231875
5388067
4903069
5464557
5138725
2727422
1263578
4125981
2936914
2654705
1894677
4631417
2826961
3184913
3008358
2035860
3705489
5401082
2060856
5838153
2682382
3042296
1666380
5618235
1207376
5576986
5950372
1679784
2152559
1417530
3535417
5531771
2113336
1583000
5835484
3958967
3351901
1032028
2367156
3114717
3515595
4142217
1129634
3946910
4547706
1999733
6003407
4528324
3152836
3464868
4285961
5559392
4860458
2196117
3398981
5118148
5434348
1668084
4493583
2232684
4874100
1223415
3904590
1937762
4201064
3092236
2902706
5545064
5374635
5055520
1619184
3299861
4569847
2704534
3222771
4806594
3743979
2863212
2886651
3164656
4442487
3056792
4881157
3876569
2547319
3969081
2098674
3281745
4497546
3400880
6015825
1140446
3982943
5010240
5800699
2975118
4871225
1337957
2255299
4785211
5420725
2364752
5550791
2206396
5257858
2953485
2264024
4236631
5171952
5326781
4998880
1308559
2787653
3676168
2986680
5537086
4691436
1844819
2831166
1335204
2205048
4581652
2852562
2871636
1043769
5952807
1305291
3955326
4747323
5399424
5657639
3515914
2889635
2829547
3621086
3816734
4514822
5166871
1873060
5423557
1990517
3824446
5660190
5895466
3616212
4787621
3330828
1354055
1206331
4991967
2158290
5156148
1946295
4232206
1201027
1820557
4972669
3479294
1416126
4467707
4234621
2129929
1820091
2182983
5417154
3840993
1759778
2704671
1330141
4977524
5645130
3641846
1796933
3560363
2349587
2411200
1795337
4230824
1953011
1723073
1780591
2712004
5418473
1353461
4309367
1158194
2766360
4526041
5087756
5172283
3562959
1088468
3996105
1457046
3801751
1623976
5995556
5916530
4873726
2355188
5115926
1865312
1192057
4226606
4386113
4015070
5692843
5977970
1801163
1633587
5838998
3877800
5927488
5394492
5575523
4596358
1662369
5403630
4992971
2352327
5393507
5346448
1651339
5818885
2329775
3990313
5905985
1910514
5968867
2264778
5518345
5289163
4027285
1391998
1591484
3857974
4410406
5650637
2234715
3928173
2135952
5044171
3748639
3923319
1570514
2537260
5308647
4917235
2485353
5708880
2018029
5291085
4616740
5616451
4292974
4968161
5574644
4144540
3671794
2989030
4859987
5879967
3876334
3779978
5809598
3237579
1937665
5670915
5808378
5752337
5759227
4083178
5113988
3354219
4151037
5330348
2676748
5331802
2662262
4178233
2889373
2073695
5371176
3855337
4227838
4773264
1423041
4369233
4049774
1068637
5702986
4505842
5890393
2220384
4392896
1127278
3071070
4479029
3115258
3740826
4350134
4826851
2132587
4234859
3563445
5849331
4399800
2100928
1295015
4752380
5946430
3409518
5925142
2171776
3739938
5345576
2311720
2253183
4931706
3289173
1842663
2890291
5735319
5914200
5573877
5748327
5238908
5074079
4985331
1645326
5534588
3123832
4142150
3136686
2929639
2861391
4346889
4705623
3149503
5059647
1447860
2170553
5821103
3958279
5800596
4403026
4213975
1899291
3110282
1612544
4909340
5700665
4694350
1505915
3545541
5566383
3765372
2532361
2606702
1338723
2798019
4446894
1797002
1695373
1236936
5128540
2848527
3916487
5189374
4267270
4368551
2034825
3210309
4871915
1412311
2529966
5438859
2544293
2835944
3289453
1768684
4830255
4148470
4172206
3995613
4317818
1429517
3203172
5794251
2403150
4158171
3847480
2184833
5422841
1605952
1923868
4544700
1060219
2633999
3912387
2036810
3762989
3149871
5466058
2961722
2148707
3876805
5255307
4701824
4958679
4142966
2814626
4186082
4503376
3035573
1365373
5901556
2228117
4556170
5115223
4564368
4346104
3323024
5643840
2233824
2013330
5198902
4333141
1680575
2704142
3348151
5306463
3924502
5356401
3720751
2959632
1978553
2109004
2872438
5874906
2024596
5840349
3339061
3758750
5719536
2441790
2279210
2767966
2796087
4572241
2496645
2761607
2645942
4799208
5340754
4324765
5978522
5617417
3605590
2607941
4310792
1454326
4017908
4359864
1256255
1138050
2953891
3768380
5953040
1964946
1412777
1324250
1238510
1683806
4082904
2172851
2295989
5514945
5954674
4851040
5944846
5829900
5357890
1959164
1038010
2951566
4648142
5694792
4530203
2654202
5633596
3741019
4889858
4628822
5659849
3494568
5792265
4416558
2044928
5464198
1913430
4235771
2616444
5060172
4194671
4673190
4851859
3355968
2074940
2031103
5774999
1564585
4233430
2553960
5873847
3261448
5177481
1880735
2352918
3949906
2781355
3490602
4440691
4636613
5514047
4723928
4024498
5454564
5320885
3078272
3504611
4811682
3136491
1624388
4734370
1689296
3779751
3298271
2714830
3973279
4071640
2024371
3089990
4393950
1069530
4799925
5941352
5957358
1029456
2206540
3502734
3851138
5846309
4236397
1072093
4446064
3081051
1477442
1587116
4009949
3940007
2889738
2543163
1254226
2537408
4270844
2466664
3684252
2942686
2415132
2677092
2844392
3851702
2952231
1808719
1835900
2101006
3330256
5131156
4264543
4395630
3095433
4484252
1220622
5334329
1352634
5146630
4166648
4706816
4436370
4247597
2529791
4839274
4615374
2437469
5602060
2489815
4682466
5638955
5129911
4674626
4219593
5179424
1798646
4454827
2849298
1866781
5447092
4279876
2821297
1164195
3364791
1124641
2901858
3806080
3410075
4778362
3990960
3229359
1535647
1776420
3535771
3727199
5354737
3773309
5036460
5628086
3122702
5442540
2779945
4655380
4589162
5738360
3099230
1268108
3266186
3996745
3360338
2081840
2926887
5547681
1093500
5274755
1093561
5358575
3393340
5077881
1331276
2682123
3149084
2709195
4885706
4704615
3496941
2054082
3870036
2359361
3462311
2876174
2155054
2275037
1157768
4332884
1967287
1990990
2357163
4167704
4709186
3481785
4581628
4307348
3051869
1855001
4203829
5619109
1871985
2136419
5437809
5973995
1392152
1320130
3241605
4641184
1390875
4912631
1367730
5228349
2402249
5576905
4590209
2073122
4022672
3652555
2423187
3938693
3324310
4001081
5140350
1600861
3824301
5693571
1061151
1510018
5376048
5338810
4067379
4568791
4387076
4983460
5270454
2413406
1154776
5153359
1497640
2410056
5326826
2490387
2552502
3176181
1498693
3639264
2074194
4780532
3269857
3610697
5427256
1128627
4654618
4631354
5686413
1227927
3120366
4929777
5357541
4349336
4484811
4873582
2019025
2204365
2588548
2558680
1262930
5623986
5264018
5853093
2710304
2060566
2030509
2873093
2248166
4864906
1883116
1019289
4910529
1425689
2446411
2160041
5975895
4165992
4368825
5501398
3769600
4739786
1236997
2223484
1662932
1223745
5462320
1343903
1274955
3374227
3936819
5364191
5038651
1765688
1588546
4808918
6009206
1126864
1335525
2678083
1080555
4177261
5127500
1156824
3554734
1153266
2243251
3094203
5637676
1359788
2805001
3888259
4086523
3771472
5537005
5205850
3038628
4136483
2234946
2558479
4174974
5738765
4195057
3385463
2556797
4547743
2190449
5463718
4044265
1824657
3699229
5964774
5088938
5896732
2134560
1591106
5942809
3898158
2816530
1507865
4140743
1724530
3949120
3926099
4142238
3018270
4494150
2826273
2304055
5483072
1908833
2755138
2511325
3324335
5669144
5994070
1205054
1882894
2742917
2642298
5849530
4452806
5294646
3181252
3351771
5980619
2946556
1134376
2304364
4662082
3507954
2713275
2036923
4952991
5057110
2592380
2772628
3574500
3925222
4862305
1948556
5269415
2128668
5727464
4713889
5669961
1495275
3085858
4867326
2681833
2899120
1619157
2272410
5288149
1772845
5850046
2324230
3159325
4862613
2547993
4526511
1592088
2921401
4239007
5338496
1171697
4899547
4977980
5630492
1658629
4836647
1236250
1610108
1969957
3541591
4633782
1882005
3784159
5786938
2621310
5662950
4723882
4234812
3054282
2647832
1364551
2862323
4909971
1191836
1117436
2105527
3589539
4553387
2148832
5985215
2831681
1923039
5479622
3454493
4740055
1631356
1327844
2793355
1073438
5021592
2415483
4056567
5482460
1514971
1236885
4720552
3303623
1555940
2340944
3234960
5518812
1301077
3957406
3578363
3586839
5510992
4956456
5498764
5801297
5862183
5899792
4198372
2789692
1066706
2163784
4154761
4554011
3211895
3137412
1103301
4848484
2789068
2467330
5095227
3370514
3977762
2481250
5264489
3386647
1589238
5924006
4133610
3195795
4375623
4393965
4779082
4492940
5232844
2237269
5756995
4221297
3648342
4481346
4141006
3266950
5483289
4691677
4010382
1138868
2456743
3090583
3421284
4884560
4566108
5694204
4933446
5604318
1061280
1851413
2376651
3248276
5186950
3024453
1045928
4869843
4888911
3569008
1978675
1406270
1061547
2733490
2169023
4456545
3219053
1676930
4118675
5572995
4020363
3172039
3873592
1793284
5677744
1261077
3523848
3152809
4634678
3498709
3148769
4122057
5928511
3018561
3425166
1483023
4446458
1619809
4760003
4228843
5098262
3539090
5136222
4334779
3094998
1160812
2466784
5503421
1257555
2165464
5125042
4531603
3983027
1195684
2811862
2790723
3145157
5400696
2255173
3482315
4618282
4026242
2925116
3779831
5470690
1959112
1194771
4306200
3912295
2105508
5560904
5910233
5308612
2326631
5931995
2775211
5146682
1549438
3784087
5558257
3119082
2518314
2124491
3716938
3367650
4612967
3694036
5269992
5095886
3426440
4125285
5336539
3990740
1842891
1621796
3196900
3179447
5029112
1539025
3098097
1010236
5485952
3876989
3110578
1572487
2071770
1112891
3767149
4310499
4896942
5023333
1153621
4920183
4733704
3567640
3020082
2298372
3258828
1488056
4635760
5540235
4935219
3092022
5065211
2667933
1593323
2120619
3481079
4773910
3672570
5170152
4582344
3780765
5950397
1842130
2517487
4474112
3843220
5476456
5362839
5799406
3990051
5395918
4590473
2165953
2076248
2423237
2801086
1110749
1230600
5632942
5580764
3174590
3042657
4242897
5464046
1168362
5085751
4917368
2948567
5157652
3190834
4934007
1460269
5087001
5316493
2695007
2160145
3265601
1955602
1034464
5959085
2579531
5387227
2144669
4108287
4125413
3763333
3809850
2965741
2328259
6010517
5563318
5788216
4859696
6021137
3715519
3319554
1450127
1435953
5239376
5819523
3312776
2176199
4206166
5744541
3054266
4604100
6004447
4638579
4043287
1748544
4204672
5096442
5819502
3149352
2813843
1844072
1907521
5888341
5560937
3685598
5634932
5620213
5291456
5865307
3775457
4082420
5267074
5505989
4618390
3527905
3654706
3330703
5127012
4125480
4493511
1359640
3986061
4109356
5664222
1983154
3211325
1900939
5770129
2461842
4878788
1334975
2155112
2883162
2665454
3663636
2535820
3287137
1259532
3154388
2465816
4980336
4711440
3669308
1194843
1934242
5397751
5772900
4205836
1507053
3151079
1077587
2693503
3787156
1581141
2524253
2554508
2586016
2237697
4680572
3363231
3451290
4048309
3015805
5698737
5538584
5692387
3595830
3511698
3257532
5469053
2628906
2122006
5180214
4773969
1963207
4793698
2620215
2565121
3978962
4216331
5710815
2270774
4437627
5925507
3717912
1475735
1551295
1502447
3136552
2825507
5997586
1720850
1585727
2807802
1265395
1419598
3425151
5682422
2435104
5830344
4517493
4962621
2607276
3892786
4989583
5246030
4464008
4098709
1011118
3607856
5595225
2908926
5546831
3096299
1162758
5245526
1099050
5951662
4226621
2867574
2985365
2745432
5720921
2979705
3915910
2952202
3863313
3870746
1118654
5672122
5535854
3731827
3642664
2378262
2732185
1390069
3150100
3680132
1435330
5553717
2474080
5722694
1234135
4121131
1346060
5291107
5653202
5551617
1445271
2313599
5647020
3707754
5401671
1933839
3773187
1556274
5389296
3188784
5211427
4667787
1217500
2185442
4000297
1931804
3762704
5282908
1240279
1340942
4055561
4644999
5651731
5655745
1864485
1673884
4407998
5369553
3808453
5858266
2041137
2870003
2373986
4921380
3747123
3288310
3006407
5993807
3023103
4066497
4888193
4079925
3524802
3396666
1473122
1534389
4309576
4614721
2591835
5842027
4761726
4065716
4260522
3965493
2414094
5339391
2372233
3357808
2023615
4770031
1549666
2782297
3317155
5824986
4530450
2565192
5878462
4840865
5273593
5413356
3493522
2714336
4863510
3383711
2300730
3357561
4676758
1856365
4273979
2411165
5982065
1609707
3527744
3928441
2416705
1912399
3946604
3300620
4147491
5072896
1965487
5188549
1441141
5921707
5373749
3779155
3103555
2576212
5141951
1756698
5937072
3719365
3876812
4697391
5947850
1788449
3301591
1664071
5330593
4639288
2525172
1821775
5442516
2617177
4620657
5098866
3167435
5713079
5730755
4096521
1017937
2863954
5726983
1666581
2425982
2405556
4313692
4641577
5968466
4682813
3496918
2637084
2919914
5145741
4111517
2108388
3993976
3307378
1803155
1152930
5753243
3065434
5124836
3835849
5464826
2679455
4811387
2815642
1502565
3971590
5353781
3977785
3978941
2994787
1991903
4290683
3046144
3139658
3237826
5884929
3705268
2256504
5701843
2134456
3214054
5538054
2650889
4088331
5841957
5582813
5426047
5512888
5093118
4758978
1949281
5018949
5749169
4161403
5396056
5305990
3979976
3736017
5941718
2008935
3685663
2126555
1584204
5793427
4862562
1667102
2846427
4538924
2319125
5987297
2064037
2648849
5637130
2018145
2493193
2083974
3907035
2007927
4315104
2019869
5527049
4237060
1402250
5658941
5318432
3148504
3220502
2389046
3720233
4327195
2844343
4581995
1302881
4778198
5004586
4122677
1333632
3119313
3928931
1689990
1376833
2169175
2133289
4491142
4039882
3197081
5128752
1218133
3835012
2210821
3405662
4516341
4707108
3201053
1536175
2800673
3151040
2376268
1072923
2771243
2325279
4944311
2649691
4918231
2842099
3961505
3703906
4543286
2060291
6013522
1378630
3810015
3408390
4641001
4664692
3094800
4539693
1507181
4068673
5551977
1814022
2008567
5396663
1046043
4666777
3637705
1059377
5667148
2678217
1224886
3843247
2350779
2579078
2975384
5748252
1933107
1123860
3218343
5737430
2086687
5175996
4436164
5866303
5719369
2875212
5530606
5541315
1600421
4460306
2271226
2728505
2799419
3390485
2143794
3718163
4741734
4505947
2196206
3115173
1778306
2872070
3925609
2361884
4964843
1562201
1904397
5711077
1963687
4567935
2305318
3459826
3934588
4394132
5151420
1271585
3607076
2906126
2154710
5862978
2620084
4940875
4306845
2984290
4094752
2300434
1768401
1875525
1989696
5058133
1367148
2624985
1582216
3800413
4197875
4781469
3032402
1247629
4108331
4299087
3695781
2672943
4160727
3670574
3611521
4226016
3729348
5600191
4280388
3804466
5595787
5805082
5301290
2646202
2770109
5103984
2409164
3919416
1550900
1834051
3900931
3885489
3233775
3716132
5677081
4402714
1622140
2189488
3766868
2586095
2549934
3031969
2854502
5119648
4987804
2622278
5622109
4415110
4407034
1252420
2361879
1038875
1277304
2343590
3469093
5964725
1374868
4100358
3198888
3997425
5484666
4004154
5499496
1620698
4645963
2646733
5051231
4289263
5424554
4887201
2917797
3348598
5928346
5467487
3758657
2534784
5343102
1268166
4842362
2800474
5199649
1669710
5769124
2208034
1025660
4325014
2709001
1567132
4080301
1285324
1710137
1252678
2224651
1974210
5630732
1592991
5505251
3243387
4546791
1011573
4325109
1242625
1214433
1963646
1420910
1859510
5349607
4726557
5833355
1669333
2245063
1033286
2909564
6005074
2091524
2313006
5155397
1462455
4516867
4687662
3897603
5675138
1382768
2709179
3268196
4718952
3434359
5299082
3903357
5445330
3617244
1169829
4984022
3623664
1883234
1200111
1564320
4565588
3700420
3102505
1112835
2929409
5981908
1982761
3577044
5634037
3634711
1570592
5715368
3542471
2787286
3779021
1660965
2284919
5136912
4156468
1505402
3862318
1612419
3366611
3664292
3842477
3061137
5662396
5014758
4922339
1939262
5506850
5064364
5657208
1760056
1708369
2526454
2078893
5905897
3674341
4825442
5242070
3465117
2187479
5153680
3355916
3591918
3226399
2480124
5350700
4790555
4936645
5888707
4996274
1212655
2994703
1395212
1017032
2190858
4216582
3158611
2721794
5741100
3322796
2256200
3086063
4579663
1014631
4240030
5051913
5644252
3597822
4533083
1970913
1505787
3627220
3583395
3748503
3146017
2477849
4980851
4906135
3461255
3806228
4844780
2630618
5737133
2579939
1081623
1850062
3467357
4597405
4159804
2780417
5271643
5020527
5360656
2363737
3945348
1989259
4534536
1460302
1155153
3154280
1094470
1625703
1118179
4522356
2429782
4157237
5528377
4865636
5904726
4568982
2185231
3333351
3520305
4734638
2324704
5084945
2114441
1038921
5236321
1947638
1697183
1492842
5525971
4766487
1715241
3087535
2966004
3063496
5614038
4923096
3059450
3450185
5512975
5138610
5027149
5436545
5545640
4757305
2626966
5904104
3904125
1333333
1622985
4417878
3969726
2270678
3798745
2503526
4039355
3908792
3334903
1143432
4630503
3857455
5221422
5593397
1479544
3385868
3878548
3594627
4799993
3949010
1907366
3614771
2529754
1199430
1396731
5644543
2653601
3265072
4530780
2029561
2320824
1380459
2639623
4942705
3914064
4622024
2121994
4387081
6003513
3216610
3821703
2126070
5501966
4510612
4681866
2815763
2100743
4463045
2173464
1811172
4126111
4545173
4151975
1658749
3740283
2695185
2830179
4342748
4858905
2433266
1606816
1500853
1945175
5326689
2711045
3075923
3339564
4219500
1025439
5015687
3374871
3557189
1482416
3739820
1614605
4531654
3245120
4223116
5187865
2128589
5163774
1553670
3587950
5714494
1138434
1381520
3383690
1220550
3479956
1638931
2675809
4095611
2349578
4994207
2544845
1901278
5536009
4478173
5873546
5396226
3503399
4480665
2737270
4717801
5257595
4296935
1103125
1877724
3134360
3365248
5499736
5621632
4322322
5070308
1397635
3321228
2846035
2937202
5061723
4590858
2626416
4029399
1986482
4486819
5163646
4401921
1974395
1993126
1602381
5526327
5463158
1127856
1159771
5411053
3758020
2587713
2723535
2630109
2628078
1696571
1429990
2281697
1124599
4459613
2814504
3503545
1334322
5351267
3824983
2136782
4090679
5169822
2252287
2801963
4933647
5497196
2613752
4122942
3115724
3287998
3914750
2827269
4625287
3572041
3132555
3819233
2675276
2636964
4176851
3788783
3744475
5111201
2950329
2856315
3588907
2044020
5143551
1959069
2185666
4468928
3818636
1225268
1494687
1798543
5556993
1609482
1031712
3812290
5772503
5348980
2859666
4893140
1131533
3295202
3989753
4922388
3126309
5974311
3837182
5700363
1396804
2045212
1141587
2852402
2748138
2466326
5857447
3283207
1341474
3099737
4235630
2621821
4384092
5070717
5533136
1117167
3700848
5233288
1672104
3882138
4268523
5704179
1980818
1013652
5589266
2065360
4841086
1924498
5515662
4819955
4631649
2198079
2103455
2218009
1199341
3435209
2343620
1439180
2409318
2467184
5716941
3835981
3862370
4715345
4001129
5007107
4626116
4144656
3145498
4867779
1967758
1664135
2677338
4109662
4130440
4934775
2148579
1287995
1205826
5759692
3443609
1614399
3186604
2859627
2023145
2861231
2207085
5975782
3921407
5662523
2218242
5719608
1158724
4774032
1225474
4949930
1064251
2186631
6020035
5863838
1238016
2359220
5072326
1529260
2458172
3745580
3200729
5861658
5365727
2274692
3651893
4504482
5602188
1186786
4111146
5112960
1418682
1342246
4784423
2164316
5733278
2611803
2207555
1099043
4554667
3834850
1970369
1196172
3991898
3527780
4077954
4718873
1976940
3180636
1060687
3059340
5027984
1749893
2041492
2990935
3825363
2848775
5216381
2921098
5338429
4493843
3533921
4063836
2424564
3493741
5124308
5976367
1295082
4345337
2262299
2523441
2536152
2662981
2733751
1189228
5934158
5941587
4914922
5597202
2158207
2247997
5378965
3543525
5363392
4024276
3599341
4048827
3513489
1103082
1834698
5725136
3475276
5644646
3438351
3024130
1413793
1545566
5556230
2806056
4764714
5163521
3233838
3569380
2835975
2228358
3037358
3551271
3330626
2548308
3884522
5362511
1568486
2023771
2511895
2369901
3543154
3050131
3706631
1620841
2998603
2193343
4991548
4700660
1343751
1128615
2879106
3217620
3768818
2561900
4540650
2646511
2496810
4378909
2878762
4075471
5205944
3168226
4156973
2120748
2135990
1605012
2604187
4859124
1932619
2543062
4334740
5478990
2463984
2100616
1745456
1391090
3312473
3439777
1015481
4624408
4725242
3593055
3979792
1240733
4443790
4774234
4411904
4665733
3649076
1270869
5800479
1608301
4082962
5237782
3686915
4503770
1433633
5810384
5731735
6003088
2965282
4837058
2171719
3692201
2104656
2224509
4255081
3312540
1226963
2520939
1020012
4765727
5512958
3224253
2078104
1677191
4974931
1408708
5308478
5730663
2325369
5790848
1244889
3783938
2022025
4719521
1316693
5942207
3400540
5452498
4745581
1380013
3953774
4611439
1450429
5117416
5125681
5089915
3609923
5276595
2497338
1471569
2649245
5473384
5597163
4422899
1514162
5906127
2373395
1538865
4861991
3037491
2811313
3022897
5199461
5603796
3764560
3660810
4558471
4404526
2325583
2993145
3466591
3445079
5690776
4512577
4380529
5229679
2069656
4678565
3040927
5305413
4289349
1438139
2171813
5346925
1129232
5273135
5562161
5451812
5379955
4505672
5390303
4841296
4272651
5062089
1918481
4462604
1630851
2412969
3293992
1167285
3216654
2477426
1443902
3910133
2707415
1027358
5006844
4124070
1315930
3935634
1023319
3169814
1454563
2749776
2883104
2699438
5932716
2546291
5279662
1059267
4485512
2478304
1773266
4658425
2430517
2670705
5716577
2606082
5105445
3720109
2325572
2001634
1669703
4287734
1133638
4733409
2015664
3290550
1863714
5906194
5284921
4560474
3431909
4570484
1752747
4813773
3132843
4197482
4170635
4685234
5318873
5414276
3423039
1541618
2727997
2168562
5049346
4958191
1994396
2881876
3495582
5560245
3988055
1328525
2499215
4963097
3656100
2162078
3893810
5615364
2499294
5946236
4585279
2224786
5555702
4645499
2721109
2314774
3339690
1586066
1636700
3945739
1049781
4864211
2770407
2135851
5673860
5616069
4824621
4115349
4233502
4367240
1824296
2931227
5249305
2703874
1808832
4751663
5498037
3332110
1106869
2735690
1350727
3861952
2840422
2385907
2195641
5456502
2224747
3497862
3846440
4599876
5076372
5939893
1176403
2550975
5987353
2776780
5294848
3064135
5068774
4699220
5123463
2873995
4580447
1845159
1995414
2013382
1755544
5402388
4418936
5013082
3527594
3689358
4908910
5375559
3241265
4710226
1034001
3526448
1893914
2679266
3638210
3358035
5176314
5036363
5882549
4814075
4216379
2441880
2485763
3670229
4576812
1418134
2507311
4820464
4228257
4075330
3464794
2526049
3898886
5870684
5749355
2775734
5633440
4751931
4886325
5482522
3423978
3780432
3080197
1774248
2687202
4601242
1115921
3591405
5200756
2400799
4193477
3326868
5118823
5158757
1766932
2475854
3805406
1110298
1954892
3495508
5395464
1248845
3820923
2240309
1530386
4961252
1351435
5895531
5232642
4402324
5271871
3774891
3198720
5962655
5007932
2099612
5418451
5146145
5878275
4998950
1793932
2867815
5368460
5950169
2643153
1882191
5189802
4272202
1461970
2088343
5286565
4092769
2953441
4237320
1301670
3298831
1685248
3180450
3179219
1811065
2543152
4067683
3958231
5688513
5781370
5856288
3068016
2339613
3942614
5208903
4942666
3514114
5870777
2922988
1698791
2153391
1140702
4634330
1214774
3538532
1687796
5959705
5086125
4039499
3165291
3436210
2476819
1990616
4188993
3039720
1846090
2356906
4210903
4864159
1711610
4413710
3902419
1895926
4689546
3246162
5341248
2402614
1675299
6011766
5120812
2170457
2063596
4141618
3724746
1503668
4912706
1964922
2379761
5667124
4558405
4652907
1687859
4221728
1419607
2426992
2088887
2885376
5652213
5205425
4326528
3415759
3436045
5425843
5116684
1910471
2297617
5023479
2520370
5572598
2492010
1020122
2252933
3588721
3945383
1374111
4497737
1104104
2631612
5964498
2331104
5663454
4873007
3738518
5927611
2832313
2543771
4110572
2127642
5680459
4693444
1324030
3368738
1095537
2378952
2028447
3147903
5162432
5308049
3017921
5387833
3986607
2785263
3735195
4106297
2273337
1091126
4775280
5642683
2309640
3208516
5082560
2928699
5848160
5303289
5582362
4387964
5730089
4727346
5010070
5405719
3201335
4961459
2275425
2870451
4839754
4468059
3458189
1792772
5493080
3654262
6008584
1566316
2776508
5483807
2681126
2555592
5685223
1383992
5360236
5704565
3323722
4716378
2876030
2825647
4223603
4553310
4557113
4542508
1198870
2852320
3416047
3804304
4567637
1098683
5839816
2320836
2422970
3496219
1622308
1202108
2821069
4774742
4222336
3173384
2328452
2705535
1871168
5755610
5132042
1339211
4357374
4141884
3815150
3187462
3655575
2642407
1670497
2869380
5629539
3177943
2249176
1021749
2317191
3320081
3176771
4000707
1596759
5383062
1995153
3496809
1176142
4427233
4812515
4496488
1165634
2968311
5760015
5808583
3722736
3562302
4517119
5064791
5591587
2665189
3820453
1616369
4616193
1536079
5278235
2807197
4584974
4115543
3121995
2671086
5098574
5413662
3624697
5368023
5362720
2952284
5248535
5536735
2509288
5771075
4752446
4866996
2762367
1530083
5428124
4553509
4254353
4635512
1071138
5843473
3709104
2860961
2814852
1040582
1960114
2233067
2301804
4128049
1035512
2864577
1690511
1377269
4909986
4821244
3979919
5898464
1783544
5710827
5840836
2856577
4618864
4702199
3016176
2190763
2561031
3059185
5682094
5977433
4747648
5473028
2580754
1423630
3647036
5155981
4209345
5100813
4752239
5718663
3826354
1624151
2735470
1188815
1486207
2609083
4342149
4731374
5403303
1970442
3450246
1114072
3955804
1847643
3828154
2715935
4253249
1177970
5737977
2836122
1327584
1630285
3583076
4236928
1111664
3527034
2311004
5103496
6002246
5569775
1178273
3594322
6023453
3581754
3067001
4127339
2462913
4647923
2745574
1473467
5770947
4940105
2519152
2576160
1920503
2943260
2075973
2377939
5157267
4878808
1415605
4620169
2890515
2991277
6002986
1038557
5890637
5649960
4911763
3737148
2628689
5483596
3280994
5494014
3544213
1381496
1253739
2628752
1754721
3657929
5018188
5872876
2660667
3440418
1265287
3355226
4428778
2839203
2030493
4551174
4304308
5098169
1957173
1043192
3807896
1114982
2652307
4186250
1974905
4724339
1993974
4499928
3347983
5626958
3723163
3612688
2130861
2665332
1088386
1644271
1158056
4760625
1996184
2395633
4772701
1369068
3054961
5193334
5945562
5402724
5396201
4182378
3416122
5571885
3524954
1112074
3261704
1999524
1542951
3284361
2189007
2332152
4322759
2523339
3822773
3142046
3819205
3995537
2276827
2277097
5724928
5177544
5876276
1159400
4865063
4868258
1610404
3592227
3305703
4017188
4108450
5902595
2026594
5830612
5033811
3112465
4681059
5521782
1359616
1904525
1014135
3936927
4047385
2563640
5095132
2715490
4051550
4245754
4900382
2272399
5459205
1130687
1353053
2812571
5567828
4818557
4470815
4600232
3187598
3085255
2107545
5566336
2289274
4625246
2400912
3359740
5813312
2596517
3302245
3403226
5988122
3190457
4174249
1383656
1102661
4106186
5843707
5295586
4754282
1575134
1822493
4857843
3168995
6024122
1252382
2281825
1463778
1807589
2996090
2553563
2512423
4681827
5829167
4704037
3747918
1291689
5752260
2053636
3566139
3928564
5605959
3734019
2838111
5672500
1403642
4283090
5583469
4684701
2331465
4626929
3769133
5725599
3901890
4967377
2796867
3259762
3777651
3737879
4191440
5936086
2630879
1047902
1959186
5689278
2461624
4592572
2393543
4482210
2209183
3724139
1224345
2148988
5039056
3163569
3487284
3035732
1438852
1121992
1540593
3787612
3014066
4932950
3134187
5496833
3757584
4145905
1209086
1357227
2355982
2169569
3462444
3929798
1472793
1244235
5852303
3769370
5946482
1638607
3935343
2653667
2939922
2732856
1023956
1883131
4598650
4196400
3191875
1923476
2576708
5207386
1564398
2579674
5201887
5555066
1918575
1139933
2378098
4525167
4819612
4385757
3242074
4553975
5506967
5638671
4173297
4646987
4344097
5940519
1443979
1362752
1765079
4453213
4657701
2308327
5709326
3954259
3141103
3272483
3758561
4091868
2274942
1101750
1007801
3355711
5093465
1677602
4232698
1047663
5270818
2019559
4821652
2531440
4535561
1302982
4468086
5967086
4012375
3666720
1094902
5961474
2785985
2759343
2609371
1223832
2145822
2223658
2172873
5130393
5085259
2400856
5827298
2448461
3823905
1449423
2170192
4568479
2762972
3043646
1535367
1789375
2049143
1465542
1716840
2262854
5994597
3107409
3298136
5630838
5449942
2410676
1389316
4751736
5351547
3400776
5883111
4907217
5331205
3778045
1256186
1590711
3683903
3747539
2211187
3280626
2788468
2821801
5086686
4155520
4324135
4829530
1691432
1192023
5352576
2142672
5964252
5640917
5125388
2113561
1235922
2989702
4314408
1048446
3548775
5121733
2401366
2153279
3629040
5782882
4019340
2127899
1640217
2038680
1169612
3202196
3109963
1818149
3865498
5887777
4021489
2162638
2796719
3521209
3746862
2675996
2418169
5151001
4752189
3110101
5634608
1108293
5851515
5713578
5585506
3930031
3483866
5642912
2623868
3087961
2324031
1656919
4764012
5055151
3607933
5984380
1975588
2863575
3951260
3379045
4611141
4591800
4603758
5771464
2617541
2673100
2611797
3831904
2955794
5229229
5921209
1477944
2859456
5063279
2531570
4713959
1144968
5871816
2575324
2132363
1567871
3134020
4826963
1661045
2940032
1345392
4111684
1740382
4142024
5396194
1867041
2072349
1240181
2386286
3545680
5033234
5275143
1603364
2087399
3254549
1460203
3517820
2662413
5953345
2316951
3556013
1299418
2229965
2608510
3990686
2973587
2321652
5124459
2272795
5553486
5984552
2214856
5412477
3287162
3523543
2261723
2968743
3622069
2647054
2123340
4326313
2796642
5002157
2144577
3813005
5074900
1549865
2560478
1042436
5110970
2591634
5864702
5567402
2321201
3696063
5601653
4883097
1832325
1594174
1388575
4041596
5071652
1364986
4379745
4130274
2262803
5434589
1175567
2296814
1250344
1673160
3897131
2460430
5542614
1023144
1007776
3116225
4943835
3692846
4544140
3077743
3689686
1415576
4543696
2707579
4357670
5448881
1083997
3369525
2161499
1639493
3039369
2023913
1582682
5615585
5636361
3625373
1611371
5092463
4509877
3715698
2078045
2971183
5110836
3670426
5615217
4767918
3868200
2481138
4395062
1619486
3087639
2222796
4779804
3874978
2216201
1981057
5582693
3383350
1508316
4171520
5139830
5010268
5391976
3686484
3052027
1760736
3619844
3322497
1732848
3658175
2244133
4964029
1711717
5533794
3022883
3728026
1877056
1436822
3424382
5153876
4882900
5312794
2925405
5844762
4972824
3317935
2822827
3205453
1853454
2217006
1414567
4004928
3244024
4346713
5550807
2692333
1502123
4750252
5438381
5188045
4477659
4539943
3012840
5044370
3101142
1183492
1754695
3533776
3451774
1963918
2552022
4137379
3734222
4354443
1417636
4997525
3144203
2617675
3176583
1498035
5395543
1235197
3583874
5577448
3614560
5415025
3738585
4263259
2521254
3861169
1556585
2038457
3265484
3708259
2462511
3716820
3914311
5615537
3276077
3855209
2035588
4558195
5767764
3064792
3687397
3219926
4046279
3467964
1790935
1457473
4714590
5140547
2232355
5827338
5009481
3131861
1804067
1699942
1370305
1460028
2618935
3320477
4395119
4687946
1842182
2169546
4142667
4486613
3465487
5688670
2317348
3429983
5094326
1567273
5430642
1477747
1953778
4239477
4229074
4085807
3209885
3616978
4653228
4472754
3688832
4210092
3683077
4624255
1278178
5016619
2066212
5515160
5299403
2548179
2419234
4052621
4657842
1934416
3628289
3707143
5559571
5797791
3445132
5817760
3566585
2078551
3342048
4196107
1278122
3692437
3769617
2739117
3646851
4849898
4874214
5011538
1705983
3271276
3227577
3252164
3807731
5537047
5736771
1601809
5168975
5401399
2587368
1817723
5144288
2942563
4638385
5846296
5213168
2336590
1183291
5423568
5437603
1277899
4313023
5139976
1542402
1434998
1271359
5234222
5397653
4950038
4400769
5758982
1277642
2797442
5332106
3710596
3318746
4099400
5608968
1117820
1660035
2964008
2978634
2597139
5461338
1246854
1020928
4499631
1743992
5975653
4142072
2220287
5993024
3612925
1606136
5137847
2835085
2597596
4186410
2500167
5934307
4908816
1510999
4386871
5261855
2303346
5091828
2534301
2602493
3054688
1769459
5592281
4914389
5119406
3812550
4986774
4410861
2847145
4595708
3811016
1113798
2614639
2235066
2261015
1244406
2236704
2520272
4865045
5136007
3096244
4907484
1760598
5331481
1606419
1589274
1258302
1137139
5944314
2279971
5735587
2390150
2231408
5513089
5939874
1689401
2246610
5172046
3929806
3654432
3903439
3658925
4548776
4563647
1140576
1602040
4256382
5770137
3760235
3347647
4383565
2315470
4674114
4099630
5573369
2150526
5134518
2395507
5529509
3840282
1808283
4466583
4306150
4956295
2079338
2245947
1213730
2781808
5046543
4682776
2446942
4555674
4065478
4670111
1075318
3214353
4350839
1711646
2443075
1718723
5929724
5790464
3662868
1449529
5953390
5160261
5308030
3842196
3702671
5285235
4638248
3892442
2497172
5209291
5364348
5430719
1531341
4894969
3427270
2942358
4984832
3994089
3383485
1956794
5321871
4884821
4034238
2076449
4807483
5104178
1352074
1627913
1459793
3728929
3881607
5851609
1309134
5782679
2712425
3539488
5370898
2555687
3034965
4066144
5591974
5198388
5299367
4171321
4312106
4912714
1589398
1994950
4695416
4407052
2767289
2117442
2654975
2199675
2566236
5533946
5152704
4212979
2948599
1526259
5940174
1398688
3929119
1998645
2144610
2081452
2968324
4377267
5487607
5311504
2977142
1202115
5948076
3341088
1778061
3658535
4545267
5380910
5837145
1725565
1924001
5128318
4566760
4092915
3463099
4790682
5321942
3495196
2752808
1599635
2318304
3560376
4132336
5299375
5484119
1748021
1746262
1696783
3431243
5548410
4020643
3532507
2356283
2334110
1630086
4900635
1693795
2971641
4766507
2994289
3610636
2286435
3805052
5159752
1436887
5930195
4923705
3121979
2701312
3842842
4020820
1053883
2294972
1698386
3963813
3377060
5111115
3561555
3577412
4095971
3066117
4470739
1151653
5988907
1813677
1867134
1444777
5940051
3740272
1453920
1523217
3657756
3821949
4901931
4844775
5613706
2278393
3432462
1054696
5763777
1875012
3541057
6024640
2679554
3634166
1804140
3723814
3747506
5172069
5715063
1349507
4789191
2246793
3301483
4938973
5922602
1732351
5897864
4265931
2992755
1306245
3357631
3287210
2829194
5933385
4474906
3362564
2343174
5877716
3383280
1751302
2698902
4471922
3911302
2055208
1370632
2917571
3111176
5286669
5625925
1916098
4310542
5569683
5991918
1217934
5229743
5200351
4277622
5872225
2459406
3431545
3899139
5244020
2392517
1837988
1679008
1155726
3020142
1442759
1365219
4934573
4027815
3936484
4410825
1104196
3886285
1796551
5846542
4976337
1603863
1735787
1550762
2067280
4427300
3327173
3486832
5381983
2504464
1784131
4993991
3421821
4503737
2784800
4256290
4349012
3401838
1075385
5100035
4506330
3793580
4748145
5727860
3431051
5506062
3753648
4906360
1724701
2573529
2310436
4251857
2345308
2847839
1954295
5107102
5140017
2976691
1607598
3584380
2900114
5405283
3735953
2466221
3702435
4036697
4366385
5709702
1681779
5876592
5104020
5296562
4852700
4379988
5542436
5238305
2444109
4299745
1857662
2113739
4974598
5940027
1232223
3319925
2591891
5259809
1817117
3169053
4221318
2346772
4753211
5685493
1599725
3457339
3740466
4197568
2564201
5608505
2406050
4191966
1707406
1804447
3252832
1040028
2538098
3783886
3492106
1496106
4535907
5222388
2233717
2967147
2063722
2845402
2205703
5103772
5767888
4921326
4798333
4115848
3155305
3011011
4874731
4512962
4517999
5820651
1207409
1377838
4016721
3263309
2719819
2650414
5585498
4254133
1826716
2205440
4280339
1187147
4924398
3993348
1811954
5182207
5342574
1081777
4929743
3617854
2615062
1858479
4148520
1227863
3115736
3915991
3677221
3709780
5649534
2844377
2858772
3647994
4883570
5786692
4034819
4217614
2232296
2092477
2499650
4064567
5982476
3878041
1394952
3178432
3441036
3262996
5210364
2675687
4296476
4017613
3832334
5683656
4018501
3501556
5556762
5923941
3362979
5307619
3323828
3535548
4859197
3896659
3491374
1875538
2371114
1187939
2660787
1673419
1686874
4084339
4305418
3265949
2273408
2309444
3530351
1213991
5529932
4019316
5441360
3968501
1166468
6013989
4067744
4267355
3815024
2686617
1910001
4753943
2426236
5874211
1586552
3912346
1319685
1269747
5985718
2029792
3635416
1829890
1534247
4849455
5474948
4877022
1045458
3697938
2365185
2546162
5377059
2382448
3338163
3613177
5017629
5444384
4095636
2992377
4967681
1556192
4183995
5211370
1892936
1231291
2542404
4692207
5002433
2348416
5811498
1460421
1427376
2811239
3287758
5914966
2942410
1666647
3879441
1131275
5143780
5943849
2091975
5770254
1445831
4522452
2863264
5034445
3875239
2246953
3454786
5890599
4075123
5805837
2829182
4395322
1848032
5294761
5706495
5808442
1223304
1298018
4792674
1910550
5714133
5279513
5078393
2283182
2542564
1758639
3210556
2827744
1131470
4047625
4219309
4335144
3152883
1121867
2421057
5772208
5603132
1166966
5096694
1506625
4792337
4498486
2486019
1162465
3315811
3477111
1409732
3403213
3333486
2694341
3953941
1422093
4966575
2959562
2550771
1870153
4217729
2394766
3394552
5098517
4836214
2330502
1687319
1151749
1892358
2433307
2267956
1745128
2991142
4628061
3991113
4854835
4759118
5276965
2166232
1464630
4780434
3557647
3102201
1959781
3482577
4335251
1750046
2620113
5814759
2277819
4783417
3756295
3296815
5299332
2833752
2222812
5462828
1557005
4680673
2775977
4185050
3679999
3273139
1029322
3954298
2322576
2968907
4520042
5019704
4135740
4928486
5366015
2496213
2748576
3167491
1995726
5984779
1040153
5769954
1151264
2931294
4388747
5821963
5181587
1555074
4162783
1497593
2237508
2813085
4388839
5427754
5732006
1445077
1721640
2331573
3699218
5384097
2345883
5167443
3135831
5861699
4571921
4302421
5992898
2064967
2662976
2456178
4339366
2795484
4326161
1573579
3899845
5617597
1571299
4382475
3023401
3612546
3782009
4059466
2101685
1857445
3184202
2992869
4805255
1768743
5084928
2007596
3683544
2256121
4851820
1508889
4963876
5610936
2901318
3729154
4818745
1302613
4380217
3138578
2766241
5945261
3472337
2674530
1909333
2996153
2170601
2633096
4857673
5422301
5994839
5048748
3695451
5453311
3011675
5933826
3914270
4609080
5048822
5451718
1715348
2557014
2325346
5000161
4175850
3969947
3721288
2825015
4686115
1610453
5871419
4622371
4948175
2613329
2402167
1419232
1662029
5837202
5604430
5431893
5975604
3948189
3172361
5051037
1233835
2058945
4391453
1448483
4811152
1637853
4178407
1021526
2786628
3545440
4772800
4268283
1113310
4475838
5446089
4198602
5922623
1525372
1183893
1036791
4464454
2435019
2407891
5608663
5819209
1861294
4636778
3017540
3320905
5712495
4452268
3291496
1891093
3965152
3233357
2003707
4995365
2140002
5227307
4010281
1779999
3353685
4404490
5523741
5198810
3083303
1466715
3924451
4072248
5717664
3221052
5761621
5203557
2511629
3448743
4299617
1622836
4796244
5547388
3348619
1016446
4150483
3913038
4222849
5557203
2751638
1144923
3895526
5751574
5163080
5577215
2736951
4309487
2436058
4860475
4599881
1706002
4997640
2370755
5544268
3051571
3342735
1625778
3689862
2882014
5759546
5791061
1405705
4863805
5580975
4868149
5901401
2995638
2130744
1956532
1972482
1608049
1861144
1692451
2455295
4648008
1472506
4106329
5977824
1752240
3021554
1077886
3235587
3987393
3572425
3735157
5449144
5954745
3642082
1344276
1738406
3776054
4155663
3507124
4096366
3056241
3454705
2155164
5246326
5393015
3334730
1581477
4963529
5160570
1080712
3028331
5471398
4399713
4491605
5283621
4486143
5372287
4768692
5948104
3564366
2954086
4548329
3303631
3618841
4380819
2509862
3084495
1705997
5603942
4888082
5688782
1495267
3684588
2341525
3290044
5942836
5401924
3781476
3166276
5049303
3294503
1190137
3000007
4593042
1445954
2180327
3000076
4929542
1408077
1751861
4530842
5591472
3764152
1559399
4346508
1626248
5597850
3849870
1370359
1764716
3361301
3134542
4233003
2771189
4961123
5921159
4545652
3064311
4517163
4783378
5393784
2223834
3835475
1660466
2033265
3454461
5054327
1737489
3872475
2965199
3000648
1621503
1292668
3661973
2657586
5958418
1201326
3904189
4965981
5409743
5932768
4017416
3688046
1817301
2334064
1390211
5551054
1199362
1083605
5014063
3951880
1993688
2595913
2635353
3820995
2251346
2262564
3027190
3070230
1319148
3493016
4346028
4448172
1090818
3734648
3697497
6012293
3436905
1602079
3265468
3182812
1167237
5112367
1627999
1456694
4093084
3369047
4857967
1998166
3397396
4015888
3997107
2286239
1885936
4634195
5268633
1302009
5824609
1886199
1986283
1942884
2534094
2026465
4877832
5052081
4131133
4825354
5515463
2144013
4666098
4832967
2923768
5077150
5822451
1672780
2961402
2510827
4089567
3176839
5279317
2142905
1964259
4872197
5863028
3806382
4432962
5746527
1343895
4132191
4172117
5390152
5509140
3133797
2619235
1233559
5256295
4648292
4755070
5194965
2354681
2981975
3937882
5323631
3889527
6015920
1051396
5999943
5630028
5533823
2837333
1707964
1778902
5776751
3361818
3622939
3369237
2315709
5456674
5330444
4526438
2225765
3749121
5129909
3883540
3377504
2537337
4897971
4847338
4996787
4903318
3633695
2179869
4625421
2906753
1697233
5744951
2418204
2978108
1967034
5793674
4577331
2016812
3794985
5486823
2344203
5729845
1592749
3469984
2278903
3527141
2067586
1531069
5896920
1804970
4879433
2312959
4618016
1841698
4924225
5577796
5829068
2170305
2721879
1921346
5609865
3128884
3099352
1436571
2571157
4043508
2451042
3611669
2721946
5521092
3660343
2328490
5581695
1300229
2637812
5390806
3225111
3517974
2658804
2767083
1293929
3537632
1208263
1583108
2539996
5127064
4120508
1021794
2954397
2086308
5077364
2500898
2646070
3357963
3525344
5373172
2934275
2372463
3108543
1709663
2784732
2400118
5392661
2149997
5257255
5830410
1255819
2822928
3966383
4672711
3519849
5560929
3446400
4208626
1185864
4483884
1118373
1085281
4574092
3852017
1746777
3305423
5538745
3150909
5232801
4305280
2459254
4611379
4640959
4988957
1933649
3286016
3200448
2060660
2437909
3620630
3908336
4375882
4159125
4757667
1936964
4089857
5172656
5057934
4344484
4041398
5882278
4452489
1013891
5519121
3050622
2542496
4125020
3318807
4384773
2888169
3810552
2649738
4004458
3414770
4222963
2254789
1706820
4397009
5098458
1599872
3791456
2878328
2673896
5894305
2134425
5488094
3052422
2989723
3557590
3259472
4352046
3553068
3061210
1668993
4080161
4966271
5575693
4114508
1884428
5452691
3857938
5676031
4806825
4720698
2544386
1486897
5520808
5361443
4117653
5645182
3616558
3157181
4830656
1442843
2470718
1867560
4681098
4902731
4283758
1968705
1836720
5429726
1674717
2919430
4914567
2528424
4311271
2493117
4711778
2114042
4277738
4999804
5432489
5829294
1660304
3264025
3756958
3313030
3208297
3644319
5261234
4661736
4334837
2476553
3255447
5957590
2767416
2114916
4062928
3582526
1274740
1488690
1666156
3240407
2022797
5777453
4318803
1964197
1720387
3761382
2009893
1905155
3325229
3581106
5688532
5557726
4386614
5745689
5480726
2319605
5937570
4533143
2950396
5057640
4345171
5697116
4117300
4592070
4656158
5517412
5119817
4438492
2312655
2345315
3624933
5897718
5515183
5925647
1369961
1514551
1722943
5524899
4219668
5450156
1587184
2540338
1781999
2366459
1730563
3098457
4689859
5561306
5228506
3247753
2973095
4726801
2751531
3113910
4483708
4952247
1467645
3636255
5772729
5309781
2339143
3490882
3129683
5633011
2041889
4728780
1572576
4394249
4161647
3291878
1834446
2701364
4644850
4238050
1220565
2202565
5524283
4195227
1435349
5100776
1983894
5040500
1151599
5266419
5418950
4840720
5444302
5714719
4188215
5169984
1158392
3453596
4096514
4106557
2914944
3285837
4333861
5477745
2242289
2946907
2761462
2376944
5668009
1828820
5255729
1183076
3756615
4855881
3381624
5087738
4388257
2338472
4307830
3558377
5560058
3145382
3720749
1877931
1249650
3308395
3751863
5950218
3070282
5838861
3142988
5905521
4021705
3002381
1564177
5976702
3303873
5964459
3933501
4319865
2477146
3332679
4366858
4818625
3025479
1339638
5989985
3547850
5417191
1828057
2198770
5080054
3813721
2885974
4319720
3425365
1483942
2850952
4396907
1244744
2556151
2475690
4295047
2378517
3504287
5895449
5288711
5342765
5182405
4755369
3454944
5161209
4138548
5005541
3887845
3763982
5425615
3192187
3291797
3096392
5051555
2844607
1794966
3180443
3716535
1050165
2690135
4805719
1815045
4352337
5540439
3829883
4733424
2367410
3709672
4552392
3351892
3530330
1256950
5308403
3830672
2067748
2860974
3778971
5378943
5094664
1147764
4962031
2807148
3614843
2513974
4903224
2779372
2150065
4431363
5525246
4527728
1379846
2638032
2070924
1216009
2642501
5226141
1337854
3149144
1927765
2735533
2291200
3770757
5182970
1738648
5149327
2363381
5143566
4800935
5146944
3064963
2948773
2722423
3715552
5237991
5506442
1717681
4651430
3831700
4519088
3555302
5936229
2508642
5590948
2095663
2501913
2086044
5792049
2799172
4716295
4403394
4769845
3933618
1056084
4510292
3180222
5942308
1338795
1222161
1760547
2308622
1551037
4996165
5324194
5003372
4553786
2648285
4833571
1673730
3142745
5626975
2339347
2825399
3575954
3830034
5146548
2517161
4839735
1227048
3541381
5596186
5286486
1345201
5619356
2451115
4336630
4776791
5932972
4446739
5774456
3958536
2573242
5379344
2374008
5623028
5510236
4839876
2214636
4194142
5706468
1435883
2554775
1832575
4806340
1103853
5373816
1494717
1406981
4820290
4035880
2285662
4127957
2817294
4958952
3466938
2613255
3674776
1377799
4133635
2044990
3251640
2584641
2898698
4428994
1102950
3461318
5428987
2653060
5376791
5099836
4063433
5921943
5102240
1122012
5120989
3858848
2653468
3150189
3341338
1283553
4108028
1698440
1429684
4133327
1318414
3228266
1979158
1097630
2992108
4627911
4907139
2880314
1883855
2602387
3084908
4928962
1902747
1904792
3106302
5280616
1603769
4235932
5707808
2333149
1738683
4482697
5712217
2814541
4353605
1535686
2854022
4359376
4679229
4960063
5282106
1565880
1317720
5278594
5851185
3002483
3579011
2911123
4107295
5412368
4895051
1605253
1545655
3433295
3232868
4413973
3542860
3027346
5533271
1863851
2250587
1038078
2405739
5531980
5543083
2876804
2952387
5366367
1520492
2126511
1325409
2675067
1079765
3385361
4830159
4308370
1432022
1110558
2035996
5176878
2236503
5376457
2253685
2472758
1837719
5741664
5569893
3645666
3274627
5909390
3341696
2852009
3476891
2477990
2773284
2198938
5761898
5183064
1595704
3232708
3882410
4858170
3625565
1529236
5168798
3817926
5622264
1566825
1986595
2051863
3679425
5273640
5620042
2571929
1109554
3300015
5995020
2536493
3459046
4012955
1853702
3823912
4334698
4134730
2640306
6013762
3019412
1979898
5610612
3703707
2962463
6019771
3979589
2412088
3084192
2599118
4700889
1527846
3115025
3189595
1178126
5861819
2528554
3782320
1061711
1141591
4947433
3844577
3954954
4466536
5939323
1413929
4846392
5251359
1390540
3519593
4326125
5650264
4072719
4775194
4756169
3885128
5526464
4930926
5093624
1748490
2297385
2840960
5569170
1675244
3508060
1825452
4395975
4248063
2660927
5220006
3607697
3510212
3493230
3764720
5221784
5156823
2384892
1237044
2910104
3911767
3175989
4535640
5542621
4829697
2629647
1894942
1609776
3946136
2803292
3955936
3392696
5678850
4012446
5398238
3315234
5290411
1479696
3141574
2527521
1425362
1885193
5424974
5519423
2051908
3475962
4470103
3066015
5923351
2244010
4920895
1656253
1091546
3583278
2706037
4317288
2129471
4304276
1636543
4557230
5859675
5291442
2600105
3015688
2168423
4613061
2361751
5533501
5848662
4084226
5432268
2336332
5197659
2634398
3444716
1371531
5319738
4957906
5814720
5100473
2265906
3147802
1156366
5607997
1538509
2014567
4343958
4904677
3058653
5237969
3979849
2459384
5436094
4357816
4729481
4613619
5784749
5911214
1644544
1941746
5754825
3919060
2956757
5572803
5738963
3186039
5727824
4688982
2901899
1753339
1981227
5423899
4304464
5949136
2070837
3470085
3451811
4575784
1148246
3622449
4386546
3024520
2157587
2053905
1855678
1109704
2551668
5653335
2278868
3966616
4907908
1294259
5079019
4229115
2418262
2696514
4478607
3644770
1814473
5780852
1230867
4972349
2114306
4094595
2116642
5632307
5455746
5306751
3292960
1454410
4159138
4347718
3726964
4571642
5306039
4268035
2399652
5720186
5104882
4569079
1496371
3577811
5506673
4193660
4170654
3050228
1588132
4784966
2476386
1034075
1864645
1351757
3721757
4763520
1387951
1135310
5465185
5721153
1599610
1603699
3999727
5858847
4551380
1804635
1780718
4992713
2979843
1665987
5127815
1019541
4687247
5281794
4875113
3224739
3385325
4178558
3185285
1625746
1796421
1025421
5302898
5764547
2385426
3774887
2347670
5081129
2858388
3595401
5654596
2657017
4074034
5501951
1795745
3913115
4372864
3810008
1115415
3567934
3234117
4514995
5010926
5287206
5731518
1730491
2681643
1403745
4384662
3176085
2826483
4035120
4800021
1831787
5729994
5361959
2864116
5866107
5877051
3380198
3437319
2631265
2080907
4816011
2106486
1621376
1040287
3443465
1159524
2873061
4935872
1761242
2379013
3470176
3171845
1735114
3793286
2525286
1979871
4793435
3660571
1177420
4127365
4733101
4056730
1097489
4868755
3080342
5719231
1560393
5925243
3087900
5141200
1119467
2720866
5443082
3281297
2011516
5081701
1362899
1908503
1930903
4829998
5266987
1039125
2936283
4148194
2988329
4211698
2303096
5035138
2622655
1481374
2844711
3069876
5639035
4480208
3610573
2705785
1324647
3314947
1431372
3376574
2427119
1476844
5801482
5073408
4660382
2867005
4129600
4239874
3450287
2197373
4442784
1299736
4639142
5027810
2235605
5878365
1414463
1220543
1963691
2401953
3542168
4905705
5437412
1895548
5723017
2336250
4032321
1599543
2042335
4459177
5203353
2395552
2281549
5662943
1433410
4582779
3380557
4599457
1977088
4791154
3393998
2520236
2443234
5183679
2759392
2821449
4142541
3609089
1792571
5981658
3339598
3722173
4441760
1233000
4417891
5144403
5457958
3385567
4620458
2278727
4200425
2855129
3490830
4212017
5710561
5242295
2739399
4248624
2605428
5653216
3387327
5082524
5855884
2154083
2378928
4949601
5688653
5384541
2809820
5564639
1150765
2201796
4563605
5302847
4993935
4927718
3031065
1379676
2888135
3114099
5755904
2086904
5197189
3160640
4483868
3623156
2926074
3003746
5490735
5998161
5538272
4974736
2397655
5905855
5740077
1585685
1302644
4214177
3851829
5954719
1624835
2233349
4328208
1104291
2973961
2939513
1352607
5137215
1192455
4123994
2572737
4564893
5505023
3099718
1603722
3915428
3876424
4764033
2922260
1676746
2383009
4097909
5609555
3095207
1753314
4523104
1967007
2096479
3561284
3962702
3314203
1960735
3879547
4042220
2396639
2835400
1520368
3401439
3597835
1334400
5212907
2799148
5476461
5141261
2626139
2293269
5766531
4386497
1800805
3609280
3477816
4720885
5420577
1593170
2627458
2664501
4137660
5327163
4765794
1044888
2597036
1754952
4294932
4301759
4877362
4561616
3761080
5785399
4543356
5326370
1190331
4809413
3208950
2856382
3297009
5926363
1137675
5708078
5821467
3766513
4121793
2398354
3734137
1971444
3663655
2564979
1608117
2812470
5515802
5044880
2542388
6017698
3668945
5307404
4455148
2027688
3873290
5194482
3602169
4985744
4677587
4942555
4195002
3303348
1286088
1492515
3016346
5474853
5252155
2570034
2601384
4529067
2713940
3256275
5426475
2086394
5509539
2761149
4497587
3390074
3694908
5763458
4055808
2910076
5489069
4427954
1798157
5980676
1253873
1664444
3121681
2103974
4859922
4734466
2520198
5956207
4787510
3314477
2633456
5578281
3155479
3837418
4133168
3804600
5458758
2965900
3507259
2787155
3764583
2010143
3815710
5543256
5323616
2562761
1524720
2350403
3092858
5073906
3750201
2506333
4250952
4776217
2852143
2642946
5297739
2364728
4266828
3762095
5940740
4465294
5917448
3002084
3321918
2599316
4251604
4882587
2420082
5688148
4017632
2551640
5147617
4881207
1563843
5687048
1680434
6007033
3093552
3148791
4685929
3097935
5177730
5405867
3603848
3416981
2207759
1636001
1305920
1336160
5584758
1816464
3555758
3271610
1542468
5696049
2502222
1077345
1934484
2852982
5977486
2134240
2268349
2966666
2878208
2134387
5654876
5332570
3249241
3318060
2984315
2429946
1710034
1382731
1875401
5276988
3483033
1982366
5118662
4116258
3065481
5047161
1030785
2442146
5136573
3461297
1967492
5046904
1216703
5885979
4099572
2538135
1642616
2381610
1767211
1267612
5149577
3459689
2036496
5891576
4484855
4156036
5102843
3366137
3170462
3801580
3884621
1161489
5125462
4350975
5026544
4384356
1361005
2527459
4366186
5272700
3664997
2202195
5056484
5701442
3007748
3417881
5637634
3444605
4753707
3557142
3927563
2441473
5173239
2174463
5828423
1169491
1847483
5823358
2125900
5376359
3159374
3177415
5724059
5034641
5330309
1107653
2247125
2575815
2183728
1969201
4710437
3504007
1136059
6000180
4699463
1351288
5168354
3241784
3748554
5280640
1093296
2372567
5259351
2450654
5621048
1303886
4714422
1528015
3330644
2528460
1993215
4236372
1379093
1458020
3228363
3926351
1665434
1943170
1479124
3824066
1407982
1788236
5351149
1125051
1354242
5166989
4478280
1929051
4700357
4718808
5558216
3438811
4768925
3057863
2961097
4401899
4171652
2337207
5890264
5181175
3379889
5296667
2193244
1125399
5939007
1634880
1080839
5099382
4546484
2304626
1627181
2334178
1299533
2308588
3827826
5209129
2737458
4999829
5281567
2395972
1461123
2298296
3325882
3170505
2874808
4306699
5714642
5601338
3470145
4899017
5894982
5358987
3401406
2897709
1848075
5074460
5546155
4346090
1655843
5776670
5749743
5659458
1963245
5752473
2089747
5249312
2985755
2756677
4159612
5056097
4717304
1052012
5339004
5543562
5349559
2600689
1609211
2639169
4845281
5467446
1110155
4391017
5936777
2531106
4949048
3697113
1423085
3232407
3246421
3586944
4032365
3228621
1253945
5702063
5668518
5470957
2782763
3628305
2905507
5114208
4060293
3972194
4471580
2882727
3441927
5815401
3882193
4237440
1715657
1510119
3293939
5557912
1980239
5991245
4989615
2468230
5549557
1227484
5300874
4498953
5129221
1815019
1718936
2303509
1544661
1837370
3090145
4594750
4253376
2404975
3588241
4844492
3757656
4099216
4070004
2001108
4432252
3167633
5506583
4779206
1384614
1677750
1209169
3113991
5918001
1611495
3697158
5765256
4999784
5583740
2777805
2412879
5691379
4464332
3004694
3741947
2178369
1157487
3140295
1694316
3891052
5277583
4600736
2712649
1527244
4701970
1016862
2439152
5445327
5065745
5024712
5836875
3149230
1109741
3697460
5469548
4568908
2584751
5608547
3043116
4945670
2912460
4282782
1496754
4615160
3992263
3677332
3723268
5940265
1068317
4686108
5314528
1474663
1669596
3005098
5744060
5478480
2216017
5701583
2451201
4995663
2909074
4414901
5355335
3710274
3280150
4394409
1823089
5308469
5266389
1719370
1102164
1684778
4094600
4820774
1532616
3466546
1523150
2305362
5829606
2874792
3734081
3020647
3646679
1684386
4079522
4718110
2311145
1647323
1092678
5180015
2991784
3441735
2626256
4531789
1538888
5567055
1795540
2178999
5315376
1755823
3259352
1393571
5667393
5602048
5198017
3266790
1320025
5114864
4533754
3029823
4259694
5335063
3705152
3130516
4835298
5890014
1969512
3171242
5704102
1771050
5727761
4789355
3043281
5780819
1227371
2536705
3952372
3123977
2921589
2395487
2961949
5015669
3984153
5223771
2585239
2792099
3872296
4872205
1003278
4370998
3219107
2643450
4628042
5218070
4050465
5678572
5106983
4263136
2907660
3901072
3232580
1529318
2227343
4020925
4639686
1868185
3914990
2110174
4892499
4210727
1698699
5683906
2345351
4792272
2163332
2248365
2887880
5400043
4358601
4087456
2744493
1548533
5367872
2028157
5128776
4126476
3710570
4450734
1415288
5224845
4609420
3594216
1890622
5969214
5211341
2695170
3608070
5333345
3332500
3398721
5433979
1266263
5484651
1269630
3549653
4812331
4304860
2787727
1886381
2253148
3228328
2014006
1402818
5918394
4291588
1988964
1944189
4565941
4048191
2926755
5519658
5886966
2650726
2237515
4301053
3076024
5104934
4640185
5778837
3906425
3153154
4062750
5376225
4111695
3333635
3166420
3393912
5773710
3967908
1266848
2719529
5244684
3012766
3334452
3342504
1628780
4465522
5188573
2761232
3089525
5849549
2667508
3458605
4051622
2159616
3244585
5149678
5240010
4233211
4928789
4666122
2650090
1571547
2043074
3268758
2629818
5711879
5662642
5296778
4685405
3496855
3554329
5162808
5555265
5096128
2481358
2269432
2186602
5608089
4248414
5344903
3555933
4876627
5933579
5851732
3457429
4108395
3395319
1039142
1664561
3374688
2191594
2870939
5400212
4386352
4949036
3286483
5399095
2793237
2325913
3387725
2729456
5423171
4370210
1034592
5997634
3549481
2938076
5962222
2935930
1022973
5920106
6004539
5430763
3194205
1133988
3940081
2387042
4623546
3885682
3724930
1510888
5240674
5122947
5341943
1664882
4710213
5187295
5086633
3597783
3843708
2535307
2034235
3619674
5909639
4445958
4270341
2395581
4342887
5992989
5707561
3236630
5076616
2862697
3767902
3037214
4870061
2731888
4040709
2416378
5750913
5446984
4382657
5522529
1823940
1967414
2157376
3482486
3008740
5507719
5884514
4346357
4315162
4235720
5860201
4325259
1175088
2934108
1955253
2936875
3143082
3468134
2634242
2988362
2866468
5898883
5941101
3283315
5467214
1077483
3218772
4845918
2963683
3144118
1208075
3673251
4728222
5792094
4449450
2278823
4088799
1728479
5378035
2929503
2309458
5497222
2795150
2682195
3263695
2839269
3252790
3501229
2181213
1043364
2399916
5564925
1869374
5165292
2504228
1918978
4255421
1820689
1200434
5629756
4042670
1600624
4877248
2601683
4826623
1308151
1233496
5105823
5366142
1127775
4481231
3449883
1521420
4210969
6001268
1800688
4601386
1848252
1753404
2058098
1037976
5449704
1071189
4214114
3829622
1675619
3241528
5611692
2228757
4563435
2602216
4512290
5499061
1871622
3833440
5723115
3663235
5202534
4408694
5849185
5627198
1592342
3765623
1930172
3103387
2873000
3230429
1920847
2064839
5289548
3382128
2878483
4828389
5942168
4211049
4583385
5713770
3717443
3222583
3613468
1434566
1968231
2193130
3656723
1200247
4315323
3355772
4352661
2905082
1730344
1124935
3911063
3540545
1127170
4034371
2184411
4536205
4041585
1661861
1511792
2558364
5380393
2796211
5192468
2263268
2682897
5216938
1741607
2528677
5391808
3128300
5094422
5514928
4195497
2487864
3002917
5241210
1913965
2958704
5072552
1927945
5258882
5940997
4811474
4672607
2849922
1355776
3995504
1074238
4711242
2606117
4333660
3478644
2952888
3328948
1636539
4946206
2842433
2133072
5866932
5386368
1702401
3699154
4831141
4507829
3952098
1880274
4644509
1260204
4119409
4459416
4549620
1376363
2266648
4391182
3792713
3760287
1667195
3860181
1603746
4355245
3521046
1399072
1967076
2889970
4934648
4540084
3930158
3619283
2124375
2559023
1886956
5517996
4365807
5839317
4228369
1247823
4436579
5725452
4385804
4216118
1133595
4336967
5847072
4573565
4487589
2241111
4138555
1477335
1351344
1234355
5753671
2419330
4395134
1155045
2132199
3975385
2315496
2819348
3313837
1110481
1016313
3773538
4310397
1597899
2281912
6020638
2160651
3513295
3545537
2395841
2222569
4691643
1507786
1989264
3834694
3325695
5238440
3104722
1137371
5135943
4788032
3457453
3531854
1206893
5133322
4021303
5711903
3081740
1785173
5195045
4569704
2072514
3371441
1725953
1405839
3870644
2254687
4642345
3343282
1200043
5359566
5208604
5414447
4931169
2325926
1073913
5185423
5898420
3870150
1247393
2419756
5574274
4764602
2489928
3806687
3225954
2382917
5922777
3637694
3434495
2510538
5360752
1702631
3684058
4898202
4240117
2396762
5705061
3749881
5781579
5577606
1167657
2233700
4124119
5935509
5934847
1146638
3716249
2930313
4501766
5557838
4812726
5471256
2317640
5719354
5229348
2642954
2388066
2615786
1761364
6002636
5816868
2778678
5958709
4988690
2830809
3222597
2030511
3445729
5734435
2736371
2202447
3559850
2947371
5966667
2596631
2189254
1901838
3210873
1629580
1394253
2925996
3245689
5382339
1704868
3113043
1796045
1815153
1786915
1283305
4676076
1113037
5261774
2551623
5501402
1323732
5809115
2223908
4380312
2761089
5103377
4065332
4414489
3064777
2960173
3999205
2593516
5026476
3285030
5843385
4860499
4528047
4652110
2331331
3173893
1793627
1386413
5902054
4314752
5066655
4259216
2434832
3450162
5623758
2222251
3963482
5608418
2419123
2168658
1851561
4181573
5008636
2377858
5263949
1639053
1236841
1048581
2161500
5049651
5664889
2199312
2916513
5541330
6007191
1796063
4312468
1410778
2060052
2495592
4768266
1370613
2295334
1141938
3815431
3560956
1433948
3410464
4084061
5036215
3872413
1241480
3103865
4900219
4048623
1656593
5007190
4263730
2809424
2997621
5277018
4542235
2930288
5537792
3309599
4489853
3079446
5547995
2534779
3230755
1212477
5496363
3834268
3465243
1683163
1503311
4478931
4359871
4121774
3652913
3335125
4728384
2364337
5286700
4812701
2145388
1663226
1971146
2119558
1185917
5947913
1576475
3001157
4223883
2127370
3184630
4161552
5266715
1172583
3301409
3836445
2532109
1910420
3668169
4412961
4475246
1994171
2167233
1387852
5075843
5613963
3517942
4167796
4132963
3699631
1365970
3778799
5574667
4802462
1230120
5108833
2846211
4242654
3310814
3954946
4871791
5051053
3754795
2488678
2875092
4765338
1202957
4796089
4677578
3338509
1165182
5346328
2883450
4079665
5522011
3296253
2842738
3770841
1407312
4445865
1161627
2765145
3915575
3259606
3495530
3522765
3103524
1843524
3512619
4497057
3186946
3805683
2094725
3601584
2924515
5622006
2777650
2485337
4779686
5330135
3517989
3731928
1597950
4732658
4823329
6006398
2928097
1003959
2086506
1321333
2430919
3320269
4301999
3857023
3139601
4184253
5450214
3043080
2190255
3833791
5929244
2353360
5426383
3962870
4337523
2032120
5582763
2316596
5542132
3645821
1161694
4174294
2654627
2745928
4314362
5051202
1742367
1665816
3147259
3943828
4123055
3549452
2135589
5642672
1376101
5825543
4700856
1588974
3853134
5934925
3583660
2272326
1764862
2045043
4153816
1985072
4256603
3324798
3092341
4131341
2361773
5262621
1741061
3438412
2065178
4536868
1120754
4275831
2987191
1345559
5454923
3271883
4593388
3522500
4087673
5855544
3802398
3507317
3977472
1269511
2312384
2211679
4763149
2204377
6022913
3237719
4885324
3169223
1043994
2956534
5535350
2053278
3123078
2231078
3717582
1390734
2704375
5025241
4863704
1802648
3492570
2832841
3167581
5971947
1185925
3045214
3770545
3165406
1291776
3596233
1153180
2751255
5182157
1747060
1913494
1893164
3649838
4838753
2824197
2349363
2220052
4737534
2096881
4788001
2992127
1390728
3722887
1111723
2458205
2659482
3032048
4673391
5955744
5730321
5835192
1736087
2243016
4132919
1173496
5874415
4500684
3303679
5643205
3004062
3467045
4032520
4818159
2996856
5754508
3902544
1824714
3054591
2022074
4709939
3611308
2621391
4865019
5507617
5897833
3390564
4309189
1746934
3234288
2921432
5851780
2153572
2244329
2645448
5074993
5672525
4585474
1051693
1044673
3501311
1267804
2504157
5248938
2137130
2603470
3363493
4150770
5631412
5093331
5406582
5624698
5376735
3557731
3492703
5092868
4807770
3490538
3581735
2287929
2633216
4584961
3739175
5761227
1969115
1859820
5250108
1086810
5340225
3428494
5654416
5575337
3237054
2045155
1205159
2828070
4178969
1338698
3603622
1620731
3961314
2426211
5047030
4478244
3686293
1562803
5839637
5434360
2243898
3350101
5273204
1016997
1209777
1318323
4299801
2646764
1635701
2555195
2663941
3679346
3247132
5984757
1919726
3924022
1161417
4558498
1663663
3448952
4950441
5891288
4240066
4068257
1524651
2278374
5914746
2867241
5987674
3194065
3733664
1432159
1995775
4637593
4115761
4896639
4243499
4595481
3948082
5988110
4744580
3381081
4318797
4841372
5282274
4716901
1839044
4748771
5310803
5800585
3770375
1624878
3191054
4851741
3121783
2973796
5281021
1663470
3335784
4622915
4013858
5534464
5118325
4362351
4830451
5333208
4649943
2874432
5669158
2701562
3046614
3292446
1298216
2981958
2602712
3445692
3417060
3494523
1714152
1371858
2295497
2402639
5524054
5564079
2840955
1694007
4330995
5424334
2338095
2540751
2592576
5310226
5184130
3166099
1913112
2690360
4568504
3307268
4527939
3123914
2138446
2790870
1083581
3260478
3064103
1482431
2875300
1155609
4282155
5442914
4975710
4591254
5617786
2819467
3703318
4430740
3758695
5097502
1847729
1523908
5406889
4813513
3003484
5998380
2619609
4355099
4113239
5757816
5366545
4789229
2845188
5900369
1025210
2639296
5528115
5532492
4894356
2265531
1729606
5965470
3218810
3227459
4181799
2756796
3218869
4017828
2452605
3814038
3818701
1835770
4641970
1514515
3005788
2426965
3824288
1291112
4041570
1676863
1900022
4919709
2040656
2075048
1864365
4845219
5361090
2632280
1209894
2951905
5547017
3723892
2566516
2368681
5916701
5591665
2470989
5438961
1178871
3602593
6019284
4845459
2017450
2139584
1950254
1917293
2695287
2851490
4792595
3789649
4148038
2936186
4455604
1984760
5089982
1539533
6020921
1847376
5814400
1084450
2938744
2208905
2887159
5546298
4384670
4114947
4565013
5779494
1220789
2022314
1403164
5018139
1326967
2944718
1171655
2965665
3141919
2600283
4446059
4163913
5940161
1258421
4500815
5706457
4647902
1629197
1777909
3636164
1924588
1345130
2218261
5587361
5850451
2406247
1374749
5690408
1879494
3089743
3685485
2042322
2173742
3636473
2789737
1575119
2184084
5544944
1980332
1430821
4537995
2761350
2869214
1885469
3959314
4241132
2733212
2264293
1905317
4933768
1704823
5240776
4075521
4691483
4334454
2417209
2219993
1361110
3628746
2064223
4584448
5362489
5336471
1598907
3129488
5303908
4945039
1975592
1383482
1732102
3627575
2685225
4858090
1334583
2497922
5944968
1122187
4487146
5029875
4466417
4450813
4871951
4177479
2110659
2676061
5591535
4578295
5679470
3157865
1305874
4534231
2451923
1734462
5744398
4197858
1919368
4613496
1617087
4687124
4303021
4592627
4163630
2819154
4606615
1647465
5825521
3137433
4005264
1654859
1180533
3008292
4099053
3726379
1252962
5614267
1240489
3461617
2921851
1974196
3942578
1002532
1317216
1859805
4214200
4932035
1537331
2751297
2923410
3478951
5106528
1842628
3977390
3743173
1764545
1757904
3484878
4010700
3244852
1754714
4559602
1574057
2653398
1879078
2664604
2854600
3197758
1969275
3973018
1447646
5899815
4587644
1933511
4139995
2066476
3384383
1085067
4589920
2118648
5791108
2493534
4932656
3521147
1446870
1685010
3700742
1402454
2095902
3238059
3797324
2111847
6022649
2114887
1481868
3458082
3874670
1504056
4898759
1540383
2870638
1585840
2683012
2666126
3808000
6022888
2198249
3854973
1920199
4928067
3413844
4618688
5464832
4559064
4323869
5435124
3141976
1822062
3916519
1011861
2050130
2671020
1026610
4142386
4623961
4094046
5931441
5403119
4589551
4642409
2053028
4684660
1489509
3567602
1341926
2611201
2920489
5878736
2590157
3331693
4717921
4100633
5476786
5913176
1007236
2999750
5736346
4513296
3563039
5208393
4267397
4026139
4314260
3433747
1376614
5870792
1682634
4957362
2025875
2592909
1391920
2070161
5794079
1108055
3995949
5659963
4189819
5429964
5473726
5802873
4126922
4846891
5497235
3784329
3666630
2368755
1958367
4777064
1719584
4918085
5897266
2843538
2741603
3395057
2907034
5689594
3280431
3333860
5372118
2952062
2162069
5935694
4051290
4510841
2602096
5552309
4090934
4004309
5005484
1242781
5233301
5991308
4672822
3361380
1426959
1495213
3977956
2098584
2867064
4661108
4277539
2457828
4464082
3732362
5531712
5461006
3098675
2026291
1699334
4536840
2455759
4278334
3616490
5276451
4709337
1338633
5277354
1627335
1208447
5845771
4596446
2971831
2245357
4890680
4094516
5271847
1949464
2834546
1876501
3367084
2940131
2118368
1921572
3950312
2705180
4157178
4395163
1589632
1161257
3160262
3216464
3453009
4882606
3218365
5346621
4029491
3492083
5251333
4417619
4067549
1342842
5029858
1847741
5557933
1494646
1986035
2589957
4813445
2837083
5760757
2588572
4214658
2184938
3707787
2056456
3773679
4148061
5473081
2254872
1330549
4729014
3239013
5931652
3914204
5905725
3826682
2311583
5835778
3422530
2842996
2459624
4312791
1862521
2268207
3549463
3859907
3666944
5953436
3511784
4435675
4733546
2861627
2638514
1115939
3166464
4916606
1156245
3679651
4723721
5413197
4381318
5615828
3367522
3979808
1369175
2151671
5035612
3150435
1791117
5154821
4270950
4975834
4687567
4031403
5789441
4975055
1263249
4115811
5382377
1389655
3176560
2910549
5867091
1970821
5039377
4240491
2413323
2879479
5805528
2165539
2101481
5297229
2446460
3460982
5700938
5625974
5792671
4244267
5843516
2091493
4056407
5507112
4165579
2680156
2210839
3681223
3435625
3384538
3942812
2111345
1092471
1166915
4756631
1962253
2845658
4708784
5360540
5472300
1442786
1115120
3948410
5467288
2264644
1509954
3054040
1397725
1350641
5094723
4066871
2713783
2968296
5621416
5068756
3076699
1728769
3272643
4274397
1488854
3454865
2738283
5833169
2770136
5186211
2347987
5564796
1593697
2804302
1534840
4770729
1066270
2600054
5008118
4091935
1099434
3154505
2162318
3110409
4008230
5760239
1094000
2291863
2495032
4743486
3611044
1848855
3809560
2394259
1299869
4427604
5162679
3599159
1089483
3378782
1906955
5967873
2358609
2083522
5985167
5893649
5177006
1282898
3218388
1547936
5927395
3489685
4097757
5951088
1575764
1120333
4510948
1566170
2283902
1729411
5968719
3187520
4028105
1373471
5525986
5651399
4014762
2779253
1549268
1315097
1194649
2099955
4594990
3334685
4426485
4122805
4106745
1553685
5128297
3883494
4537810
2426540
3401203
1269764
2501231
1095242
3635667
2231813
3858394
5655362
2036571
2131228
4053807
5723810
3701916
2444987
4293863
4648446
4147563
2486874
3154835
2960061
5316417
1581323
4359199
4896307
5548239
1603626
1959832
5487931
4910048
1573482
1158520
3761918
3512151
4187860
3105329
4374560
2484009
3202697
5948323
4442841
4317051
2672858
1089753
4133962
2228924
4154067
4503455
3416372
5465034
3866244
1547837
1772177
1204097
5050785
2069674
2667573
5274437
2640711
1093990
3663278
5210828
5041298
2913828
2427354
2217271
4318979
4871769
1085168
3312899
1874694
5222350
2024834
5987198
5990421
4093095
2561101
4365613
4913506
2304011
3966743
4959543
4689554
4736308
5796593
2810513
3585411
1107247
5451319
2959537
2436918
5458196
4865170
5581187
3241142
1505680
5158563
2502421
5692649
2252034
3024115
4567816
4364878
4656282
1419213
4282300
2379486
1864306
1909072
1975058
5301811
2442792
3097233
1963001
2878886
4599333
4132894
2245331
2969539
2435838
1669644
1648892
5746842
4955925
2366669
5412406
3422959
3317641
2837320
5750999
5474519
3950791
3552024
4574264
1241285
2360204
3356529
5447840
2376536
2623172
5410390
1552045
1438371
3247770
5935369
1956445
3513630
4669905
3664030
5670667
1646587
5146096
3672048
5253291
1293123
2533609
5284988
1740102
3339846
2689077
4480938
4303629
5237730
4863158
1555957
1042497
5644789
4760600
1514368
5906089
4613093
5632961
4800043
3491463
3994108
4735323
4027976
1826862
2225952
1950414
5617145
4322070
1006733
2458476
5790691
1002298
1907550
5471504
4524528
4816347
5365802
5054742
1565209
1931779
2830543
5796309
3196126
3161356
4620721
4641669
3026502
4917905
2274328
5296930
5504698
5637151
5718149
2138243
4287752
5859011
5420953
1506482
2437647
4404782
3695674
5984960
2528974
3132391
3392653
2797346
3042480
4869944
3953405
4495078
3530543
2195205
2498440
5013829
4855312
3487053
5038202
3984357
2919921
5304387
4551301
5963604
1907276
2604169
5951286
5791652
1260668
2543786
1097975
2033853
2464542
4255609
2327479
3981169
5301904
1153665
5770291
1681563
2947667
3343040
1755452
1880011
4256897
4731419
2670346
2345179
1893035
5095230
1635758
5487923
5764226
1783727
3490695
3616183
4471393
5489362
5190574
1239386
6002045
1377450
3499627
2939946
3271263
4955643
2506819
5873938
5404675
4001582
2190502
5754861
2828877
3302883
3251270
1251522
4115116
2204797
5704588
1029107
4249088
1186474
1161284
6003205
1965161
4127869
2865115
5708370
1499671
5904414
1678943
3597520
3395886
4146872
3082089
2761314
1387320
3449459
2657736
2354652
5130205
2903058
2827129
2866982
4324721
4185361
5864301
2602843
3429221
1146661
1228599
5226697
4529514
2712524
4820836
3319273
3628347
2733727
5604844
4457058
2940252
5592514
2603056
5381049
2419276
3182925
2523056
4137034
5316456
1621704
5260594
3507653
3139562
1463529
4162244
5144545
2126720
5621274
5883389
3667415
2668279
2283916
3811023
5778301
5559056
3764442
2881613
3807804
5136672
4605606
5799998
1770122
3617201
1426838
5720502
1267909
1370710
4630208
4726415
3000439
5171739
3673057
2231385
4797544
2580359
6003604
5865031
3560522
5205843
3434150
2695235
2632760
1227553
1753201
1024745
5643567
3618288
2136604
3212735
5772282
3537114
5719806
5110001
2498807
1340741
5430337
2099784
2706572
2068100
2335794
5731852
1650962
5798749
1810020
5705755
2485950
3166123
3465702
3581585
1536031
4328974
2242680
1911564
4160794
3112034
4222851
2679381
3214133
2206625
5581154
3671532
1177622
3162585
3847574
3602500
1637051
2224216
1129244
3339130
5253780
5800908
5071441
4085484
1571760
2156799
5483570
3543397
1801597
5228700
5947509
5768959
1227845
1450453
3777096
5941251
3746491
1750728
3439098
1615606
1603828
2305502
3591577
5210055
2780190
4348394
5129008
5366491
3339854
2815719
3433786
5887525
4867862
2253043
2737695
5614995
4544577
3537710
3839516
4651272
3567593
5961303
1973435
2986386
1684949
3464197
3933361
2762647
2659977
2790094
3215379
2257934
4946960
2118713
5912343
5040668
1469054
5059326
1622550
5261872
4034139
3321099
1815648
1297856
5347971
4513467
1031223
1298651
5771140
2828029
3952020
5356187
3797336
6021624
3036577
5489826
4684893
4905400
2676201
4723919
1365622
5464255
3904507
5981982
3877323
4467921
2899010
5743649
5719980
5875019
1220793
3787214
3708445
3608583
5194159
1002407
2674316
1794225
5932620
3553569
1766369
3712262
4094988
4355836
4278606
1472610
5052090
1557458
5749907
6004140
5945431
1416989
2364745
4036566
5962287
2618317
1460291
2859555
5092220
5701814
2410299
4413632
4162690
2556299
1117785
4950093
3189408
2245210
2891985
2860227
1680831
4832369
1351265
2804800
1351870
5107855
3548384
1757315
4806384
3091262
2410350
1738905
1578708
1664525
2591429
5529231
2930435
2273260
5630316
1109352
2746212
1480623
4502585
1971064
5329197
1403255
4313180
1724076
5875905
5545981
5713101
4521484
2471354
1891995
3444581
4128924
1123929
3425404
2992130
1019386
5762622
1423720
5520237
5111607
2673633
3981830
5095251
4015202
3294282
5987745
1244959
4118468
3125712
1796573
5175382
2657923
3184018
1334202
5861289
4938177
5391574
4032173
2996045
2489556
5469145
2196313
1962432
3826798
3069746
2513569
4128784
3382771
2819777
4878135
5366292
3892888
4455567
1617318
2522615
1130996
4781804
5740419
4348610
2627309
4746942
2474565
2713130
4071976
3365584
4285820
4989720
3401609
1900642
1781216
2117536
3348453
5856853
4550172
1679094
3940905
2431544
5105374
5816088
2828733
2604866
1770372
1531858
3978394
1977148
1558010
2802813
1971538
1477913
1314586
5342059
2521331
1646002
4338401
5864239
5268100
3342596
1789454
1771233
1883207
2165717
1906909
3744928
3030830
1915901
3740502
5751952
3508927
4404361
3477197
3800976
1440198
5052203
2674648
3369146
1510747
3723335
4315713
2129207
1555149
5437459
4062262
4894802
5958533
1525413
2717067
2098516
1202343
5196565
1695486
3433461
1494811
4667106
1695761
1505722
1337645
3597505
4633567
4211870
2907395
1434515
3108577
2287717
5887047
4313587
1689976
5718709
5608000
5867022
4629107
2686329
3787853
1425370
2996838
2619465
3152099
4533261
2806711
2206186
1737733
1326536
5293685
4715023
3767923
5270292
4756894
1006764
4246211
4648313
3504573
4871495
3673282
1315060
2803659
1150059
2048251
4336378
4414456
2205667
2083084
5913814
3133108
5637797
5999010
5169299
2068051
2615958
3607063
4983614
1332101
3885474
1529209
5144243
2733428
3635217
3655220
4340954
5833218
4695293
5951946
4693218
3391699
1196481
2067923
2699877
1355396
3231083
3643858
5320948
2937257
4166141
3576027
1245123
4940867
3722619
5927090
1692087
2732701
3368836
1520912
5223649
2376608
5191233
2735887
4067697
5408622
1438890
3044325
2564115
1162912
1851191
4550604
1303546
2767011
2929833
4957297
4432140
2089279
3481677
2485939
2417734
1162028
5995866
1126741
2088607
3890120
2957824
5003851
2000234
3535163
4204137
2341110
5895297
5533879
2909404
5418914
5699312
4203221
2136840
1961790
2542453
3716864
2289289
2021862
5682896
4155042
3900878
5510211
1635515
1671335
3067521
5289145
2095056
1289171
3141355
4934129
3801653
3388016
5851713
3183613
2055273
1102914
2069091
4182806
4869560
5999950
4270557
1184422
3860062
4363830
1334310
4249325
4661512
2072904
1334572
5432322
5603068
1316087
5835570
4635267
5373463
3318518
3890105
2811948
4844235
1152966
5456531
5952596
3093292
2997591
1792149
1524733
1035634
1926347
1163233
4659470
2639401
1790393
2766907
5228366
1366533
2704250
4406101
5034160
4386762
2116430
1169454
2789040
5381174
1237717
4215198
4337449
2796430
4113221
5840276
4228346
2937615
5742957
5603621
5884405
5338533
5431488
5931835
2962300
3643977
1868254
4752818
1296871
1542863
2171781
4593559
1601717
1162701
1945614
4285569
3590549
3377754
1261708
4036254
5479669
3194286
5827286
5682983
2527263
4713655
5595994
4089831
5364005
4635931
1807135
1479065
1191032
2099491
3587078
5924802
2108339
3573760
4221449
3161629
5969647
5853571
5719926
5120328
4587667
2061351
4208150
3921205
5876179
2324294
4516965
5388717
3057626
1209525
2563963
3203629
3206364
2562373
5177567
4159313
2973546
4678349
2616695
5305919
1149670
2215447
2479399
2322008
5850003
1199010
3202838
3786245
5950253
1968673
3265626
2836467
4955796
5671638
4439599
2565468
3858953
3198850
2196804
5830049
1998564
2912390
1446768
2599450
5412170
2306861
2369839
3439849
2518244
4766885
1315735
2239108
2295266
3194978
5199967
1707683
5225523
2288448
2954777
1678617
5589294
5500772
3770534
1607755
4256459
2043916
3347344
2781285
3423452
4091212
4832442
3170343
5207735
3921954
4058066
4005532
4186924
3245988
4433467
4887267
5942327
5931339
1230473
1203839
3498628
1786658
1498625
3406403
3454555
1863695
5807406
5407472
4809372
2918702
3630250
2315760
2389776
5380868
1136963
5038524
4116496
1656383
2039023
3107956
4438028
1481637
3311103
2007876
5419189
2496042
5876168
1507041
4360380
2894666
4342931
4380402
5353689
4710074
4674834
2623445
3680249
5531284
4601398
4164613
1297395
4750044
4804495
3497161
5985411
2378706
3416952
2909377
3259833
1913745
4187588
1366772
2876740
1588023
5256163
4089910
2821568
3750496
3632382
2716410
1541361
5471722
4555531
2407995
4989888
3293353
3055850
3697095
1868063
2769655
3415786
1123330
4349064
1135493
2462231
5337528
5845572
4461699
3291182
4599504
4805248
1360053
4624209
5616054
5325242
4235839
5871773
3082299
4428982
2055569
2986585
5218572
1241262
1512408
5531694
3134098
1832884
5192143
4603443
4566690
4318547
2354115
2545430
3009159
2457537
3703813
4403904
5295940
1334555
5357440
3039649
2304667
1427621
4588816
2340119
2191269
2816566
2570007
5154279
2466924
4341008
2482676
4720960
1673641
2223769
4737664
2872107
3449382
1439938
1134230
4246781
4729685
3041595
2285172
1794585
5416048
3111303
4786129
3112856
1400099
5371474
2875685
5761859
1203461
2784609
1041918
5481263
2464475
5659976
1245809
5751777
2155992
3856933
1499288
1899986
2727239
2521959
3726196
4778164
2480567
3520256
1502774
3373899
4449019
5183500
1303307
1961728
5987236
2849604
3632789
1519266
4351047
3281078
5465406
1711953
4807002
1121965
5328998
3868009
1621483
3875779
5215620
3613504
2911420
5731632
1827970
5821020
3666493
2886128
1762696
1106074
1990827
2743613
3216996
4664095
3259199
4201684
4545025
2802965
5181729
4028943
1241777
2324989
5217076
5018667
5313081
5846945
3524445
2878864
3974242
5098952
3832770
2871492
2839767
5510105
2843499
5075181
1099109
1702827
4002944
4840096
3957971
1630110
1424596
3985550
2131962
4614413
4438732
5323623
2935177
4269358
2749781
4017333
3958555
3764128
2050564
5326415
4745784
2850815
3244495
4898555
3662434
4232399
2256114
1557976
3949035
5470652
1291790
3702239
3949353
1063054
3228158
5211661
5003187
4881904
2024504
5480379
2410835
4601845
4208320
4233415
2782595
2987827
5346132
1368680
2082333
1419339
1357057
1315710
4762901
2058640
5866888
2085893
4213733
4843841
3116261
3676351
5132736
3947846
2972416
1014866
5272883
4413787
2783581
4849023
4668463
5564688
4383234
4741341
2047539
2780107
2193365
3106530
1871521
2311673
3935306
2502998
3492626
3923436
1665696
4115953
1026717
2283891
2076939
1524555
3171973
1831982
1768005
1752438
1754135
2610184
3934327
2604372
3153178
3400297
1361475
2530093
2501442
1290188
4403420
1596425
3999879
1246151
5448312
1589807
3733301
4510723
4865964
3797355
3732147
4791432
4705849
4881001
3735691
4768167
5660202
5063190
5755811
2019437
4402788
5898678
2229638
1750451
5226492
1998598
5263048
1913693
5170425
4460547
5087464
1965446
4077077
1532270
4138190
1231697
1167253
3911210
1679399
3205404
2056666
4152912
2501096
5863551
2627952
4286018
1039936
1409076
3170017
2914926
1441340
4006288
3564904
5614619
5341147
2123683
2292419
5752329
5919122
3901828
4738226
1947568
3006978
5358014
3597365
1637804
5150129
4633727
4659201
5160217
1595956
4890347
5066912
2965230
2757340
5919538
1542177
4226578
4650055
2761984
4076496
5730984
4586324
4301630
2913951
4524344
1890349
2937107
1393869
1159733
1972186
3131302
3572524
1164184
1255011
1744016
4229299
2420117
3193717
3876319
1931507
5439150
3429581
3814755
5094375
3134830
4164457
4751314
4903112
1969462
1723590
2868693
4817808
3481424
4917007
3207882
2173603
2378253
2960690
1109424
1572698
3230232
2631528
5682563
1216807
3339000
4654715
1907588
1071049
3984800
2154009
3956785
5352015
2543134
2847720
2478600
5399266
3161831
1852763
3986151
3404894
5382365
1980015
4586383
4290162
5765537
5683198
5051597
4442358
2158420
4644720
2028168
3677563
4537258
3774232
1283890
1966497
2552661
5341813
3115520
2954135
5570220
3405021
3796320
5856960
3461482
5209287
2560723
4016952
1723841
1378231
4227465
6013591
1487723
2865690
4250517
3127667
3898424
3472977
4502359
1376938
5473508
5148928
3788000
5198280
4881394
3979064
2319862
3985970
2440289
2658239
1961977
1990355
3152904
1550319
4366466
3900564
5056601
4032931
5235669
1006456
2682471
5583344
3858498
2820845
2754286
5257600
5219388
3842998
5392502
4793399
1778797
1359426
4219574
4476872
1229316
1341163
1987771
1456764
2999894
1748220
1602016
5109359
3223520
1335616
4141544
3453791
4201270
2474985
4937978
3296191
2114194
5407643
1796624
4104559
2421871
5080813
1946524
4815130
5593432
1561422
1769281
1517782
3891421
2759940
4808953
1839245
3382216
1309572
3484418
1261205
4921563
5759805
2165179
2878974
3150659
2531359
3782177
1238535
5904672
3123707
2494019
2245492
2675179
2108979
2442122
2857367
3370506
1095710
1775825
4337010
1975327
4985340
3980240
4760396
1401485
4004684
1537998
4397188
5860968
2014879
5410753
4584215
3136422
2625437
2447254
3286215
2288266
1678531
5645226
1654925
5034532
4060504
1773729
1508825
3841705
1147901
4715606
3407811
2069557
1375960
4563027
4168420
4860640
2734245
3708111
1048702
4318984
3830799
5190154
4114395
3113857
5837489
3510205
1122721
1375779
4167249
2565484
2318899
4370379
1432693
4965360
1986466
3814957
1785089
4257924
2598006
4258244
2544312
5834690
2457468
5394034
4159265
2691794
1469003
3005071
4636787
1185158
1588956
1944545
5456078
4198657
2862153
4837550
4578163
4381914
1758974
1165441
5258679
1720053
1002109
4923888
5667954
1548462
4646802
3682406
1394146
5720642
4928883
5482587
2738133
3046101
5012385
3536616
1804327
1500702
4708469
1752369
2383537
1534751
5384495
3469321
2228936
3739381
2839893
4385581
4290406
3947267
1103138
5400342
4117544
3294650
3131045
1226602
3726889
3413164
4343223
5428773
4065870
4005969
4688423
1106559
5372196
4046322
3409585
5427060
1975067
5607779
3054859
1248658
3707778
5247789
1613971
4963994
5944835
5760633
5091722
4389321
5182742
3687952
3147006
4322053
2316881
5566827
4222191
2755082
4827908
5681267
3610905
2055266
4091782
3721983
3167552
1705896
4013054
4858697
4755163
2507830
4962352
1146473
1104141
2363938
5435361
4664363
2736402
2234434
2360919
3552364
3076359
3712882
3474697
1537414
3514055
4771279
5132854
5354266
2126279
1408751
5333180
2401116
3712990
5403041
2459076
3661930
3775632
2753281
3986042
4302162
2121036
6010743
3273347
4344468
5689316
3611330
3695752
5846640
4690664
3343319
5320911
5720159
3668146
1669238
5843260
4630113
5906803
5517941
2059459
3764268
3129842
5412515
4951225
4027191
4469687
4385250
3492890
4638832
1359218
3419947
1332591
1996836
4415122
2328065
4952575
2824463
2141387
5971986
5077055
4354660
4593267
5717367
5321805
4350391
5468835
5747812
3010586
3212553
5521991
5491965
1348260
4788811
2815867
1895806
2029311
2627815
4852985
4256447
2038570
5631550
1804013
3282739
1323920
3050592
1510806
4256941
5815480
3191531
2404029
3941687
3025876
2522511
1470380
1880710
1790637
5433108
1772828
1516797
4167307
3515906
3336448
2286193
4392292
6023663
5216084
2488373
1604999
2935537
2882338
4807762
5646036
2753263
3331977
1902417
5078197
5133369
2478728
2919370
3165726
1338716
5936589
4564414
3415284
4025869
1426861
5590698
3206261
1613636
2120690
2648721
3900505
3897669
1437567
5494476
5498085
4175134
3133564
4706954
5718127
5158545
3904948
3413003
2279379
4164293
5355524
3133392
3635440
1072803
4646077
1237486
4139350
1584444
4670434
3339017
1903916
4981708
1801240
5001175
3371418
4066113
2005438
3906806
5171467
1164789
3821982
3301864
1989991
4525334
3977497
1880876
2960485
2987122
3672165
4572894
1547581
3903443
4805010
5102268
2890104
5293629
4212485
4944827
5363267
5595613
3166058
4064715
1750318
1341651
3051690
3464879
2454282
3538259
5833792
4158950
5285196
3298407
3329540
3143399
3451157
3064324
4152323
4682867
2907933
3399550
3012831
3993064
3210542
4444273
2780673
5137040
1466259
2206502
1357587
4945708
4659418
2981240
1054840
2894303
5859834
1027435
2904558
5227472
2767504
5119889
3583856
1183758
5845041
2158646
3633086
1279897
1227722
4959962
3950416
3351615
5808511
4249696
1934966
1594702
1733963
3849174
2832804
2958249
5614437
2906737
3025083
1821780
3043290
5298674
1720967
5214271
5818909
1796118
1915980
1155028
3913093
2813107
1698834
1279080
4389441
1251569
4898041
2945511
1715360
4488826
5405965
4159757
5975857
2734897
4436899
4241460
2228008
2949947
5439121
3324839
5555403
4921519
3679666
1735541
1447789
5352142
1064167
1808914
5099184
5661229
2846318
4315767
4310324
1042483
3695584
3983647
4743123
1286802
4491015
4773428
4427109
4210434
3324279
4803627
3121645
4643994
4587529
5047265
1448095
5808029
5901005
5059049
4362252
5272245
4275751
2322094
2479723
5582988
5326939
5304128
2721823
4520984
4846339
1810808
4218207
2697698
5581475
3676937
5731613
4394101
4327929
4128367
1169403
5731585
1513740
4879738
3599540
5043956
5078922
5732910
3431671
5754210
5499485
4787390
4576460
2749516
5937658
1166200
2159808
3853041
1150556
2450848
4676090
3602355
2356248
1506826
3700506
5254507
2399887
4322400
4433059
2991659
1591036
4392804
3842331
4507841
2955233
4351679
5929339
3265703
2920152
3572461
2242177
3192169
1797737
5819707
4158362
3359454
2702501
5855782
2986024
4731532
5136861
5343067
4414651
4622165
3847426
2571013
1680922
4343335
3709713
1518644
4824591
5611101
4419728
4917414
3720006
5889174
5774759
3684654
1824122
2008782
2408581
5423523
5899178
2588322
3564506
4012027
5672480
2453451
3074929
2089850
3291984
4969656
5547676
4962569
3612411
2727936
1855836
1902821
4737870
2126268
3889964
5542031
1026836
2502357
1807517
3847336
1200696
1701763
2263295
3199377
4649147
3327017
3189790
3426585
2142129
1158652
4408223
5358419
4767013
4739216
1280672
4916328
2344799
3259729
1479629
3898989
2276668
4818734
2527026
4760719
3689723
1353555
4656002
5773217
2931002
4701717
2936297
3024339
4777808
3750628
5188019
2776549
1369424
3236231
1891017
3670336
5294123
4575214
4158046
5161844
2927773
4964085
1699847
1228641
4614981
3455086
2900200
3198152
4110303
5581348
3872919
2217857
3677243
4353612
1585857
3116371
4761278
1877797
5892437
5116668
5586000
5464693
2061669
2394039
1642169
4084797
1238199
4608348
5755157
1862184
4203620
3290075
3733896
5131862
4820577
3956917
1979989
2326765
3200833
4216104
5324000
5115190
4957255
4107932
5680654
4718849
5137770
5990799
4547005
4964438
3348441
5944564
1535250
5972839
5354448
4551659
5037170
3980474
4876821
5705453
3561303
4059801
5556510
3142801
4644597
4546150
5239079
2378336
2033082
3895751
4245386
3823508
1991773
5190679
5320292
3786412
2559167
5285081
5327442
1293622
2079696
1350445
2991545
3903697
3754552
1879858
1260851
1611143
4047171
3364072
2649464
3037911
2048249
1930526
4542450
5401784
1372241
4844842
4111714
5596105
4561602
3891594
5397513
5641666
3063437
2091733
3654324
4725537
1349731
5374067
4145732
2439980
4946647
1076683
3797296
3198975
2072263
4018895
2197327
2915538
5127668
3172050
1129940
4457013
3308998
3103901
3573093
1406739
4572426
5123325
5719018
3941700
3233856
3930319
3923016
6017125
1896981
3092069
3234534
4983833
4879228
5380428
2720750
2628451
1268056
4921403
3495421
1073489
1487446
3838403
2586785
2299276
3845038
5145376
4369969
5898382
2607184
4397658
1170341
4486570
4328762
4353795
5061375
5603376
2830234
2481332
3918411
5930234
5923700
1035783
2827465
1380635
5362223
1372574
3535400
4383351
5327926
4754363
3930704
4419341
4241665
5144960
1757373
1870246
3046621
3024151
4258564
1099233
2490786
3299129
1386706
2460385
4801590
3015084
5020964
1949140
3314838
1681380
4218140
3744047
2971136
1994939
2372708
6009375
4027336
4872653
3179075
1157478
3122491
3491481
2170908
5096295
1858468
2483980
3843567
4071241
4293192
1429187
1744833
3636198
2153712
5439667
3513216
1905751
5497515
5318631
1823634
3623716
4410530
1740836
5206204
1090716
2847764
5530535
3687499
1172720
3426055
5814524
2415319
5091908
1688635
5081203
2237582
2071180
5956738
5258990
2424000
4861300
1186865
3352551
2655695
1287038
4433706
6023736
4986610
3841053
2468805
4517759
2226172
1391799
1938872
2090101
1667245
1668898
3968212
5711857
1528612
1929100
3349967
1000748
2771960
1672492
3981122
4029757
1147944
3733487
2232262
4772414
4314763
2360432
3749667
5195287
4633197
4369155
1951953
1366074
1848646
5455596
4461242
5070486
2602673
5944299
3972299
5399460
5814279
5166692
6004592
3827531
1820164
3818090
2017732
6006658
3939250
5368510
1536729
2649742
5928608
3104876
2093155
2825454
5756878
3619977
4567946
5587637
1651232
1897238
1656191
1699040
5492873
1384917
2594273
4963440
4407660
1630467
1450628
4391350
4505203
2751600
4773109
1449386
3637134
4642002
1417357
1161733
5805313
2692632
4035906
5605081
5532780
2862421
2794365
3865588
5790872
4517391
5376416
1773833
4089903
5287768
2001258
3593504
3730037
2262377
4634327
1425661
5079799
5635191
3942974
4781545
2129588
4812076
2767024
2556571
4710724
1497517
3120588
2485087
4472596
1740824
4668298
2295040
4908361
2119148
1660557
3671802
5896269
1906446
5886242
5075999
4316080
3648021
2525766
5485012
3649137
4521735
5877221
2442640
5420099
2421886
2197635
4226363
2334963
1811857
1081792
5609843
2276103
2468785
2535363
1596733
2793623
1446193
1007988
3954039
4601791
3527090
3276575
1168707
5174660
1124857
5669993
2427163
4002958
4081665
5736555
5337422
3486502
5618465
1180182
2236282
3903998
2134865
2751992
5849964
5989929
5265668
2392499
2145089
4704932
1754866
3798858
4973517
2820973
5572772
1151782
4007824
1371353
1986801
2272552
1122426
2246774
1060195
3085826
4950878
3297876
5367131
5702856
2563561
3364261
4420926
2542995
4319850
2607001
2027132
4303954
1666716
2083864
4726988
5830552
2843324
4435072
3115418
4591508
5771471
2437671
2267917
5085604
5344782
4402640
1008695
5288628
1062909
5860108
4360581
2989174
2199305
2955766
1939426
1141606
3499303
1461405
2579415
5807800
4666866
5586173
3248872
4457471
5787889
1166703
3558166
3936529
2935150
2276444
1947642
1107831
4429363
3073172
2604765
4372424
4040151
2634930
4988056
1405583
3031205
4477399
5591084
1534868
2288328
1779705
5453866
2692312
3352196
1973313
1573832
4552923
4450430
5474375
1833222
5174384
1414696
5565524
3098881
3499041
2659939
5617913
4975060
4936061
4126428
2845585
3406082
4228666
4093704
1284279
3701339
2685722
1509490
3900520
1113786
5699863
3752160
5436292
4172030
1364034
5269625
3838332
2219319
5003432
1920294
5194689
5723931
5696581
4642023
2872128
1900832
5629836
5604689
2755972
4401451
1845734
1430733
5451158
2170009
1087111
1547174
4982787
2425699
2224892
5705984
2122050
1907168
5569701
5586226
2792588
5164715
2625571
4129625
2574666
5859680
1574805
5238097
5671914
2721481
3736846
2579482
3164813
3002016
4421851
3522894
4700316
2787526
1827420
3870703
3188664
3803974
4374877
5829812
1424200
5392844
1547723
4574111
2003763
3086726
3732087
3365579
4340782
5649142
5425597
5297640
5445394
3039572
5266526
1586955
2811757
5416626
4736486
4191293
5906418
1058615
5974122
4821891
5828305
3773873
1804464
1055250
3675357
2725697
5992704
1261727
2914310
4371577
1714354
2925646
4779380
4703177
2733325
1905434
5571156
5830288
1873114
4081864
2687999
4461055
5327461
1050890
1437954
4062237
3849027
1092565
4058576
2799445
3168760
2490733
4938364
1460780
5106841
1900568
5349314
3597462
2903742
4246914
4473424
5868934
2265867
5121705
3166245
3041069
5633289
1469120
3537083
4673926
5826429
5596211
2668295
1932760
3163864
4649105
1086213
2325128
2377790
5728569
1525830
3767869
5010322
2587566
5498456
3133365
2811049
3987946
4559963
2836808
5959597
3097014
1210132
3454037
3165609
5772741
2598476
5342432
4972207
2498225
1706294
3101326
3507342
2298253
2394501
2482056
5289839
5021725
3540784
4664424
2110723
4186534
3937324
2369877
3261363
4143266
2616071
4546553
3248382
3252939
4224111
5740715
4479442
3887778
3255669
4499309
2675315
1110476
5141845
2950159
3790132
1182109
2252278
5254478
3130133
2667246
5010295
5608736
2848817
5642269
5475847
5181770
5539862
3432025
4005148
1118717
4412381
5608803
3049736
5740935
3453457
3019738
2394317
4518246
3423857
2450252
2047351
3694320
4193549
3472776
6001062
3397003
5178238
5793579
1463596
5780881
5662318
2612239
3965944
2325190
4127025
2318133
5370483
5554685
1091167
2416511
4193302
3405501
1847095
4624451
1938514
1562760
2004483
2873496
4663568
1837880
4998035
1607350
1131755
1251334
4565937
5397766
3928093
3293159
1075617
1661235
2230710
4073051
5217235
5461823
1268505
3577539
3467104
5349149
3986388
1013377
1224144
2045969
5903422
1279610
3003703
3511051
4125873
2345654
5965201
2323719
3777627
2771948
2088533
3547694
1057701
2925738
1795236
5751561
3071536
2835461
5272860
3848790
5001770
4164320
4567685
2875160
4207879
5049608
4819051
5513267
3770015
1772644
1569500
4881669
2593078
3356585
2556226
4542340
1858675
5987899
3662389
2923723
1262150
1771727
3359189
5778534
2328991
1427938
4114302
5028818
4821093
2350972
1758898
5201149
2054189
1214550
4466216
2567999
4177845
5328081
2800152
3011927
5568014
5146615
1177860
3988060
2686112
2478120
5159790
2696013
2251759
2368634
4386227
5163405
3920458
4753939
2507714
2214368
2348982
1020135
2334229
1613477
4454934
2244482
3297261
5878232
4690552
4798787
2386374
2648103
3884900
1457329
2515905
3614583
1311578
4226199
4312541
2898841
1698143
3932081
1837105
1328311
1946029
2547424
4795330
2430894
3857040
5237077
2995473
4728269
5715648
3234446
3009010
1478609
3781969
5930044
3439372
5863076
5064009
4492891
5415437
4603278
2608503
2746021
6011136
5270563
1123700
5632692
3729033
1919660
5862271
4567389
4601106
4323213
2633438
2253205
5819396
4975312
5149872
5765845
2918156
4749377
3480784
5897942
2959150
1235407
3436655
5687011
5939905
1696343
3012715
2699944
4666963
1878189
4560442
4632246
5178951
2400129
4774756
2000228
3645877
2801668
1979942
5481067
2722973
2373368
3279899
1793004
5746594
3579966
5739756
5632864
5159516
2998687
4037411
5982039
3227742
3202609
2147668
4217961
4062360
2213909
2109958
4476521
4797183
4883529
4976950
5640871
3418580
2017395
4829302
5072344
5179554
2373141
5012054
3174265
5334211
5180853
1337350
5452918
1414922
4741867
2275786
3500378
3348547
5262483
4669893
2511338
5265765
4960269
2802752
3919863
3651028
1126251
5518472
3832132
3552596
2471865
5201437
5560207
4530210
1440451
3874212
4376641
2843169
1337923
1621900
1755954
2525662
1106891
3346308
1826620
3640717
1476248
1902268
4537365
3685017
5287757
4717091
5070366
4504105
1571854
1957887
3712500
4046572
1096272
2791057
2440908
5713436
4365834
3108809
6004471
2746544
3057601
5504189
1732883
2544927
4761856
3556140
4968647
1649760
4727268
4288480
1655489
2219900
3909234
5582385
3938531
1376334
2759485
1365001
1512728
4041553
5733549
5072647
5525034
2979524
4462481
2973448
2928927
1349885
1655682
3592483
2251295
4519840
3729397
3020698
1061127
3893226
4917210
1395393
4873141
1858787
3010931
1247374
2961881
2654888
6016471
2320717
2615536
1950331
2722915
3724225
2281450
3618702
2009129
2972165
5867734
4502828
3785081
1742292
3304547
3679202
1702679
1614647
4880137
5309867
4469937
1138969
4422965
3325500
5184306
2521780
3391722
3506505
2760131
4905865
3814984
3938988
1913921
4048355
1663061
4063116
3110352
1301567
5852814
5211396
1800068
2296944
1989407
2550865
2801684
3482897
1172555
5367179
2891678
3776523
1831680
1567522
5846788
3745481
2489020
2526161
1401321
5910766
5948090
2573009
2536666
2624228
5533884
2895237
1860698
2161047
3745476
5394162
2254349
3801935
5993791
5787210
3347716
2969405
5544771
5075944
3670098
4670544
5950059
2215412
1308429
4776585
1012474
5874965
1277875
2106099
5563584
1088541
5388032
4562992
4040441
2862246
1924872
4295919
2043772
1420006
1995838
1736579
3006220
4982973
5316843
5175756
4096058
4274237
1423037
3212479
1082939
1773650
3994042
1836335
3657263
3528085
2292389
5142599
3229791
2877412
2328389
4298066
5288931
3822580
3278094
3391632
4292741
1388356
1655999
4271104
2592399
4835868
5722240
2378154
1972010
4600690
4533289
4206232
3980354
2585051
4019609
2557879
5840308
4981868
1920677
3698904
5486264
3750321
1315541
5213811
1718125
1198008
3315635
2143708
2453337
1446612
2163265
4997169
2827045
2560174
3928226
3433310
2002082
4003822
4909302
1451416
2046435
2634468
2064354
5718645
5359530
5366277
3013269
5061051
4651003
4096464
3324134
2202498
3205418
4592417
4780212
1152537
3878798
3705673
4294509
2246207
4890807
2735736
3227179
3696162
3881598
5758036
4227287
3991847
4758662
5500149
5127110
2526403
3430599
4665980
4841907
3452961
2385765
2144700
2523724
5278302
1981729
2799708
5895502
1663652
2855986
1184960
4844549
5377679
4923999
4954576
5062151
2618879
1281157
1637326
1883687
4874686
1962907
2196997
6020880
4170290
4607867
4203156
5088455
5313530
4202010
3514927
2395117
2205585
3411984
2228768
4915528
5141613
3338037
5572878
2359802
3610081
3090387
5174683
3784046
3009600
2748189
3199299
1911755
5841127
3531275
2373998
1932512
5881712
3013636
4901365
1215995
5416658
5310772
3174049
4282220
1787808
3210684
4491161
2234006
2802147
3403182
5574951
2351376
4121700
5161516
2416387
5351663
3820878
1051022
4650562
3697363
1408212
2240556
4118626
3307354
3097969
5917864
2515861
4104377
3037066
4849079
4777743
3381045
3045375
2112836
5702170
4310178
2059565
5990477
5571948
1449192
1486263
4500952
3491513
5483735
1779354
2731425
2871395
5914479
4640799
3626350
1116905
2182534
4239439
5064601
4206878
1916574
5255319
5644996
3910661
3628930
2144099
4342108
1445903
4403588
3700953
3038299
4597654
3008731
2310249
2501387
2967595
1120966
3724364
2798421
3347375
4802275
1616268
4005987
5488027
4839457
2753394
2398346
5705559
2298311
3563558
1379429
1092102
3691051
4669104
5602121
3809493
1326489
4056895
1797251
5155640
5589942
3093545
4323453
3146418
3075093
2731673
3552585
4695431
1551771
2511987
4118807
5440268
1005587
4898456
3979311
6008642
2289613
3950261
5200123
1360806
2881121
2577564
3365523
4134155
2155502
2112058
3559548
2484121
4096157
1476939
4976087
1034687
1072663
2872839
1236723
1931528
4513355
1304415
3538773
2960462
5859966
5923937
5823948
4694797
5575171
5227753
1356034
3356966
4340868
2026045
3630545
3414068
3552289
1404328
2016424
1838589
3564592
2159574
4775388
2066868
3507823
3375190
2469114
4219360
2945400
1768253
1581104
2861865
5486935
1896866
5890050
5085021
2783446
1723862
2762862
3769899
4469044
3271067
4786162
4626394
3063213
1667577
2100309
1186354
2857288
1224227
4131329
3127274
1465934
4709813
5564621
1651822
2059622
2647867
3236279
5457029
3549501
2726897
4598753
3830912
1374259
4110387
2612403
5862879
4137648
4821709
1831890
3998549
3453807
1479513
4520709
4588641
1440494
3907341
5338130
5471036
2817158
5716044
5528690
1741149
4475137
3608850
4135478
1762342
3049437
1775129
3677841
4331024
1752400
1057726
1922530
1789156
3150633
5885878
2363805
5516051
3277149
2246058
5989373
1689668
5235405
5966596
3331540
4036278
4183634
6017399
3253647
2922939
3576313
2353122
4545392
2750982
1975742
4589278
4979604
5829898
3791850
3916507
4017495
1108072
5142463
4924150
2157023
3761498
4345078
5680717
